circuit_id,min_bandwidth
0,5600
1,40000
2,50000
3,23000
4,5300
5,15000
6,17000
7,24000
8,14000
9,12000
10,13000
11,3000
12,12000
13,11000
14,42000
15,3100
16,33000
17,13000
18,11000
19,38000
20,9100
21,13000
22,67000
23,38000
24,1500
25,44000
26,6900
27,17000
28,32000
29,12000
30,4400
31,61000
32,6900
33,7300
34,69000
35,30000
36,9300
37,4600
38,23000
39,36000
40,14000
41,13000
42,7200
43,18000
44,13000
45,16000
46,31000
47,53000
48,160
49,12000
50,66000
51,22000
52,29000
53,34000
54,69000
55,14000
56,12000
57,13000
58,38000
59,13000
60,19000
61,14000
62,15000
63,42000
64,69000
65,35000
66,12000
67,51000
68,13000
69,40000
70,52000
71,43000
72,6200
73,12000
74,69000
75,24000
76,13000
77,12000
78,42000
79,52000
80,22000
81,38000
82,12000
83,7600
84,12000
85,23000
86,32000
87,12000
88,6400
89,12000
90,21000
91,20000
92,43000
93,12000
94,13000
95,66000
96,5500
97,20000
98,27000
99,52000
100,13000
101,5200
102,7400
103,6400
104,9500
105,14000
106,18000
107,12000
108,22000
109,23000
110,13000
111,69000
112,7300
113,19000
114,9300
115,19000
116,13000
117,14000
118,20000
119,50000
120,12000
121,15000
122,43000
123,12000
124,16000
125,12000
126,5800
127,42000
128,27000
129,13000
130,14000
131,31000
132,7800
133,12000
134,31000
135,37000
136,12000
137,1100
138,43000
139,5200
140,53000
141,13000
142,20000
143,12000
144,13000
145,13000
146,26000
147,7000
148,50000
149,13000
150,12000
151,28000
152,12000
153,11000
154,13000
155,64000
156,8300
157,26000
158,1700
159,21000
160,57000
161,69000
162,21000
163,46000
164,56000
165,6100
166,12000
167,12000
168,13000
169,31000
170,12000
171,13000
172,26000
173,12000
174,12000
175,12000
176,6100
177,41000
178,22000
179,14000
180,18000
181,12000
182,52000
183,59000
184,47000
185,4100
186,43000
187,31000
188,34000
189,13000
190,9300
191,13000
192,43000
193,26000
194,69000
195,18000
196,13000
197,9400
198,26000
199,8500
200,13000
201,48000
202,12000
203,2500
204,26000
205,69000
206,38000
207,15000
208,25000
209,12000
210,15000
211,7800
212,51000
213,45000
214,39000
215,12000
216,56000
217,24000
218,17000
219,13000
220,36000
221,43000
222,47000
223,12000
224,16000
225,57000
226,35000
227,32000
228,25000
229,3700
230,8300
231,13000
232,19000
233,33000
234,24000
235,13000
236,39000
237,34000
238,43000
239,12000
240,19000
241,40000
242,29000
243,13000
244,12000
245,50000
246,34000
247,44000
248,13000
249,11000
250,33000
251,6500
252,69000
253,41000
254,46000
255,13000
256,37000
257,12000
258,7400
259,13000
260,58000
261,12000
262,49000
263,27000
264,12000
265,12000
266,5800
267,25000
268,23000
269,9400
270,13000
271,5000
272,13000
273,27000
274,39000
275,38000
276,6100
277,40000
278,40000
279,21000
280,12000
281,18000
282,1700
283,13000
284,21000
285,36000
286,12000
287,4700
288,42000
289,54000
290,50000
291,18000
292,69000
293,42000
294,12000
295,23000
296,10000
297,12000
298,5800
299,56000
300,49000
301,10000
302,6900
303,13000
304,28000
305,31000
306,42000
307,32000
308,5300
309,13000
310,12000
311,21000
312,12000
313,37000
314,51000
315,42000
316,69000
317,11000
318,13000
319,13000
320,12000
321,17000
322,31000
323,12000
324,22000
325,17000
326,48000
327,23000
328,32000
329,27000
330,47000
331,64000
332,13000
333,13000
334,6500
335,13000
336,14000
337,27000
338,17000
339,37000
340,12000
341,3700
342,1100
343,30000
344,12000
345,39000
346,18000
347,17000
348,28000
349,13000
350,25000
351,12000
352,51000
353,19000
354,7800
355,13000
356,13000
357,12000
358,52000
359,16000
360,56000
361,44000
362,11000
363,4600
364,7100
365,20000
366,13000
367,38000
368,43000
369,29000
370,7600
371,12000
372,13000
373,18000
374,19000
375,24000
376,18000
377,12000
378,29000
379,7700
380,49000
381,8000
382,12000
383,13000
384,13000
385,69000
386,7700
387,23000
388,35000
389,6700
390,13000
391,9400
392,45000
393,52000
394,13000
395,34000
396,9000
397,35000
398,12000
399,28000
400,57000
401,12000
402,41000
403,29000
404,18000
405,39000
406,12000
407,12000
408,24000
409,11000
410,69000
411,35000
412,12000
413,43000
414,69000
415,47000
416,29000
417,50000
418,13000
419,43000
420,40000
421,13000
422,69000
423,44000
424,5100
425,40000
426,6400
427,24000
428,11000
429,61000
430,40000
431,6000
432,47000
433,19000
434,15000
435,16000
436,11000
437,69000
438,13000
439,5400
440,24000
441,12000
442,13000
443,44000
444,23000
445,28000
446,31000
447,8700
448,30000
449,12000
450,23000
451,19000
452,68000
453,69000
454,12000
455,8300
456,17000
457,22000
458,19000
459,20000
460,20000
461,38000
462,47000
463,27000
464,13000
465,12000
466,26000
467,13000
468,13000
469,58000
470,33000
471,5900
472,13000
473,46000
474,13000
475,41000
476,12000
477,12000
478,14000
479,12000
480,52000
481,12000
482,22000
483,12000
484,13000
485,17000
486,19000
487,29000
488,21000
489,27000
490,32000
491,36000
492,9500
493,21000
494,17000
495,12000
496,5500
497,24000
498,49000
499,22000
500,28000
501,44000
502,13000
503,43000
504,16000
505,35000
506,31000
507,5500
508,41000
509,59000
510,27000
511,27000
512,13000
513,69000
514,19000
515,29000
516,12000
517,50000
518,41000
519,42000
520,28000
521,12000
522,12000
523,4100
524,38000
525,52000
526,35000
527,13000
528,57000
529,13000
530,13000
531,5100
532,41000
533,15000
534,29000
535,12000
536,29000
537,11000
538,22000
539,61000
540,35000
541,13000
542,8100
543,29000
544,15000
545,43000
546,43000
547,13000
548,37000
549,13000
550,16000
551,13000
552,25000
553,18000
554,19000
555,4800
556,10000
557,29000
558,7200
559,14000
560,13000
561,12000
562,7200
563,22000
564,47000
565,12000
566,21000
567,37000
568,29000
569,32000
570,34000
571,27000
572,12000
573,16000
574,33000
575,21000
576,27000
577,9800
578,12000
579,52000
580,24000
581,43000
582,69000
583,47000
584,4900
585,960
586,13000
587,13000
588,16000
589,13000
590,5900
591,8900
592,5900
593,15000
594,13000
595,12000
596,69000
597,8400
598,15000
599,12000
600,45000
601,13000
602,12000
603,12000
604,35000
605,36000
606,13000
607,12000
608,45000
609,31000
610,25000
611,37000
612,12000
613,5800
614,36000
615,69000
616,26000
617,13000
618,15000
619,17000
620,12000
621,13000
622,5900
623,44000
624,32000
625,6600
626,7000
627,39000
628,42000
629,45000
630,13000
631,33000
632,13000
633,49000
634,53000
635,59000
636,58000
637,12000
638,13000
639,13000
640,4000
641,10000
642,69000
643,8200
644,13000
645,33000
646,64000
647,12000
648,31000
649,38000
650,12000
651,53000
652,13000
653,50000
654,12000
655,13000
656,39000
657,69000
658,12000
659,27000
660,29000
661,12000
662,8800
663,15000
664,22000
665,33000
666,12000
667,13000
668,25000
669,14000
670,13000
671,42000
672,8100
673,24000
674,47000
675,10000
676,13000
677,9500
678,12000
679,69000
680,69000
681,48000
682,12000
683,13000
684,13000
685,33000
686,19000
687,23000
688,48000
689,48000
690,12000
691,26000
692,43000
693,17000
694,12000
695,12000
696,13000
697,27000
698,7600
699,650
700,19000
701,13000
702,7700
703,13000
704,13000
705,15000
706,6100
707,13000
708,19000
709,16000
710,31000
711,15000
712,53000
713,30000
714,41000
715,8100
716,43000
717,36000
718,13000
719,3400
720,15000
721,13000
722,130
723,42000
724,29000
725,25000
726,30000
727,12000
728,65000
729,18000
730,35000
731,64000
732,11000
733,12000
734,51000
735,29000
736,68000
737,17000
738,69000
739,39000
740,49000
741,27000
742,13000
743,12000
744,12000
745,24000
746,52000
747,69000
748,32000
749,25000
750,22000
751,69000
752,22000
753,44000
754,24000
755,12000
756,12000
757,13000
758,7500
759,25000
760,4200
761,12000
762,9200
763,17000
764,13000
765,9200
766,14000
767,14000
768,2200
769,23000
770,28000
771,35000
772,6500
773,16000
774,47000
775,43000
776,58000
777,7800
778,25000
779,51000
780,17000
781,13000
782,36000
783,53000
784,12000
785,13000
786,69000
787,39000
788,39000
789,20000
790,24000
791,13000
792,13000
793,56000
794,57000
795,25000
796,13000
797,3400
798,13000
799,69000
800,5800
801,1400
802,2700
803,36000
804,6600
805,39000
806,59000
807,31000
808,4200
809,27000
810,2700
811,22000
812,69000
813,25000
814,12000
815,13000
816,28000
817,26000
818,14000
819,39000
820,16000
821,20000
822,12000
823,20000
824,12000
825,18000
826,39000
827,55000
828,38000
829,13000
830,69000
831,21000
832,13000
833,11000
834,16000
835,8700
836,46000
837,12000
838,29000
839,27000
840,13000
841,13000
842,750
843,13000
844,54000
845,14000
846,32000
847,32000
848,6000
849,28000
850,69000
851,12000
852,14000
853,53000
854,26000
855,15000
856,13000
857,69000
858,6900
859,13000
860,26000
861,12000
862,52000
863,13000
864,12000
865,17000
866,52000
867,5200
868,44000
869,44000
870,20000
871,24000
872,13000
873,16000
874,69000
875,13000
876,61000
877,19000
878,31000
879,13000
880,12000
881,37000
882,19000
883,29000
884,12000
885,11000
886,9800
887,41000
888,31000
889,11000
890,13000
891,17000
892,50000
893,45000
894,7500
895,13000
896,69000
897,25000
898,32000
899,13000
900,34000
901,19000
902,14000
903,12000
904,13000
905,13000
906,13000
907,51000
908,12000
909,36000
910,19000
911,22000
912,13000
913,13000
914,38000
915,44000
916,69000
917,35000
918,25000
919,13000
920,11000
921,64000
922,45000
923,44000
924,14000
925,22000
926,69000
927,55000
928,69000
929,11000
930,7900
931,29000
932,12000
933,27000
934,68000
935,46000
936,28000
937,32000
938,12000
939,46000
940,69000
941,29000
942,69000
943,13000
944,43000
945,13000
946,12000
947,23000
948,30000
949,25000
950,12000
951,13000
952,6700
953,12000
954,9900
955,12000
956,21000
957,51000
958,65000
959,57000
960,41000
961,4500
962,14000
963,41000
964,14000
965,14000
966,44000
967,50000
968,12000
969,53000
970,20000
971,12000
972,4800
973,35000
974,6300
975,12000
976,13000
977,17000
978,38000
979,360
980,45000
981,64000
982,51000
983,69000
984,5100
985,13000
986,33000
987,13000
988,280
989,51000
990,13000
991,29000
992,43000
993,29000
994,5500
995,38000
996,27000
997,13000
998,1600
999,36000
1000,14000
1001,63000
1002,22000
1003,10000
1004,5500
1005,11000
1006,17000
1007,44000
1008,12000
1009,38000
1010,35000
1011,29000
1012,39000
1013,39000
1014,2400
1015,12000
1016,18000
1017,53000
1018,26000
1019,31000
1020,29000
1021,5700
1022,16000
1023,26000
1024,26000
1025,12000
1026,69000
1027,35000
1028,3600
1029,41000
1030,31000
1031,69000
1032,69000
1033,21000
1034,39000
1035,13000
1036,69000
1037,69000
1038,13000
1039,35000
1040,28000
1041,29000
1042,12000
1043,11000
1044,5900
1045,13000
1046,2700
1047,12000
1048,69000
1049,12000
1050,60000
1051,52000
1052,6300
1053,13000
1054,20000
1055,27000
1056,13000
1057,41000
1058,48000
1059,11000
1060,42000
1061,13000
1062,5400
1063,37000
1064,43000
1065,27000
1066,12000
1067,12000
1068,16000
1069,69000
1070,6800
1071,4500
1072,12000
1073,12000
1074,12000
1075,390
1076,3300
1077,29000
1078,12000
1079,11000
1080,12000
1081,28000
1082,14000
1083,28000
1084,33000
1085,60000
1086,30000
1087,12000
1088,12000
1089,7000
1090,35000
1091,4900
1092,44000
1093,13000
1094,12000
1095,57000
1096,2600
1097,37000
1098,49000
1099,69000
1100,12000
1101,3700
1102,38000
1103,13000
1104,33000
1105,22000
1106,4200
1107,69000
1108,15000
1109,52000
1110,13000
1111,40000
1112,36000
1113,30000
1114,49000
1115,34000
1116,17000
1117,3400
1118,69000
1119,40000
1120,12000
1121,7100
1122,13000
1123,12000
1124,11000
1125,13000
1126,7800
1127,15000
1128,3400
1129,12000
1130,29000
1131,62000
1132,69000
1133,12000
1134,41000
1135,49000
1136,740
1137,16000
1138,12000
1139,13000
1140,33000
1141,5800
1142,51000
1143,32000
1144,43000
1145,13000
1146,21000
1147,18000
1148,6300
1149,69000
1150,27000
1151,13000
1152,41000
1153,31000
1154,41000
1155,13000
1156,4700
1157,12000
1158,69000
1159,12000
1160,40000
1161,39000
1162,5500
1163,15000
1164,16000
1165,35000
1166,35000
1167,22000
1168,28000
1169,33000
1170,24000
1171,8400
1172,13000
1173,41000
1174,13000
1175,69000
1176,5800
1177,13000
1178,21000
1179,23000
1180,11000
1181,6600
1182,13000
1183,43000
1184,22000
1185,12000
1186,23000
1187,28000
1188,4900
1189,12000
1190,32000
1191,43000
1192,69000
1193,12000
1194,12000
1195,13000
1196,16000
1197,9300
1198,69000
1199,5400
1200,13000
1201,12000
1202,13000
1203,13000
1204,35000
1205,52000
1206,36000
1207,7000
1208,12000
1209,13000
1210,69000
1211,69000
1212,12000
1213,31000
1214,51000
1215,7600
1216,52000
1217,12000
1218,23000
1219,13000
1220,35000
1221,28000
1222,33000
1223,23000
1224,21000
1225,30000
1226,36000
1227,14000
1228,43000
1229,39000
1230,15000
1231,21000
1232,69000
1233,28000
1234,13000
1235,27000
1236,62000
1237,4800
1238,63000
1239,38000
1240,27000
1241,24000
1242,11000
1243,69000
1244,13000
1245,41000
1246,12000
1247,9200
1248,40000
1249,12000
1250,1900
1251,8400
1252,10000
1253,15000
1254,11000
1255,13000
1256,53000
1257,13000
1258,44000
1259,33000
1260,7200
1261,13000
1262,25000
1263,21000
1264,69000
1265,55000
1266,29000
1267,12000
1268,58000
1269,69000
1270,38000
1271,52000
1272,26000
1273,48000
1274,61000
1275,34000
1276,47000
1277,43000
1278,7300
1279,35000
1280,5500
1281,69000
1282,52000
1283,2700
1284,13000
1285,12000
1286,24000
1287,10000
1288,43000
1289,12000
1290,18000
1291,41000
1292,13000
1293,19000
1294,5100
1295,20000
1296,8000
1297,37000
1298,37000
1299,12000
1300,13000
1301,20000
1302,13000
1303,45000
1304,31000
1305,64000
1306,17000
1307,12000
1308,69000
1309,35000
1310,52000
1311,24000
1312,31000
1313,13000
1314,13000
1315,53000
1316,8000
1317,53000
1318,12000
1319,28000
1320,69000
1321,28000
1322,29000
1323,4600
1324,18000
1325,69000
1326,49000
1327,13000
1328,27000
1329,11000
1330,17000
1331,11000
1332,26000
1333,28000
1334,12000
1335,13000
1336,31000
1337,53000
1338,31000
1339,300
1340,11000
1341,43000
1342,12000
1343,13000
1344,49000
1345,12000
1346,47000
1347,20000
1348,7300
1349,28000
1350,12000
1351,5700
1352,13000
1353,17000
1354,3200
1355,22000
1356,20000
1357,51000
1358,5500
1359,24000
1360,13000
1361,52000
1362,12000
1363,13000
1364,26000
1365,26000
1366,16000
1367,12000
1368,3800
1369,5200
1370,3100
1371,9100
1372,6500
1373,28000
1374,5500
1375,16000
1376,120
1377,13000
1378,57000
1379,23000
1380,8300
1381,13000
1382,33000
1383,24000
1384,33000
1385,69000
1386,11000
1387,31000
1388,3600
1389,69000
1390,50000
1391,18000
1392,15000
1393,38000
1394,28000
1395,20000
1396,28000
1397,13000
1398,52000
1399,12000
1400,47000
1401,13000
1402,13000
1403,49000
1404,25000
1405,69000
1406,69000
1407,33000
1408,12000
1409,57000
1410,43000
1411,33000
1412,46000
1413,28000
1414,34000
1415,13000
1416,69000
1417,12000
1418,13000
1419,32000
1420,11000
1421,27000
1422,13000
1423,34000
1424,29000
1425,35000
1426,13000
1427,13000
1428,38000
1429,13000
1430,42000
1431,12000
1432,13000
1433,37000
1434,25000
1435,8000
1436,6700
1437,12000
1438,15000
1439,7800
1440,30000
1441,58000
1442,45000
1443,11000
1444,24000
1445,12000
1446,12000
1447,28000
1448,16000
1449,15000
1450,13000
1451,32000
1452,33000
1453,20000
1454,23000
1455,12000
1456,13000
1457,34000
1458,22000
1459,12000
1460,48000
1461,4700
1462,59000
1463,33000
1464,28000
1465,28000
1466,42000
1467,17000
1468,13000
1469,13000
1470,3100
1471,32000
1472,40000
1473,42000
1474,28000
1475,55000
1476,13000
1477,33000
1478,19000
1479,19000
1480,5200
1481,36000
1482,6500
1483,69000
1484,27000
1485,12000
1486,29000
1487,59000
1488,28000
1489,20000
1490,50000
1491,38000
1492,12000
1493,18000
1494,21000
1495,7800
1496,29000
1497,5300
1498,48000
1499,28000
1500,24000
1501,51000
1502,22000
1503,12000
1504,4500
1505,13000
1506,54000
1507,13000
1508,7100
1509,13000
1510,33000
1511,43000
1512,13000
1513,6100
1514,12000
1515,13000
1516,31000
1517,22000
1518,5500
1519,17000
1520,12000
1521,30000
1522,34000
1523,12000
1524,16000
1525,18000
1526,16000
1527,30000
1528,27000
1529,32000
1530,38000
1531,34000
1532,54000
1533,13000
1534,12000
1535,46000
1536,12000
1537,42000
1538,21000
1539,6200
1540,6400
1541,19000
1542,7700
1543,5500
1544,30000
1545,12000
1546,4400
1547,49000
1548,13000
1549,13000
1550,14000
1551,34000
1552,1500
1553,29000
1554,13000
1555,69000
1556,35000
1557,69000
1558,25000
1559,3900
1560,22000
1561,23000
1562,18000
1563,29000
1564,45000
1565,45000
1566,33000
1567,13000
1568,6600
1569,6400
1570,44000
1571,21000
1572,13000
1573,28000
1574,61000
1575,99
1576,7200
1577,35000
1578,33000
1579,12000
1580,61000
1581,10000
1582,12000
1583,62000
1584,13000
1585,55000
1586,9400
1587,43000
1588,13000
1589,13000
1590,50000
1591,36000
1592,12000
1593,64000
1594,41000
1595,6600
1596,8600
1597,39000
1598,12000
1599,7900
1600,13000
1601,5000
1602,13000
1603,25000
1604,12000
1605,12000
1606,13000
1607,6700
1608,60000
1609,21000
1610,6800
1611,32000
1612,5900
1613,13000
1614,30000
1615,53000
1616,52000
1617,41000
1618,12000
1619,39000
1620,20000
1621,13000
1622,40000
1623,15000
1624,31000
1625,9900
1626,21000
1627,12000
1628,39000
1629,21000
1630,11000
1631,22000
1632,52000
1633,7800
1634,33000
1635,25000
1636,13000
1637,34000
1638,12000
1639,12000
1640,66000
1641,37000
1642,7000
1643,46000
1644,12000
1645,41000
1646,69000
1647,12000
1648,42000
1649,32000
1650,34000
1651,24000
1652,12000
1653,25000
1654,43000
1655,12000
1656,40000
1657,18000
1658,31000
1659,59000
1660,13000
1661,31000
1662,12000
1663,6800
1664,12000
1665,13000
1666,18000
1667,46000
1668,40000
1669,16000
1670,19000
1671,12000
1672,31000
1673,47000
1674,53000
1675,1500
1676,8400
1677,10000
1678,30000
1679,48000
1680,43000
1681,25000
1682,13000
1683,15000
1684,12000
1685,6300
1686,13000
1687,5100
1688,24000
1689,25000
1690,14000
1691,5400
1692,41000
1693,10000
1694,42000
1695,32000
1696,34000
1697,26000
1698,9700
1699,33000
1700,13000
1701,49000
1702,19000
1703,13000
1704,50000
1705,18000
1706,42000
1707,13000
1708,29000
1709,38000
1710,27000
1711,22000
1712,32000
1713,13000
1714,12000
1715,27000
1716,13000
1717,12000
1718,12000
1719,39000
1720,6000
1721,69000
1722,13000
1723,19000
1724,4200
1725,12000
1726,36000
1727,23000
1728,1600
1729,47000
1730,12000
1731,43000
1732,57000
1733,7000
1734,12000
1735,13000
1736,46000
1737,69000
1738,29000
1739,42000
1740,64000
1741,39000
1742,34000
1743,50000
1744,12000
1745,33000
1746,16000
1747,21000
1748,39000
1749,17000
1750,12000
1751,16000
1752,25000
1753,37000
1754,3000
1755,41000
1756,52000
1757,69000
1758,69000
1759,28000
1760,41000
1761,29000
1762,13000
1763,12000
1764,19000
1765,24000
1766,43000
1767,31000
1768,12000
1769,12000
1770,7600
1771,33000
1772,24000
1773,69000
1774,12000
1775,19000
1776,39000
1777,43000
1778,4700
1779,6500
1780,16000
1781,35000
1782,66000
1783,6800
1784,13000
1785,23000
1786,34000
1787,42000
1788,18000
1789,29000
1790,39000
1791,48000
1792,27000
1793,12000
1794,1500
1795,19000
1796,19000
1797,45000
1798,4600
1799,31000
1800,25000
1801,21000
1802,69000
1803,69000
1804,12000
1805,12000
1806,13000
1807,12000
1808,8300
1809,32000
1810,19000
1811,43000
1812,23000
1813,45000
1814,12000
1815,2800
1816,57000
1817,4700
1818,12000
1819,23000
1820,9100
1821,64000
1822,15000
1823,52000
1824,13000
1825,46000
1826,18000
1827,26000
1828,43000
1829,17000
1830,7400
1831,36000
1832,51000
1833,51000
1834,19000
1835,57000
1836,22000
1837,12000
1838,15000
1839,13000
1840,9500
1841,12000
1842,14000
1843,31000
1844,46000
1845,12000
1846,38000
1847,13000
1848,12000
1849,12000
1850,12000
1851,12000
1852,24000
1853,12000
1854,69000
1855,20000
1856,43000
1857,12000
1858,69000
1859,27000
1860,35000
1861,7500
1862,2700
1863,69000
1864,23000
1865,39000
1866,34000
1867,39000
1868,53000
1869,17000
1870,1500
1871,7900
1872,59000
1873,7000
1874,15000
1875,4700
1876,33000
1877,23000
1878,21000
1879,12000
1880,40000
1881,37000
1882,13000
1883,47000
1884,12000
1885,26000
1886,69000
1887,5200
1888,31000
1889,49000
1890,5600
1891,20000
1892,19000
1893,43000
1894,43000
1895,20000
1896,37000
1897,23000
1898,23000
1899,12000
1900,67000
1901,69000
1902,12000
1903,43000
1904,11000
1905,69000
1906,7200
1907,28000
1908,33000
1909,12000
1910,13000
1911,39000
1912,45000
1913,12000
1914,12000
1915,40000
1916,12000
1917,61000
1918,41000
1919,12000
1920,12000
1921,13000
1922,13000
1923,12000
1924,13000
1925,13000
1926,28000
1927,69000
1928,4600
1929,13000
1930,14000
1931,12000
1932,18000
1933,14000
1934,31000
1935,52000
1936,17000
1937,12000
1938,64000
1939,54000
1940,25000
1941,34000
1942,33000
1943,69000
1944,28000
1945,21000
1946,13000
1947,38000
1948,11000
1949,12000
1950,10000
1951,12000
1952,12000
1953,19000
1954,24000
1955,3300
1956,12000
1957,12000
1958,63000
1959,4700
1960,22000
1961,34000
1962,12000
1963,6400
1964,41000
1965,12000
1966,11000
1967,57000
1968,21000
1969,13000
1970,32000
1971,42000
1972,38000
1973,34000
1974,16000
1975,12000
1976,5200
1977,60000
1978,30000
1979,31000
1980,12000
1981,18000
1982,5200
1983,69000
1984,5400
1985,20000
1986,23000
1987,47000
1988,2900
1989,12000
1990,55000
1991,15000
1992,7500
1993,69000
1994,51000
1995,12000
1996,13000
1997,12000
1998,8400
1999,12000
2000,12000
2001,21000
2002,14000
2003,20000
2004,26000
2005,13000
2006,40000
2007,6800
2008,12000
2009,55000
2010,48000
2011,51000
2012,56000
2013,31000
2014,6400
2015,44000
2016,44000
2017,11000
2018,26000
2019,33000
2020,41000
2021,12000
2022,26000
2023,24000
2024,29000
2025,12000
2026,14000
2027,11000
2028,12000
2029,11000
2030,28000
2031,69000
2032,17000
2033,28000
2034,45000
2035,29000
2036,3700
2037,12000
2038,13000
2039,12000
2040,32000
2041,59000
2042,12000
2043,38000
2044,59000
2045,12000
2046,29000
2047,13000
2048,5800
2049,35000
2050,69000
2051,62000
2052,2400
2053,13000
2054,50000
2055,6800
2056,1800
2057,15000
2058,17000
2059,34000
2060,31000
2061,69000
2062,69000
2063,25000
2064,5400
2065,32000
2066,12000
2067,7900
2068,12000
2069,43000
2070,43000
2071,36000
2072,41000
2073,31000
2074,13000
2075,15000
2076,43000
2077,12000
2078,5600
2079,56000
2080,32000
2081,13000
2082,12000
2083,46000
2084,36000
2085,47000
2086,18000
2087,12000
2088,10000
2089,15000
2090,8300
2091,13000
2092,40000
2093,21000
2094,23000
2095,12000
2096,4200
2097,40000
2098,7100
2099,45000
2100,13000
2101,69000
2102,12000
2103,17000
2104,35000
2105,12000
2106,44000
2107,17000
2108,7900
2109,12000
2110,12000
2111,13000
2112,13000
2113,42000
2114,12000
2115,47000
2116,22000
2117,7800
2118,17000
2119,21000
2120,13000
2121,1500
2122,52000
2123,24000
2124,10000
2125,12000
2126,48000
2127,66000
2128,56000
2129,25000
2130,24000
2131,36000
2132,13000
2133,21000
2134,12000
2135,7000
2136,11000
2137,56000
2138,12000
2139,9700
2140,19000
2141,25000
2142,9500
2143,51000
2144,35000
2145,14000
2146,13000
2147,17000
2148,12000
2149,43000
2150,6100
2151,12000
2152,51000
2153,12000
2154,13000
2155,6600
2156,13000
2157,7300
2158,29000
2159,27000
2160,10000
2161,16000
2162,12000
2163,24000
2164,8700
2165,57000
2166,56000
2167,23000
2168,42000
2169,59000
2170,15000
2171,12000
2172,11000
2173,17000
2174,13000
2175,45000
2176,13000
2177,13000
2178,13000
2179,31000
2180,20000
2181,17000
2182,12000
2183,69000
2184,940
2185,27000
2186,44000
2187,11000
2188,36000
2189,22000
2190,43000
2191,12000
2192,13000
2193,17000
2194,3900
2195,26000
2196,36000
2197,66000
2198,27000
2199,43000
2200,12000
2201,38000
2202,5500
2203,20000
2204,7000
2205,69000
2206,11000
2207,42000
2208,55000
2209,17000
2210,21000
2211,13000
2212,42000
2213,13000
2214,48000
2215,21000
2216,36000
2217,12000
2218,69000
2219,24000
2220,13000
2221,40000
2222,13000
2223,33000
2224,41000
2225,69000
2226,25000
2227,12000
2228,30000
2229,69000
2230,820
2231,25000
2232,34000
2233,12000
2234,12000
2235,23000
2236,41000
2237,35000
2238,66000
2239,69000
2240,69000
2241,27000
2242,13000
2243,49000
2244,18000
2245,43000
2246,15000
2247,40000
2248,17000
2249,51000
2250,29000
2251,11000
2252,31000
2253,12000
2254,58000
2255,49000
2256,58000
2257,12000
2258,24000
2259,13000
2260,23000
2261,6000
2262,12000
2263,9200
2264,8400
2265,63000
2266,47000
2267,35000
2268,12000
2269,47000
2270,26000
2271,19000
2272,47000
2273,56000
2274,18000
2275,12000
2276,21000
2277,14000
2278,32000
2279,45000
2280,12000
2281,50000
2282,8500
2283,7100
2284,34000
2285,51000
2286,13000
2287,33000
2288,8000
2289,69000
2290,69000
2291,13000
2292,15000
2293,25000
2294,25000
2295,31000
2296,69000
2297,7800
2298,24000
2299,22000
2300,20000
2301,13000
2302,37000
2303,7700
2304,23000
2305,21000
2306,12000
2307,65000
2308,51000
2309,16000
2310,28000
2311,69000
2312,44000
2313,62000
2314,13000
2315,22000
2316,18000
2317,12000
2318,48000
2319,7900
2320,44000
2321,13000
2322,13000
2323,46000
2324,7900
2325,13000
2326,12000
2327,12000
2328,13000
2329,23000
2330,12000
2331,11000
2332,13000
2333,12000
2334,15000
2335,30000
2336,13000
2337,12000
2338,6300
2339,38000
2340,43000
2341,58000
2342,21000
2343,9500
2344,22000
2345,65000
2346,22000
2347,12000
2348,13000
2349,12000
2350,13000
2351,12000
2352,9700
2353,13000
2354,13000
2355,42000
2356,49000
2357,45000
2358,42000
2359,13000
2360,41000
2361,44000
2362,15000
2363,56000
2364,13000
2365,12000
2366,12000
2367,67000
2368,22000
2369,43000
2370,12000
2371,12000
2372,12000
2373,25000
2374,13000
2375,54000
2376,13000
2377,14000
2378,12000
2379,12000
2380,12000
2381,13000
2382,13000
2383,5300
2384,45000
2385,12000
2386,25000
2387,5800
2388,40000
2389,47000
2390,52000
2391,4400
2392,17000
2393,39000
2394,13000
2395,13000
2396,12000
2397,16000
2398,69000
2399,50000
2400,69000
2401,13000
2402,20000
2403,12000
2404,1800
2405,12000
2406,24000
2407,69000
2408,5800
2409,20000
2410,4400
2411,4200
2412,41000
2413,12000
2414,34000
2415,12000
2416,35000
2417,51000
2418,29000
2419,53000
2420,69000
2421,31000
2422,13000
2423,5100
2424,36000
2425,7800
2426,7700
2427,12000
2428,10000
2429,13000
2430,21000
2431,12000
2432,12000
2433,13000
2434,43000
2435,51000
2436,12000
2437,12000
2438,53000
2439,69000
2440,20000
2441,17000
2442,28000
2443,13000
2444,26000
2445,18000
2446,19000
2447,19000
2448,35000
2449,23000
2450,13000
2451,12000
2452,17000
2453,19000
2454,16000
2455,51000
2456,12000
2457,13000
2458,36000
2459,12000
2460,12000
2461,15000
2462,13000
2463,35000
2464,12000
2465,12000
2466,33000
2467,35000
2468,24000
2469,13000
2470,55000
2471,27000
2472,25000
2473,24000
2474,5600
2475,41000
2476,25000
2477,13000
2478,13000
2479,41000
2480,35000
2481,25000
2482,69000
2483,28000
2484,47000
2485,37000
2486,31000
2487,13000
2488,13000
2489,5200
2490,12000
2491,15000
2492,29000
2493,8900
2494,42000
2495,29000
2496,12000
2497,13000
2498,7700
2499,12000
2500,13000
2501,24000
2502,13000
2503,15000
2504,13000
2505,36000
2506,34000
2507,8500
2508,39000
2509,9100
2510,12000
2511,48000
2512,6400
2513,26000
2514,17000
2515,65000
2516,55000
2517,8100
2518,13000
2519,46000
2520,17000
2521,17000
2522,9900
2523,69000
2524,12000
2525,29000
2526,12000
2527,13000
2528,32000
2529,12000
2530,20000
2531,12000
2532,15000
2533,25000
2534,69000
2535,69000
2536,13000
2537,1200
2538,12000
2539,13000
2540,16000
2541,28000
2542,24000
2543,32000
2544,13000
2545,28000
2546,24000
2547,27000
2548,55000
2549,4500
2550,18000
2551,41000
2552,35000
2553,27000
2554,8700
2555,3100
2556,31000
2557,43000
2558,17000
2559,32000
2560,52000
2561,13000
2562,12000
2563,12000
2564,9500
2565,16000
2566,20000
2567,12000
2568,47000
2569,12000
2570,41000
2571,21000
2572,5200
2573,29000
2574,65000
2575,31000
2576,10000
2577,39000
2578,12000
2579,41000
2580,13000
2581,13000
2582,13000
2583,8300
2584,2900
2585,39000
2586,28000
2587,39000
2588,5700
2589,12000
2590,13000
2591,39000
2592,43000
2593,14000
2594,12000
2595,10000
2596,43000
2597,33000
2598,30000
2599,9600
2600,47000
2601,26000
2602,6100
2603,12000
2604,8700
2605,18000
2606,30000
2607,15000
2608,49000
2609,5500
2610,29000
2611,16000
2612,30000
2613,46000
2614,23000
2615,32000
2616,26000
2617,27000
2618,13000
2619,24000
2620,22000
2621,13000
2622,24000
2623,13000
2624,12000
2625,12000
2626,59000
2627,8600
2628,19000
2629,12000
2630,58000
2631,40000
2632,12000
2633,38000
2634,13000
2635,45000
2636,35000
2637,12000
2638,10000
2639,12000
2640,26000
2641,12000
2642,13000
2643,37000
2644,17000
2645,15000
2646,22000
2647,35000
2648,12000
2649,37000
2650,16000
2651,49000
2652,31000
2653,7100
2654,69000
2655,53000
2656,12000
2657,35000
2658,19000
2659,13000
2660,13000
2661,30000
2662,27000
2663,39000
2664,68000
2665,1400
2666,13000
2667,5200
2668,13000
2669,29000
2670,69000
2671,37000
2672,35000
2673,50000
2674,37000
2675,48000
2676,66000
2677,69000
2678,49000
2679,64000
2680,47000
2681,13000
2682,7400
2683,38000
2684,48000
2685,44000
2686,2300
2687,29000
2688,13000
2689,32000
2690,26000
2691,12000
2692,14000
2693,25000
2694,15000
2695,26000
2696,24000
2697,29000
2698,34000
2699,50000
2700,32000
2701,31000
2702,17000
2703,51000
2704,13000
2705,41000
2706,13000
2707,12000
2708,69000
2709,12000
2710,31000
2711,29000
2712,5400
2713,44000
2714,9100
2715,14000
2716,52000
2717,41000
2718,20000
2719,14000
2720,12000
2721,44000
2722,9000
2723,53000
2724,50000
2725,64000
2726,9900
2727,32000
2728,11000
2729,15000
2730,43000
2731,13000
2732,13000
2733,4100
2734,9900
2735,13000
2736,35000
2737,26000
2738,6300
2739,28000
2740,21000
2741,43000
2742,13000
2743,39000
2744,52000
2745,13000
2746,52000
2747,13000
2748,20000
2749,24000
2750,12000
2751,10000
2752,48000
2753,10000
2754,25000
2755,50000
2756,13000
2757,69000
2758,12000
2759,31000
2760,26000
2761,25000
2762,6800
2763,4800
2764,25000
2765,12000
2766,27000
2767,60000
2768,5200
2769,33000
2770,12000
2771,35000
2772,51000
2773,20000
2774,29000
2775,6800
2776,44000
2777,42000
2778,13000
2779,47000
2780,21000
2781,15000
2782,42000
2783,26000
2784,12000
2785,12000
2786,39000
2787,13000
2788,14000
2789,12000
2790,69000
2791,52000
2792,7700
2793,27000
2794,31000
2795,13000
2796,55000
2797,870
2798,67000
2799,32000
2800,21000
2801,31000
2802,13000
2803,21000
2804,19000
2805,20000
2806,41000
2807,6700
2808,19000
2809,5600
2810,8500
2811,49000
2812,14000
2813,69000
2814,13000
2815,37000
2816,21000
2817,25000
2818,5700
2819,50000
2820,29000
2821,5700
2822,12000
2823,13000
2824,24000
2825,13000
2826,21000
2827,44000
2828,12000
2829,44000
2830,36000
2831,69000
2832,17000
2833,58000
2834,37000
2835,4100
2836,25000
2837,39000
2838,60000
2839,41000
2840,12000
2841,44000
2842,15000
2843,13000
2844,12000
2845,12000
2846,13000
2847,29000
2848,13000
2849,25000
2850,44000
2851,5100
2852,12000
2853,13000
2854,13000
2855,43000
2856,20000
2857,18000
2858,27000
2859,52000
2860,12000
2861,13000
2862,47000
2863,47000
2864,13000
2865,48000
2866,23000
2867,23000
2868,69000
2869,38000
2870,31000
2871,29000
2872,12000
2873,24000
2874,15000
2875,4700
2876,24000
2877,11000
2878,200
2879,32000
2880,12000
2881,13000
2882,13000
2883,58000
2884,30000
2885,35000
2886,42000
2887,45000
2888,22000
2889,15000
2890,69000
2891,45000
2892,52000
2893,68000
2894,37000
2895,16000
2896,47000
2897,13000
2898,14000
2899,4400
2900,3500
2901,5300
2902,24000
2903,12000
2904,12000
2905,5300
2906,45000
2907,3100
2908,13000
2909,68000
2910,12000
2911,21000
2912,18000
2913,21000
2914,12000
2915,25000
2916,69000
2917,20000
2918,41000
2919,19000
2920,44000
2921,30000
2922,46000
2923,3800
2924,47000
2925,13000
2926,31000
2927,11000
2928,7700
2929,21000
2930,49000
2931,57000
2932,2500
2933,17000
2934,3000
2935,57000
2936,32000
2937,5600
2938,13000
2939,13000
2940,30000
2941,11000
2942,20000
2943,42000
2944,12000
2945,13000
2946,13000
2947,13000
2948,13000
2949,16000
2950,12000
2951,45000
2952,12000
2953,13000
2954,3600
2955,20000
2956,13000
2957,40000
2958,4500
2959,29000
2960,29000
2961,23000
2962,19000
2963,12000
2964,13000
2965,42000
2966,43000
2967,13000
2968,9700
2969,51000
2970,1800
2971,24000
2972,33000
2973,1300
2974,5200
2975,63000
2976,58000
2977,25000
2978,13000
2979,41000
2980,29000
2981,22000
2982,6600
2983,47000
2984,39000
2985,6700
2986,69000
2987,12000
2988,20000
2989,13000
2990,22000
2991,21000
2992,33000
2993,12000
2994,48000
2995,13000
2996,13000
2997,48000
2998,11000
2999,13000
3000,12000
3001,12000
3002,69000
3003,29000
3004,23000
3005,44000
3006,16000
3007,7400
3008,13000
3009,31000
3010,56000
3011,22000
3012,52000
3013,47000
3014,12000
3015,5200
3016,6400
3017,7400
3018,15000
3019,42000
3020,18000
3021,39000
3022,36000
3023,12000
3024,41000
3025,8600
3026,11000
3027,12000
3028,69000
3029,51000
3030,13000
3031,3300
3032,18000
3033,40000
3034,69000
3035,13000
3036,20000
3037,39000
3038,67000
3039,43000
3040,23000
3041,9400
3042,35000
3043,31000
3044,12000
3045,55000
3046,13000
3047,6100
3048,25000
3049,42000
3050,8900
3051,12000
3052,5600
3053,14000
3054,35000
3055,17000
3056,12000
3057,69000
3058,37000
3059,6700
3060,6500
3061,7900
3062,21000
3063,69000
3064,28000
3065,13000
3066,28000
3067,53000
3068,55000
3069,12000
3070,53000
3071,39000
3072,13000
3073,13000
3074,25000
3075,12000
3076,33000
3077,69000
3078,12000
3079,31000
3080,13000
3081,4400
3082,5000
3083,7700
3084,34000
3085,41000
3086,11000
3087,12000
3088,7600
3089,23000
3090,69000
3091,6700
3092,12000
3093,27000
3094,18000
3095,5300
3096,20000
3097,28000
3098,57000
3099,12000
3100,6100
3101,8200
3102,42000
3103,6900
3104,26000
3105,65000
3106,44000
3107,22000
3108,22000
3109,69000
3110,15000
3111,35000
3112,24000
3113,13000
3114,17000
3115,9100
3116,43000
3117,69000
3118,45000
3119,7100
3120,38000
3121,22000
3122,28000
3123,5400
3124,28000
3125,3500
3126,17000
3127,57000
3128,13000
3129,57000
3130,32000
3131,27000
3132,21000
3133,22000
3134,51000
3135,37000
3136,69000
3137,20000
3138,14000
3139,16000
3140,56000
3141,44000
3142,67000
3143,12000
3144,23000
3145,43000
3146,27000
3147,23000
3148,14000
3149,33000
3150,43000
3151,7700
3152,21000
3153,16000
3154,13000
3155,13000
3156,28000
3157,12000
3158,35000
3159,14000
3160,12000
3161,18000
3162,12000
3163,22000
3164,18000
3165,21000
3166,35000
3167,7900
3168,5300
3169,48000
3170,14000
3171,17000
3172,47000
3173,6800
3174,69000
3175,28000
3176,42000
3177,47000
3178,1700
3179,62000
3180,26000
3181,31000
3182,12000
3183,66000
3184,45000
3185,32000
3186,13000
3187,45000
3188,9300
3189,31000
3190,21000
3191,40000
3192,5400
3193,15000
3194,31000
3195,12000
3196,35000
3197,12000
3198,9500
3199,9300
3200,48000
3201,69000
3202,17000
3203,18000
3204,22000
3205,31000
3206,18000
3207,27000
3208,32000
3209,12000
3210,13000
3211,12000
3212,5400
3213,47000
3214,23000
3215,12000
3216,17000
3217,40000
3218,12000
3219,17000
3220,11000
3221,34000
3222,13000
3223,18000
3224,6100
3225,18000
3226,11000
3227,26000
3228,5900
3229,9400
3230,47000
3231,29000
3232,27000
3233,28000
3234,29000
3235,20000
3236,16000
3237,10000
3238,67000
3239,32000
3240,12000
3241,12000
3242,11000
3243,23000
3244,12000
3245,35000
3246,13000
3247,40000
3248,5300
3249,59000
3250,15000
3251,18000
3252,20000
3253,21000
3254,69000
3255,45000
3256,44000
3257,38000
3258,12000
3259,12000
3260,13000
3261,6200
3262,27000
3263,12000
3264,35000
3265,26000
3266,57000
3267,31000
3268,31000
3269,35000
3270,31000
3271,13000
3272,12000
3273,69000
3274,19000
3275,27000
3276,13000
3277,12000
3278,12000
3279,12000
3280,12000
3281,28000
3282,13000
3283,19000
3284,16000
3285,7700
3286,29000
3287,24000
3288,35000
3289,8200
3290,10000
3291,8600
3292,10000
3293,49000
3294,15000
3295,30000
3296,12000
3297,57000
3298,37000
3299,2400
3300,35000
3301,12000
3302,69000
3303,12000
3304,29000
3305,13000
3306,4100
3307,57000
3308,17000
3309,18000
3310,17000
3311,29000
3312,29000
3313,43000
3314,34000
3315,4400
3316,12000
3317,12000
3318,24000
3319,12000
3320,15000
3321,67000
3322,13000
3323,28000
3324,24000
3325,53000
3326,58000
3327,25000
3328,31000
3329,23000
3330,11000
3331,63000
3332,12000
3333,24000
3334,12000
3335,28000
3336,17000
3337,44000
3338,14000
3339,12000
3340,12000
3341,21000
3342,24000
3343,18000
3344,40000
3345,20000
3346,14000
3347,58000
3348,43000
3349,54000
3350,16000
3351,3900
3352,23000
3353,69000
3354,3600
3355,38000
3356,32000
3357,35000
3358,13000
3359,19000
3360,13000
3361,1200
3362,12000
3363,3000
3364,27000
3365,19000
3366,19000
3367,51000
3368,16000
3369,20000
3370,49000
3371,57000
3372,50000
3373,11000
3374,21000
3375,65000
3376,7100
3377,52000
3378,12000
3379,19000
3380,2600
3381,12000
3382,69000
3383,12000
3384,25000
3385,45000
3386,8100
3387,4600
3388,12000
3389,12000
3390,32000
3391,12000
3392,53000
3393,68000
3394,13000
3395,13000
3396,12000
3397,69000
3398,17000
3399,14000
3400,14000
3401,17000
3402,20000
3403,11000
3404,16000
3405,52000
3406,27000
3407,12000
3408,13000
3409,13000
3410,69000
3411,69000
3412,2100
3413,24000
3414,22000
3415,790
3416,26000
3417,30000
3418,31000
3419,40000
3420,30000
3421,24000
3422,7100
3423,8200
3424,60000
3425,13000
3426,26000
3427,69000
3428,12000
3429,5500
3430,69000
3431,22000
3432,21000
3433,42000
3434,12000
3435,12000
3436,51000
3437,35000
3438,49000
3439,13000
3440,12000
3441,63000
3442,69000
3443,69000
3444,13000
3445,13000
3446,50000
3447,6000
3448,44000
3449,13000
3450,11000
3451,13000
3452,31000
3453,42000
3454,13000
3455,32000
3456,8100
3457,12000
3458,34000
3459,11000
3460,20000
3461,7900
3462,69000
3463,29000
3464,10000
3465,13000
3466,12000
3467,12000
3468,9500
3469,28000
3470,47000
3471,18000
3472,7600
3473,7000
3474,25000
3475,52000
3476,12000
3477,12000
3478,55000
3479,14000
3480,6600
3481,12000
3482,12000
3483,8400
3484,69000
3485,11000
3486,50000
3487,13000
3488,12000
3489,23000
3490,69000
3491,12000
3492,37000
3493,24000
3494,24000
3495,69000
3496,24000
3497,69000
3498,5100
3499,12000
3500,6200
3501,39000
3502,53000
3503,12000
3504,20000
3505,36000
3506,29000
3507,32000
3508,22000
3509,4100
3510,50000
3511,23000
3512,27000
3513,35000
3514,27000
3515,40000
3516,30000
3517,4100
3518,26000
3519,16000
3520,14000
3521,9000
3522,22000
3523,12000
3524,15000
3525,21000
3526,12000
3527,69000
3528,20000
3529,17000
3530,10000
3531,14000
3532,69000
3533,12000
3534,67000
3535,69000
3536,54000
3537,22000
3538,41000
3539,7200
3540,58000
3541,16000
3542,9700
3543,44000
3544,53000
3545,29000
3546,17000
3547,24000
3548,12000
3549,13000
3550,19000
3551,40000
3552,43000
3553,12000
3554,16000
3555,13000
3556,18000
3557,12000
3558,13000
3559,69000
3560,13000
3561,12000
3562,13000
3563,25000
3564,43000
3565,28000
3566,43000
3567,44000
3568,13000
3569,35000
3570,13000
3571,12000
3572,69000
3573,69000
3574,26000
3575,29000
3576,38000
3577,4200
3578,13000
3579,55000
3580,5100
3581,30000
3582,13000
3583,20000
3584,24000
3585,26000
3586,4600
3587,3400
3588,68000
3589,20000
3590,12000
3591,34000
3592,13000
3593,22000
3594,12000
3595,41000
3596,21000
3597,12000
3598,22000
3599,28000
3600,45000
3601,59000
3602,35000
3603,53000
3604,12000
3605,13000
3606,12000
3607,52000
3608,12000
3609,8500
3610,58000
3611,13000
3612,12000
3613,13000
3614,21000
3615,13000
3616,15000
3617,52000
3618,12000
3619,13000
3620,69000
3621,69000
3622,39000
3623,15000
3624,6300
3625,13000
3626,31000
3627,13000
3628,19000
3629,19000
3630,18000
3631,27000
3632,44000
3633,13000
3634,18000
3635,13000
3636,12000
3637,69000
3638,10000
3639,23000
3640,20000
3641,13000
3642,700
3643,18000
3644,49000
3645,34000
3646,28000
3647,43000
3648,13000
3649,67000
3650,32000
3651,45000
3652,12000
3653,3700
3654,50000
3655,13000
3656,51000
3657,12000
3658,42000
3659,41000
3660,60000
3661,31000
3662,4600
3663,25000
3664,13000
3665,10000
3666,66000
3667,12000
3668,47000
3669,20000
3670,17000
3671,12000
3672,18000
3673,13000
3674,13000
3675,34000
3676,47000
3677,5500
3678,12000
3679,910
3680,34000
3681,36000
3682,42000
3683,30000
3684,30000
3685,44000
3686,69000
3687,54000
3688,12000
3689,5000
3690,15000
3691,14000
3692,12000
3693,69000
3694,5900
3695,33000
3696,12000
3697,25000
3698,27000
3699,69000
3700,9400
3701,21000
3702,28000
3703,13000
3704,6200
3705,12000
3706,19000
3707,35000
3708,24000
3709,13000
3710,69000
3711,12000
3712,13000
3713,32000
3714,13000
3715,3000
3716,69000
3717,28000
3718,13000
3719,39000
3720,56000
3721,15000
3722,25000
3723,16000
3724,40000
3725,2300
3726,24000
3727,12000
3728,8000
3729,24000
3730,15000
3731,13000
3732,25000
3733,12000
3734,7300
3735,69000
3736,44000
3737,12000
3738,12000
3739,69000
3740,23000
3741,40000
3742,21000
3743,4700
3744,42000
3745,14000
3746,13000
3747,12000
3748,69000
3749,40000
3750,20000
3751,27000
3752,13000
3753,4700
3754,2900
3755,12000
3756,11000
3757,50000
3758,13000
3759,17000
3760,39000
3761,7200
3762,27000
3763,23000
3764,7300
3765,69000
3766,39000
3767,57000
3768,12000
3769,53000
3770,12000
3771,69000
3772,4000
3773,6800
3774,36000
3775,7400
3776,20000
3777,36000
3778,26000
3779,14000
3780,13000
3781,31000
3782,11000
3783,33000
3784,69000
3785,8300
3786,50000
3787,11000
3788,13000
3789,23000
3790,37000
3791,53000
3792,33000
3793,22000
3794,3000
3795,12000
3796,52000
3797,26000
3798,56000
3799,15000
3800,50000
3801,66000
3802,20000
3803,19000
3804,37000
3805,13000
3806,8700
3807,28000
3808,5400
3809,69000
3810,12000
3811,52000
3812,14000
3813,13000
3814,13000
3815,53000
3816,30000
3817,6700
3818,13000
3819,28000
3820,22000
3821,19000
3822,12000
3823,5200
3824,8000
3825,69000
3826,11000
3827,15000
3828,12000
3829,29000
3830,19000
3831,39000
3832,51000
3833,21000
3834,4100
3835,38000
3836,12000
3837,47000
3838,13000
3839,43000
3840,9200
3841,69000
3842,45000
3843,12000
3844,25000
3845,5600
3846,1000
3847,13000
3848,5600
3849,31000
3850,69000
3851,37000
3852,28000
3853,12000
3854,12000
3855,42000
3856,8300
3857,15000
3858,9200
3859,12000
3860,26000
3861,29000
3862,12000
3863,55000
3864,53000
3865,67000
3866,44000
3867,5100
3868,48000
3869,46000
3870,22000
3871,11000
3872,24000
3873,13000
3874,26000
3875,13000
3876,53000
3877,13000
3878,11000
3879,2000
3880,12000
3881,27000
3882,8200
3883,13000
3884,52000
3885,13000
3886,47000
3887,25000
3888,12000
3889,32000
3890,69000
3891,14000
3892,44000
3893,21000
3894,8100
3895,36000
3896,25000
3897,12000
3898,22000
3899,52000
3900,2000
3901,28000
3902,41000
3903,23000
3904,7200
3905,49000
3906,15000
3907,12000
3908,41000
3909,1300
3910,31000
3911,40000
3912,13000
3913,55000
3914,3800
3915,38000
3916,51000
3917,13000
3918,4700
3919,13000
3920,10000
3921,69000
3922,57000
3923,13000
3924,51000
3925,60000
3926,13000
3927,43000
3928,12000
3929,28000
3930,34000
3931,24000
3932,69000
3933,63000
3934,12000
3935,12000
3936,17000
3937,30000
3938,25000
3939,7200
3940,38000
3941,32000
3942,31000
3943,22000
3944,12000
3945,17000
3946,27000
3947,11000
3948,9100
3949,52000
3950,13000
3951,12000
3952,7600
3953,38000
3954,14000
3955,21000
3956,69000
3957,1600
3958,34000
3959,12000
3960,34000
3961,13000
3962,22000
3963,13000
3964,29000
3965,13000
3966,26000
3967,33000
3968,44000
3969,30000
3970,32000
3971,13000
3972,12000
3973,6600
3974,12000
3975,22000
3976,19000
3977,69000
3978,12000
3979,36000
3980,13000
3981,51000
3982,13000
3983,44000
3984,9100
3985,65000
3986,4800
3987,60000
3988,16000
3989,14000
3990,4600
3991,22000
3992,53000
3993,45000
3994,12000
3995,41000
3996,15000
3997,12000
3998,5500
3999,69000
4000,29000
4001,67000
4002,7400
4003,51000
4004,39000
4005,12000
4006,1400
4007,48000
4008,13000
4009,20000
4010,5600
4011,27000
4012,4900
4013,49000
4014,40000
4015,12000
4016,62000
4017,16000
4018,13000
4019,62000
4020,13000
4021,4600
4022,54000
4023,4300
4024,5200
4025,12000
4026,31000
4027,36000
4028,6100
4029,69000
4030,25000
4031,13000
4032,5000
4033,52000
4034,40000
4035,44000
4036,55000
4037,12000
4038,4400
4039,33000
4040,19000
4041,51000
4042,48000
4043,12000
4044,39000
4045,12000
4046,19000
4047,57000
4048,13000
4049,6400
4050,29000
4051,21000
4052,42000
4053,17000
4054,21000
4055,12000
4056,50000
4057,5700
4058,37000
4059,13000
4060,9300
4061,32000
4062,30000
4063,27000
4064,23000
4065,6400
4066,13000
4067,12000
4068,69000
4069,9300
4070,44000
4071,13000
4072,6000
4073,38000
4074,21000
4075,12000
4076,19000
4077,56000
4078,69000
4079,13000
4080,33000
4081,13000
4082,12000
4083,41000
4084,13000
4085,39000
4086,13000
4087,42000
4088,12000
4089,44000
4090,36000
4091,13000
4092,22000
4093,28000
4094,69000
4095,13000
4096,14000
4097,12000
4098,11000
4099,32000
4100,13000
4101,12000
4102,12000
4103,20000
4104,49000
4105,13000
4106,4300
4107,13000
4108,9200
4109,69000
4110,30000
4111,13000
4112,60000
4113,40000
4114,36000
4115,69000
4116,30000
4117,4600
4118,7500
4119,13000
4120,11000
4121,23000
4122,26000
4123,13000
4124,29000
4125,13000
4126,12000
4127,69000
4128,39000
4129,19000
4130,13000
4131,27000
4132,13000
4133,14000
4134,58000
4135,19000
4136,23000
4137,46000
4138,12000
4139,13000
4140,33000
4141,12000
4142,35000
4143,34000
4144,10000
4145,13000
4146,12000
4147,15000
4148,13000
4149,18000
4150,24000
4151,16000
4152,9700
4153,63000
4154,17000
4155,17000
4156,63000
4157,9500
4158,44000
4159,3800
4160,21000
4161,4700
4162,5700
4163,69000
4164,42000
4165,3800
4166,2200
4167,19000
4168,13000
4169,28000
4170,13000
4171,12000
4172,51000
4173,22000
4174,56000
4175,4400
4176,51000
4177,16000
4178,47000
4179,25000
4180,43000
4181,45000
4182,8900
4183,28000
4184,44000
4185,13000
4186,9900
4187,27000
4188,12000
4189,20000
4190,32000
4191,7100
4192,10000
4193,12000
4194,12000
4195,25000
4196,13000
4197,12000
4198,540
4199,44000
4200,7400
4201,16000
4202,12000
4203,12000
4204,5300
4205,13000
4206,12000
4207,31000
4208,12000
4209,24000
4210,12000
4211,6000
4212,46000
4213,69000
4214,11000
4215,13000
4216,23000
4217,2100
4218,11000
4219,16000
4220,49000
4221,37000
4222,38000
4223,27000
4224,6300
4225,19000
4226,8500
4227,44000
4228,32000
4229,12000
4230,28000
4231,25000
4232,5900
4233,12000
4234,12000
4235,13000
4236,33000
4237,53000
4238,29000
4239,2100
4240,50000
4241,22000
4242,43000
4243,20000
4244,14000
4245,49000
4246,21000
4247,16000
4248,53000
4249,37000
4250,61000
4251,12000
4252,29000
4253,22000
4254,12000
4255,12000
4256,12000
4257,3900
4258,45000
4259,51000
4260,12000
4261,11000
4262,33000
4263,19000
4264,38000
4265,23000
4266,30000
4267,13000
4268,48000
4269,12000
4270,43000
4271,33000
4272,53000
4273,3800
4274,52000
4275,23000
4276,47000
4277,24000
4278,7400
4279,12000
4280,22000
4281,6600
4282,13000
4283,13000
4284,58000
4285,38000
4286,5500
4287,19000
4288,61000
4289,11000
4290,13000
4291,12000
4292,41000
4293,52000
4294,4300
4295,24000
4296,19000
4297,17000
4298,12000
4299,13000
4300,44000
4301,61000
4302,45000
4303,42000
4304,44000
4305,34000
4306,9300
4307,12000
4308,36000
4309,17000
4310,26000
4311,69000
4312,52000
4313,50000
4314,12000
4315,61000
4316,12000
4317,29000
4318,13000
4319,34000
4320,12000
4321,69000
4322,4800
4323,41000
4324,7000
4325,47000
4326,27000
4327,30000
4328,36000
4329,6500
4330,40000
4331,13000
4332,12000
4333,26000
4334,31000
4335,36000
4336,13000
4337,69000
4338,42000
4339,32000
4340,31000
4341,31000
4342,20000
4343,50000
4344,4600
4345,25000
4346,12000
4347,51000
4348,36000
4349,55000
4350,6100
4351,9000
4352,4100
4353,13000
4354,13000
4355,31000
4356,32000
4357,9200
4358,11000
4359,11000
4360,12000
4361,48000
4362,9300
4363,69000
4364,9400
4365,29000
4366,41000
4367,52000
4368,18000
4369,10000
4370,10000
4371,13000
4372,43000
4373,16000
4374,11000
4375,53000
4376,17000
4377,14000
4378,13000
4379,13000
4380,28000
4381,8000
4382,44000
4383,9900
4384,55000
4385,24000
4386,43000
4387,7200
4388,64000
4389,18000
4390,22000
4391,30000
4392,26000
4393,5300
4394,26000
4395,29000
4396,12000
4397,34000
4398,12000
4399,22000
4400,12000
4401,8200
4402,16000
4403,56000
4404,12000
4405,6700
4406,12000
4407,39000
4408,38000
4409,13000
4410,12000
4411,8600
4412,49000
4413,62000
4414,26000
4415,26000
4416,17000
4417,27000
4418,6100
4419,52000
4420,24000
4421,37000
4422,27000
4423,47000
4424,17000
4425,12000
4426,52000
4427,69000
4428,35000
4429,16000
4430,44000
4431,24000
4432,19000
4433,24000
4434,25000
4435,48000
4436,57000
4437,28000
4438,44000
4439,8700
4440,13000
4441,30000
4442,13000
4443,25000
4444,12000
4445,43000
4446,30000
4447,43000
4448,5900
4449,44000
4450,12000
4451,12000
4452,13000
4453,12000
4454,39000
4455,25000
4456,12000
4457,38000
4458,35000
4459,14000
4460,69000
4461,51000
4462,19000
4463,37000
4464,55000
4465,22000
4466,13000
4467,13000
4468,29000
4469,24000
4470,11000
4471,44000
4472,13000
4473,51000
4474,5500
4475,25000
4476,57000
4477,39000
4478,9900
4479,20000
4480,10000
4481,17000
4482,63000
4483,57000
4484,2900
4485,62000
4486,12000
4487,35000
4488,1300
4489,13000
4490,13000
4491,69000
4492,13000
4493,23000
4494,28000
4495,11000
4496,46000
4497,51000
4498,11000
4499,25000
4500,57000
4501,2000
4502,12000
4503,12000
4504,29000
4505,32000
4506,12000
4507,12000
4508,52000
4509,22000
4510,3800
4511,13000
4512,22000
4513,45000
4514,2900
4515,12000
4516,12000
4517,22000
4518,41000
4519,36000
4520,58000
4521,12000
4522,12000
4523,22000
4524,13000
4525,13000
4526,24000
4527,13000
4528,12000
4529,47000
4530,25000
4531,580
4532,10000
4533,9900
4534,28000
4535,6700
4536,53000
4537,40000
4538,51000
4539,12000
4540,20000
4541,34000
4542,12000
4543,16000
4544,46000
4545,49000
4546,12000
4547,47000
4548,69000
4549,12000
4550,44000
4551,16000
4552,13000
4553,14000
4554,3300
4555,24000
4556,13000
4557,64000
4558,8100
4559,5900
4560,6100
4561,27000
4562,16000
4563,4300
4564,2200
4565,69000
4566,61000
4567,15000
4568,31000
4569,46000
4570,11000
4571,13000
4572,13000
4573,62000
4574,13000
4575,38000
4576,13000
4577,19000
4578,40000
4579,21000
4580,56000
4581,9500
4582,13000
4583,12000
4584,53000
4585,69000
4586,47000
4587,3700
4588,46000
4589,13000
4590,45000
4591,10000
4592,24000
4593,7300
4594,30000
4595,58000
4596,13000
4597,30000
4598,12000
4599,52000
4600,10000
4601,55000
4602,60000
4603,4500
4604,13000
4605,22000
4606,61000
4607,13000
4608,38000
4609,13000
4610,9000
4611,12000
4612,9600
4613,12000
4614,5300
4615,12000
4616,64000
4617,12000
4618,20000
4619,13000
4620,35000
4621,11000
4622,28000
4623,22000
4624,8100
4625,25000
4626,27000
4627,12000
4628,27000
4629,12000
4630,27000
4631,51000
4632,12000
4633,21000
4634,69000
4635,11000
4636,12000
4637,17000
4638,15000
4639,5500
4640,55000
4641,23000
4642,11000
4643,11000
4644,290
4645,14000
4646,15000
4647,18000
4648,12000
4649,10000
4650,35000
4651,11000
4652,31000
4653,12000
4654,8000
4655,46000
4656,52000
4657,24000
4658,12000
4659,13000
4660,21000
4661,6700
4662,8900
4663,40000
4664,28000
4665,26000
4666,19000
4667,38000
4668,33000
4669,45000
4670,9800
4671,27000
4672,49000
4673,39000
4674,13000
4675,56000
4676,31000
4677,13000
4678,52000
4679,12000
4680,3600
4681,1800
4682,56000
4683,21000
4684,53000
4685,34000
4686,14000
4687,20000
4688,45000
4689,13000
4690,22000
4691,33000
4692,10000
4693,33000
4694,28000
4695,12000
4696,28000
4697,42000
4698,17000
4699,13000
4700,12000
4701,52000
4702,12000
4703,63000
4704,4800
4705,13000
4706,9500
4707,1900
4708,36000
4709,12000
4710,12000
4711,40000
4712,43000
4713,9200
4714,64000
4715,29000
4716,14000
4717,69000
4718,56000
4719,49000
4720,25000
4721,12000
4722,18000
4723,28000
4724,17000
4725,43000
4726,42000
4727,22000
4728,21000
4729,3800
4730,13000
4731,48000
4732,12000
4733,12000
4734,52000
4735,30000
4736,12000
4737,13000
4738,32000
4739,18000
4740,25000
4741,44000
4742,12000
4743,13000
4744,27000
4745,12000
4746,20000
4747,41000
4748,11000
4749,18000
4750,12000
4751,65000
4752,69000
4753,38000
4754,6700
4755,22000
4756,63000
4757,12000
4758,65000
4759,50000
4760,21000
4761,49000
4762,35000
4763,12000
4764,13000
4765,23000
4766,35000
4767,13000
4768,36000
4769,13000
4770,24000
4771,1800
4772,13000
4773,12000
4774,69000
4775,13000
4776,30000
4777,21000
4778,52000
4779,23000
4780,25000
4781,44000
4782,50000
4783,5800
4784,13000
4785,9300
4786,6700
4787,4200
4788,12000
4789,56000
4790,48000
4791,69000
4792,13000
4793,62000
4794,37000
4795,13000
4796,41000
4797,13000
4798,21000
4799,69000
4800,12000
4801,26000
4802,22000
4803,12000
4804,32000
4805,29000
4806,12000
4807,38000
4808,13000
4809,13000
4810,25000
4811,32000
4812,21000
4813,13000
4814,62000
4815,51000
4816,4900
4817,12000
4818,49000
4819,4500
4820,21000
4821,15000
4822,8500
4823,9400
4824,27000
4825,13000
4826,69000
4827,18000
4828,12000
4829,52000
4830,6700
4831,24000
4832,68000
4833,9400
4834,13000
4835,12000
4836,32000
4837,40000
4838,1400
4839,20000
4840,15000
4841,21000
4842,11000
4843,23000
4844,18000
4845,13000
4846,22000
4847,51000
4848,12000
4849,12000
4850,12000
4851,38000
4852,51000
4853,69000
4854,10000
4855,20000
4856,23000
4857,35000
4858,20000
4859,7000
4860,12000
4861,45000
4862,22000
4863,12000
4864,24000
4865,10000
4866,7800
4867,44000
4868,27000
4869,43000
4870,61000
4871,7700
4872,12000
4873,13000
4874,47000
4875,40000
4876,39000
4877,12000
4878,4600
4879,12000
4880,56000
4881,29000
4882,13000
4883,18000
4884,6900
4885,13000
4886,31000
4887,19000
4888,4700
4889,12000
4890,18000
4891,9800
4892,5100
4893,11000
4894,53000
4895,69000
4896,65000
4897,2000
4898,28000
4899,4800
4900,9000
4901,13000
4902,35000
4903,41000
4904,34000
4905,7600
4906,44000
4907,13000
4908,12000
4909,24000
4910,44000
4911,12000
4912,37000
4913,31000
4914,24000
4915,22000
4916,13000
4917,28000
4918,320
4919,28000
4920,13000
4921,20000
4922,16000
4923,16000
4924,4300
4925,18000
4926,25000
4927,15000
4928,28000
4929,13000
4930,10000
4931,13000
4932,22000
4933,16000
4934,16000
4935,13000
4936,19000
4937,48000
4938,43000
4939,31000
4940,37000
4941,14000
4942,42000
4943,54000
4944,35000
4945,31000
4946,24000
4947,6700
4948,12000
4949,16000
4950,5200
4951,29000
4952,13000
4953,39000
4954,27000
4955,16000
4956,38000
4957,7400
4958,12000
4959,25000
4960,38000
4961,39000
4962,22000
4963,12000
4964,2000
4965,29000
4966,51000
4967,12000
4968,69000
4969,18000
4970,24000
4971,8700
4972,12000
4973,12000
4974,69000
4975,50000
4976,21000
4977,31000
4978,12000
4979,23000
4980,13000
4981,48000
4982,69000
4983,13000
4984,52000
4985,12000
4986,14000
4987,69000
4988,13000
4989,13000
4990,6500
4991,63000
4992,13000
4993,42000
4994,60000
4995,12000
4996,11000
4997,13000
4998,6000
4999,10000
5000,12000
5001,13000
5002,16000
5003,25000
5004,69000
5005,3700
5006,23000
5007,25000
5008,39000
5009,55000
5010,9700
5011,17000
5012,12000
5013,25000
5014,69000
5015,30000
5016,11000
5017,26000
5018,13000
5019,12000
5020,45000
5021,38000
5022,13000
5023,19000
5024,18000
5025,13000
5026,13000
5027,15000
5028,18000
5029,20000
5030,42000
5031,26000
5032,24000
5033,12000
5034,44000
5035,6400
5036,2500
5037,19000
5038,2000
5039,12000
5040,13000
5041,2900
5042,12000
5043,18000
5044,46000
5045,32000
5046,11000
5047,6000
5048,43000
5049,9600
5050,6700
5051,12000
5052,12000
5053,7400
5054,51000
5055,31000
5056,13000
5057,33000
5058,11000
5059,6500
5060,12000
5061,8800
5062,28000
5063,50000
5064,16000
5065,11000
5066,54000
5067,13000
5068,42000
5069,48000
5070,13000
5071,24000
5072,13000
5073,26000
5074,13000
5075,12000
5076,12000
5077,52000
5078,13000
5079,13000
5080,31000
5081,8800
5082,9000
5083,57000
5084,34000
5085,43000
5086,51000
5087,28000
5088,44000
5089,47000
5090,6300
5091,13000
5092,11000
5093,29000
5094,51000
5095,37000
5096,20000
5097,56000
5098,15000
5099,45000
5100,31000
5101,13000
5102,38000
5103,13000
5104,12000
5105,44000
5106,5900
5107,16000
5108,16000
5109,7300
5110,900
5111,44000
5112,39000
5113,12000
5114,4500
5115,12000
5116,12000
5117,69000
5118,12000
5119,50000
5120,69000
5121,45000
5122,14000
5123,59000
5124,57000
5125,12000
5126,17000
5127,13000
5128,13000
5129,29000
5130,37000
5131,30000
5132,12000
5133,69000
5134,13000
5135,12000
5136,12000
5137,69000
5138,37000
5139,26000
5140,26000
5141,49000
5142,12000
5143,33000
5144,36000
5145,34000
5146,21000
5147,17000
5148,9500
5149,12000
5150,34000
5151,12000
5152,12000
5153,21000
5154,13000
5155,51000
5156,21000
5157,37000
5158,12000
5159,69000
5160,21000
5161,33000
5162,12000
5163,11000
5164,26000
5165,12000
5166,5600
5167,28000
5168,12000
5169,8000
5170,41000
5171,8500
5172,16000
5173,18000
5174,16000
5175,41000
5176,13000
5177,13000
5178,13000
5179,22000
5180,47000
5181,69000
5182,69000
5183,14000
5184,51000
5185,38000
5186,16000
5187,16000
5188,47000
5189,19000
5190,12000
5191,69000
5192,9100
5193,51000
5194,29000
5195,44000
5196,18000
5197,53000
5198,27000
5199,11000
5200,12000
5201,31000
5202,56000
5203,9200
5204,9800
5205,52000
5206,6000
5207,32000
5208,26000
5209,12000
5210,12000
5211,12000
5212,22000
5213,5400
5214,21000
5215,5500
5216,69000
5217,13000
5218,51000
5219,7400
5220,48000
5221,10000
5222,4400
5223,37000
5224,32000
5225,16000
5226,33000
5227,23000
5228,38000
5229,52000
5230,4100
5231,38000
5232,13000
5233,21000
5234,12000
5235,12000
5236,22000
5237,12000
5238,12000
5239,13000
5240,23000
5241,12000
5242,26000
5243,12000
5244,4200
5245,27000
5246,38000
5247,17000
5248,12000
5249,64000
5250,14000
5251,20000
5252,45000
5253,13000
5254,12000
5255,66000
5256,28000
5257,69000
5258,28000
5259,45000
5260,15000
5261,69000
5262,9600
5263,44000
5264,24000
5265,13000
5266,26000
5267,39000
5268,44000
5269,45000
5270,37000
5271,13000
5272,38000
5273,21000
5274,69000
5275,13000
5276,40000
5277,13000
5278,28000
5279,13000
5280,51000
5281,24000
5282,18000
5283,12000
5284,12000
5285,15000
5286,13000
5287,56000
5288,43000
5289,6600
5290,42000
5291,57000
5292,23000
5293,4500
5294,69000
5295,51000
5296,69000
5297,27000
5298,16000
5299,9000
5300,21000
5301,20000
5302,42000
5303,56000
5304,13000
5305,13000
5306,49000
5307,40000
5308,12000
5309,68000
5310,25000
5311,13000
5312,13000
5313,69000
5314,21000
5315,12000
5316,59000
5317,43000
5318,50000
5319,12000
5320,11000
5321,32000
5322,13000
5323,7300
5324,9200
5325,12000
5326,12000
5327,69000
5328,26000
5329,25000
5330,3600
5331,69000
5332,4000
5333,10000
5334,12000
5335,23000
5336,23000
5337,30000
5338,13000
5339,45000
5340,19000
5341,15000
5342,11000
5343,13000
5344,9800
5345,20000
5346,28000
5347,16000
5348,47000
5349,36000
5350,35000
5351,13000
5352,16000
5353,48000
5354,40000
5355,37000
5356,6100
5357,43000
5358,13000
5359,12000
5360,45000
5361,30000
5362,42000
5363,13000
5364,21000
5365,30000
5366,22000
5367,13000
5368,16000
5369,69000
5370,9400
5371,52000
5372,41000
5373,12000
5374,9100
5375,57000
5376,20000
5377,13000
5378,6500
5379,13000
5380,18000
5381,16000
5382,60000
5383,41000
5384,28000
5385,13000
5386,32000
5387,10000
5388,24000
5389,28000
5390,44000
5391,17000
5392,13000
5393,51000
5394,27000
5395,42000
5396,12000
5397,43000
5398,13000
5399,22000
5400,11000
5401,13000
5402,4700
5403,15000
5404,12000
5405,2700
5406,69000
5407,500
5408,13000
5409,13000
5410,10000
5411,20000
5412,13000
5413,5100
5414,13000
5415,50000
5416,12000
5417,63000
5418,12000
5419,39000
5420,12000
5421,13000
5422,69000
5423,48000
5424,13000
5425,25000
5426,13000
5427,16000
5428,27000
5429,29000
5430,42000
5431,40000
5432,12000
5433,50000
5434,26000
5435,53000
5436,20000
5437,19000
5438,62000
5439,13000
5440,22000
5441,14000
5442,69000
5443,19000
5444,69000
5445,24000
5446,34000
5447,6800
5448,12000
5449,33000
5450,12000
5451,2500
5452,42000
5453,35000
5454,12000
5455,8600
5456,13000
5457,4600
5458,13000
5459,25000
5460,69000
5461,13000
5462,9100
5463,53000
5464,13000
5465,5500
5466,31000
5467,5200
5468,30000
5469,13000
5470,6900
5471,11000
5472,37000
5473,35000
5474,23000
5475,24000
5476,27000
5477,69000
5478,59000
5479,10000
5480,63000
5481,44000
5482,29000
5483,12000
5484,51000
5485,51000
5486,33000
5487,29000
5488,12000
5489,22000
5490,13000
5491,12000
5492,6000
5493,66000
5494,19000
5495,44000
5496,12000
5497,4500
5498,12000
5499,9900
5500,5800
5501,3800
5502,8400
5503,33000
5504,69000
5505,69000
5506,13000
5507,2100
5508,65000
5509,7600
5510,4100
5511,4400
5512,45000
5513,14000
5514,19000
5515,18000
5516,13000
5517,20000
5518,69000
5519,49000
5520,41000
5521,44000
5522,44000
5523,11000
5524,10000
5525,15000
5526,12000
5527,25000
5528,6500
5529,18000
5530,25000
5531,24000
5532,23000
5533,22000
5534,42000
5535,52000
5536,38000
5537,13000
5538,24000
5539,11000
5540,30000
5541,42000
5542,44000
5543,17000
5544,13000
5545,69000
5546,11000
5547,38000
5548,28000
5549,32000
5550,69000
5551,960
5552,28000
5553,7000
5554,11000
5555,46000
5556,31000
5557,22000
5558,8900
5559,12000
5560,41000
5561,29000
5562,5200
5563,7000
5564,13000
5565,890
5566,16000
5567,11000
5568,20000
5569,17000
5570,13000
5571,24000
5572,12000
5573,49000
5574,11000
5575,12000
5576,24000
5577,40000
5578,48000
5579,27000
5580,12000
5581,38000
5582,12000
5583,25000
5584,24000
5585,13000
5586,52000
5587,12000
5588,24000
5589,69000
5590,69000
5591,5300
5592,12000
5593,12000
5594,13000
5595,12000
5596,12000
5597,17000
5598,52000
5599,22000
5600,25000
5601,18000
5602,40000
5603,52000
5604,25000
5605,13000
5606,12000
5607,7000
5608,12000
5609,37000
5610,18000
5611,23000
5612,11000
5613,25000
5614,28000
5615,21000
5616,12000
5617,8000
5618,29000
5619,22000
5620,23000
5621,9800
5622,32000
5623,13000
5624,36000
5625,12000
5626,27000
5627,6500
5628,22000
5629,13000
5630,23000
5631,4600
5632,32000
5633,65000
5634,4800
5635,49000
5636,12000
5637,27000
5638,13000
5639,30000
5640,17000
5641,4100
5642,12000
5643,6500
5644,9300
5645,13000
5646,3000
5647,12000
5648,16000
5649,12000
5650,13000
5651,49000
5652,14000
5653,3400
5654,6600
5655,6600
5656,29000
5657,69000
5658,36000
5659,12000
5660,27000
5661,16000
5662,19000
5663,12000
5664,3600
5665,5900
5666,12000
5667,8400
5668,3800
5669,69000
5670,4700
5671,37000
5672,15000
5673,3900
5674,69000
5675,16000
5676,4900
5677,13000
5678,6900
5679,12000
5680,8600
5681,34000
5682,7500
5683,48000
5684,12000
5685,3600
5686,15000
5687,23000
5688,13000
5689,43000
5690,16000
5691,13000
5692,41000
5693,66000
5694,53000
5695,13000
5696,13000
5697,69000
5698,18000
5699,18000
5700,20000
5701,21000
5702,32000
5703,33000
5704,13000
5705,13000
5706,28000
5707,69000
5708,32000
5709,44000
5710,14000
5711,19000
5712,43000
5713,56000
5714,12000
5715,27000
5716,6600
5717,52000
5718,8700
5719,4700
5720,62000
5721,11000
5722,50000
5723,32000
5724,4100
5725,11000
5726,53000
5727,5900
5728,15000
5729,48000
5730,38000
5731,12000
5732,69000
5733,15000
5734,17000
5735,61000
5736,26000
5737,69000
5738,13000
5739,23000
5740,20000
5741,32000
5742,13000
5743,22000
5744,12000
5745,50000
5746,12000
5747,31000
5748,12000
5749,69000
5750,13000
5751,17000
5752,62000
5753,9800
5754,20000
5755,5400
5756,14000
5757,51000
5758,19000
5759,64000
5760,69000
5761,40000
5762,12000
5763,40000
5764,13000
5765,24000
5766,33000
5767,36000
5768,33000
5769,32000
5770,31000
5771,13000
5772,40000
5773,12000
5774,69000
5775,27000
5776,24000
5777,44000
5778,6700
5779,56000
5780,12000
5781,32000
5782,33000
5783,24000
5784,13000
5785,32000
5786,46000
5787,6700
5788,12000
5789,69000
5790,68000
5791,60000
5792,13000
5793,41000
5794,40000
5795,5600
5796,53000
5797,41000
5798,19000
5799,20000
5800,5800
5801,19000
5802,69000
5803,17000
5804,18000
5805,55000
5806,12000
5807,31000
5808,13000
5809,25000
5810,22000
5811,32000
5812,36000
5813,10000
5814,35000
5815,4900
5816,12000
5817,12000
5818,12000
5819,40000
5820,12000
5821,69000
5822,58000
5823,20000
5824,4700
5825,9800
5826,4200
5827,25000
5828,13000
5829,12000
5830,10000
5831,6800
5832,13000
5833,26000
5834,35000
5835,12000
5836,12000
5837,22000
5838,39000
5839,12000
5840,36000
5841,13000
5842,9900
5843,30000
5844,4500
5845,24000
5846,21000
5847,26000
5848,30000
5849,38000
5850,4700
5851,27000
5852,5200
5853,35000
5854,45000
5855,49000
5856,28000
5857,27000
5858,28000
5859,24000
5860,21000
5861,14000
5862,29000
5863,52000
5864,19000
5865,8600
5866,23000
5867,53000
5868,5600
5869,69000
5870,13000
5871,49000
5872,13000
5873,12000
5874,28000
5875,17000
5876,19000
5877,32000
5878,5800
5879,19000
5880,15000
5881,20000
5882,26000
5883,5500
5884,63000
5885,4600
5886,41000
5887,13000
5888,9300
5889,69000
5890,28000
5891,5700
5892,12000
5893,1700
5894,38000
5895,24000
5896,18000
5897,13000
5898,12000
5899,7100
5900,69000
5901,13000
5902,12000
5903,13000
5904,26000
5905,7700
5906,9800
5907,5600
5908,9500
5909,12000
5910,30000
5911,16000
5912,56000
5913,10000
5914,12000
5915,52000
5916,13000
5917,13000
5918,34000
5919,28000
5920,14000
5921,43000
5922,16000
5923,41000
5924,27000
5925,47000
5926,12000
5927,12000
5928,59000
5929,13000
5930,4600
5931,69000
5932,52000
5933,14000
5934,10000
5935,69000
5936,12000
5937,6600
5938,19000
5939,27000
5940,13000
5941,6200
5942,50000
5943,12000
5944,12000
5945,30000
5946,27000
5947,39000
5948,63000
5949,35000
5950,47000
5951,9400
5952,38000
5953,31000
5954,21000
5955,6000
5956,13000
5957,30000
5958,30000
5959,12000
5960,20000
5961,6400
5962,20000
5963,39000
5964,43000
5965,20000
5966,24000
5967,12000
5968,51000
5969,6500
5970,20000
5971,57000
5972,13000
5973,34000
5974,13000
5975,26000
5976,12000
5977,13000
5978,17000
5979,23000
5980,37000
5981,52000
5982,13000
5983,48000
5984,4900
5985,14000
5986,40000
5987,4600
5988,18000
5989,61000
5990,18000
5991,58000
5992,33000
5993,31000
5994,27000
5995,20000
5996,48000
5997,69000
5998,12000
5999,49000
6000,27000
6001,32000
6002,42000
6003,13000
6004,68000
6005,13000
6006,12000
6007,21000
6008,27000
6009,56000
6010,17000
6011,28000
6012,34000
6013,23000
6014,11000
6015,58000
6016,12000
6017,63000
6018,2200
6019,20000
6020,26000
6021,13000
6022,39000
6023,12000
6024,39000
6025,41000
6026,12000
6027,50000
6028,12000
6029,69000
6030,3000
6031,13000
6032,65000
6033,47000
6034,35000
6035,11000
6036,27000
6037,17000
6038,1100
6039,9500
6040,25000
6041,46000
6042,30000
6043,18000
6044,1800
6045,15000
6046,11000
6047,12000
6048,40000
6049,36000
6050,69000
6051,38000
6052,64000
6053,9700
6054,22000
6055,6400
6056,22000
6057,12000
6058,12000
6059,13000
6060,12000
6061,17000
6062,12000
6063,9100
6064,20000
6065,22000
6066,43000
6067,48000
6068,64000
6069,14000
6070,13000
6071,12000
6072,12000
6073,12000
6074,26000
6075,11000
6076,11000
6077,12000
6078,47000
6079,69000
6080,63000
6081,18000
6082,12000
6083,4800
6084,6300
6085,12000
6086,32000
6087,28000
6088,12000
6089,3000
6090,62000
6091,25000
6092,21000
6093,25000
6094,36000
6095,6700
6096,49000
6097,41000
6098,12000
6099,35000
6100,22000
6101,54000
6102,12000
6103,5100
6104,43000
6105,41000
6106,13000
6107,31000
6108,45000
6109,13000
6110,45000
6111,28000
6112,8400
6113,60000
6114,20000
6115,13000
6116,11000
6117,12000
6118,27000
6119,8400
6120,12000
6121,44000
6122,43000
6123,4300
6124,34000
6125,12000
6126,26000
6127,9000
6128,51000
6129,4000
6130,13000
6131,11000
6132,18000
6133,37000
6134,12000
6135,26000
6136,25000
6137,26000
6138,36000
6139,50000
6140,27000
6141,7200
6142,13000
6143,25000
6144,47000
6145,15000
6146,12000
6147,37000
6148,19000
6149,33000
6150,33000
6151,13000
6152,60000
6153,7000
6154,50000
6155,30000
6156,19000
6157,16000
6158,37000
6159,12000
6160,69000
6161,6400
6162,44000
6163,13000
6164,69000
6165,13000
6166,69000
6167,53000
6168,10000
6169,41000
6170,43000
6171,42000
6172,69000
6173,19000
6174,27000
6175,13000
6176,29000
6177,13000
6178,12000
6179,23000
6180,20000
6181,9500
6182,7600
6183,20000
6184,9300
6185,13000
6186,36000
6187,11000
6188,10000
6189,13000
6190,31000
6191,6100
6192,8000
6193,17000
6194,34000
6195,50000
6196,39000
6197,53000
6198,13000
6199,18000
6200,12000
6201,12000
6202,14000
6203,24000
6204,27000
6205,13000
6206,12000
6207,27000
6208,39000
6209,16000
6210,12000
6211,22000
6212,47000
6213,69000
6214,13000
6215,36000
6216,13000
6217,9900
6218,12000
6219,55000
6220,15000
6221,12000
6222,53000
6223,30000
6224,12000
6225,6000
6226,27000
6227,69000
6228,17000
6229,48000
6230,21000
6231,16000
6232,19000
6233,13000
6234,3700
6235,13000
6236,21000
6237,69000
6238,2900
6239,40000
6240,41000
6241,14000
6242,38000
6243,13000
6244,59000
6245,13000
6246,12000
6247,44000
6248,66000
6249,31000
6250,60000
6251,6600
6252,30000
6253,7000
6254,59000
6255,65000
6256,8000
6257,12000
6258,52000
6259,18000
6260,12000
6261,30000
6262,11000
6263,22000
6264,29000
6265,6000
6266,13000
6267,57000
6268,24000
6269,25000
6270,28000
6271,14000
6272,30000
6273,13000
6274,27000
6275,20000
6276,27000
6277,6500
6278,13000
6279,64000
6280,37000
6281,30000
6282,12000
6283,13000
6284,13000
6285,44000
6286,45000
6287,47000
6288,12000
6289,12000
6290,40000
6291,24000
6292,62000
6293,13000
6294,9400
6295,13000
6296,41000
6297,330
6298,12000
6299,11000
6300,43000
6301,69000
6302,13000
6303,6200
6304,12000
6305,68000
6306,32000
6307,13000
6308,330
6309,10000
6310,5300
6311,28000
6312,13000
6313,53000
6314,14000
6315,56000
6316,16000
6317,49000
6318,12000
6319,21000
6320,20000
6321,69000
6322,11000
6323,12000
6324,48000
6325,22000
6326,13000
6327,7300
6328,22000
6329,6800
6330,12000
6331,13000
6332,13000
6333,22000
6334,12000
6335,5500
6336,13000
6337,69000
6338,16000
6339,13000
6340,5300
6341,8200
6342,12000
6343,69000
6344,69000
6345,36000
6346,37000
6347,12000
6348,64000
6349,14000
6350,250
6351,47000
6352,33000
6353,19000
6354,13000
6355,13000
6356,69000
6357,32000
6358,12000
6359,38000
6360,17000
6361,10000
6362,12000
6363,13000
6364,69000
6365,40000
6366,18000
6367,51000
6368,49000
6369,17000
6370,13000
6371,44000
6372,64000
6373,13000
6374,51000
6375,36000
6376,69000
6377,17000
6378,13000
6379,32000
6380,39000
6381,20000
6382,24000
6383,25000
6384,5600
6385,5300
6386,58000
6387,13000
6388,48000
6389,13000
6390,12000
6391,12000
6392,17000
6393,14000
6394,37000
6395,11000
6396,69000
6397,9800
6398,12000
6399,35000
6400,5700
6401,25000
6402,12000
6403,5400
6404,17000
6405,62000
6406,29000
6407,69000
6408,40000
6409,18000
6410,12000
6411,42000
6412,27000
6413,2700
6414,12000
6415,21000
6416,15000
6417,5800
6418,16000
6419,22000
6420,11000
6421,23000
6422,69000
6423,16000
6424,13000
6425,19000
6426,12000
6427,31000
6428,45000
6429,15000
6430,15000
6431,38000
6432,12000
6433,32000
6434,37000
6435,12000
6436,4700
6437,36000
6438,5600
6439,43000
6440,26000
6441,5400
6442,28000
6443,22000
6444,9700
6445,12000
6446,69000
6447,14000
6448,13000
6449,13000
6450,12000
6451,9400
6452,41000
6453,21000
6454,31000
6455,65000
6456,29000
6457,13000
6458,22000
6459,6000
6460,8100
6461,32000
6462,51000
6463,13000
6464,12000
6465,21000
6466,69000
6467,27000
6468,12000
6469,9700
6470,16000
6471,41000
6472,59000
6473,69000
6474,4600
6475,34000
6476,13000
6477,51000
6478,36000
6479,13000
6480,48000
6481,13000
6482,48000
6483,7100
6484,12000
6485,29000
6486,42000
6487,9500
6488,49000
6489,50000
6490,25000
6491,9400
6492,30000
6493,12000
6494,57000
6495,37000
6496,50000
6497,13000
6498,52000
6499,69000
6500,12000
6501,6100
6502,26000
6503,33000
6504,47000
6505,20000
6506,30000
6507,39000
6508,12000
6509,13000
6510,5500
6511,20000
6512,12000
6513,44000
6514,11000
6515,12000
6516,40000
6517,45000
6518,13000
6519,9800
6520,12000
6521,17000
6522,3400
6523,12000
6524,13000
6525,36000
6526,51000
6527,6700
6528,23000
6529,13000
6530,46000
6531,68000
6532,69000
6533,13000
6534,52000
6535,27000
6536,18000
6537,5900
6538,13000
6539,42000
6540,10000
6541,51000
6542,13000
6543,25000
6544,15000
6545,69000
6546,69000
6547,13000
6548,32000
6549,12000
6550,38000
6551,13000
6552,27000
6553,13000
6554,12000
6555,22000
6556,38000
6557,13000
6558,30000
6559,27000
6560,12000
6561,12000
6562,650
6563,21000
6564,13000
6565,12000
6566,50000
6567,69000
6568,12000
6569,45000
6570,51000
6571,60000
6572,32000
6573,12000
6574,41000
6575,17000
6576,37000
6577,6200
6578,28000
6579,35000
6580,8700
6581,36000
6582,12000
6583,17000
6584,31000
6585,55000
6586,43000
6587,69000
6588,9300
6589,50000
6590,19000
6591,12000
6592,25000
6593,33000
6594,13000
6595,5500
6596,19000
6597,3000
6598,39000
6599,18000
6600,22000
6601,7700
6602,69000
6603,13000
6604,350
6605,12000
6606,1400
6607,2300
6608,3600
6609,40000
6610,51000
6611,27000
6612,41000
6613,18000
6614,12000
6615,18000
6616,10000
6617,49000
6618,39000
6619,33000
6620,2100
6621,31000
6622,20000
6623,13000
6624,33000
6625,13000
6626,63000
6627,52000
6628,28000
6629,61000
6630,69000
6631,62000
6632,35000
6633,12000
6634,1500
6635,12000
6636,12000
6637,13000
6638,7800
6639,69000
6640,69000
6641,12000
6642,31000
6643,27000
6644,16000
6645,48000
6646,28000
6647,68000
6648,11000
6649,47000
6650,7600
6651,49000
6652,32000
6653,12000
6654,18000
6655,5800
6656,10000
6657,28000
6658,31000
6659,31000
6660,12000
6661,10000
6662,56000
6663,12000
6664,37000
6665,6400
6666,26000
6667,20000
6668,36000
6669,17000
6670,14000
6671,24000
6672,8300
6673,47000
6674,19000
6675,13000
6676,69000
6677,26000
6678,30000
6679,19000
6680,12000
6681,47000
6682,12000
6683,31000
6684,47000
6685,29000
6686,13000
6687,21000
6688,31000
6689,43000
6690,13000
6691,61000
6692,55000
6693,25000
6694,13000
6695,25000
6696,26000
6697,16000
6698,5500
6699,37000
6700,43000
6701,6600
6702,9700
6703,69000
6704,25000
6705,40000
6706,47000
6707,12000
6708,54000
6709,13000
6710,13000
6711,13000
6712,35000
6713,4400
6714,44000
6715,43000
6716,4400
6717,19000
6718,28000
6719,52000
6720,63000
6721,15000
6722,13000
6723,11000
6724,49000
6725,18000
6726,32000
6727,13000
6728,21000
6729,69000
6730,56000
6731,27000
6732,59000
6733,45000
6734,30000
6735,32000
6736,22000
6737,13000
6738,12000
6739,27000
6740,69000
6741,12000
6742,16000
6743,13000
6744,13000
6745,12000
6746,49000
6747,12000
6748,13000
6749,52000
6750,11000
6751,44000
6752,31000
6753,8000
6754,14000
6755,3300
6756,44000
6757,25000
6758,45000
6759,41000
6760,13000
6761,32000
6762,13000
6763,37000
6764,2400
6765,33000
6766,12000
6767,39000
6768,11000
6769,27000
6770,13000
6771,24000
6772,14000
6773,5900
6774,37000
6775,17000
6776,12000
6777,38000
6778,6100
6779,12000
6780,38000
6781,13000
6782,23000
6783,13000
6784,18000
6785,2600
6786,25000
6787,37000
6788,27000
6789,4800
6790,7700
6791,20000
6792,12000
6793,13000
6794,13000
6795,13000
6796,50000
6797,7900
6798,7100
6799,16000
6800,53000
6801,41000
6802,67000
6803,30000
6804,24000
6805,63000
6806,12000
6807,31000
6808,12000
6809,19000
6810,35000
6811,28000
6812,28000
6813,7300
6814,36000
6815,12000
6816,69000
6817,69000
6818,6500
6819,25000
6820,48000
6821,45000
6822,13000
6823,59000
6824,43000
6825,24000
6826,13000
6827,7300
6828,9200
6829,14000
6830,2000
6831,33000
6832,29000
6833,28000
6834,3000
6835,13000
6836,69000
6837,44000
6838,25000
6839,37000
6840,11000
6841,14000
6842,67000
6843,62000
6844,48000
6845,40000
6846,40000
6847,40000
6848,20000
6849,13000
6850,55000
6851,43000
6852,19000
6853,7300
6854,33000
6855,13000
6856,11000
6857,4400
6858,12000
6859,12000
6860,43000
6861,13000
6862,12000
6863,24000
6864,69000
6865,27000
6866,12000
6867,4700
6868,63000
6869,12000
6870,19000
6871,12000
6872,19000
6873,24000
6874,44000
6875,14000
6876,51000
6877,12000
6878,27000
6879,10000
6880,21000
6881,45000
6882,12000
6883,32000
6884,29000
6885,69000
6886,61000
6887,11000
6888,42000
6889,22000
6890,12000
6891,69000
6892,27000
6893,15000
6894,69000
6895,6400
6896,38000
6897,13000
6898,43000
6899,12000
6900,12000
6901,13000
6902,30000
6903,16000
6904,13000
6905,65000
6906,5800
6907,12000
6908,13000
6909,12000
6910,40000
6911,6100
6912,41000
6913,5100
6914,27000
6915,13000
6916,36000
6917,32000
6918,35000
6919,26000
6920,12000
6921,29000
6922,69000
6923,36000
6924,45000
6925,12000
6926,13000
6927,42000
6928,25000
6929,69000
6930,8700
6931,16000
6932,10000
6933,18000
6934,55000
6935,69000
6936,9900
6937,35000
6938,13000
6939,9400
6940,13000
6941,64000
6942,12000
6943,12000
6944,46000
6945,9900
6946,55000
6947,26000
6948,12000
6949,27000
6950,11000
6951,12000
6952,30000
6953,5700
6954,35000
6955,12000
6956,66000
6957,18000
6958,35000
6959,6500
6960,10000
6961,47000
6962,40000
6963,48000
6964,49000
6965,18000
6966,52000
6967,69000
6968,32000
6969,24000
6970,27000
6971,13000
6972,17000
6973,12000
6974,12000
6975,16000
6976,39000
6977,69000
6978,44000
6979,19000
6980,69000
6981,22000
6982,27000
6983,69000
6984,11000
6985,48000
6986,23000
6987,13000
6988,13000
6989,12000
6990,45000
6991,23000
6992,6900
6993,69000
6994,12000
6995,13000
6996,58000
6997,27000
6998,8200
6999,39000
7000,24000
7001,12000
7002,15000
7003,6500
7004,46000
7005,3500
7006,69000
7007,2200
7008,13000
7009,13000
7010,6000
7011,14000
7012,12000
7013,7000
7014,8200
7015,5700
7016,13000
7017,13000
7018,49000
7019,23000
7020,46000
7021,69000
7022,43000
7023,39000
7024,36000
7025,13000
7026,69000
7027,5200
7028,17000
7029,50000
7030,69000
7031,22000
7032,11000
7033,39000
7034,69000
7035,24000
7036,69000
7037,13000
7038,8000
7039,27000
7040,31000
7041,35000
7042,15000
7043,24000
7044,13000
7045,8800
7046,50000
7047,5800
7048,8700
7049,10000
7050,18000
7051,29000
7052,12000
7053,20000
7054,23000
7055,13000
7056,12000
7057,30000
7058,17000
7059,24000
7060,12000
7061,34000
7062,34000
7063,69000
7064,5300
7065,40000
7066,69000
7067,12000
7068,33000
7069,22000
7070,12000
7071,35000
7072,14000
7073,7900
7074,41000
7075,23000
7076,56000
7077,2100
7078,11000
7079,37000
7080,30000
7081,6400
7082,35000
7083,27000
7084,61000
7085,12000
7086,17000
7087,38000
7088,34000
7089,69000
7090,31000
7091,13000
7092,31000
7093,40000
7094,12000
7095,25000
7096,38000
7097,9700
7098,13000
7099,47000
7100,29000
7101,69000
7102,45000
7103,36000
7104,13000
7105,13000
7106,13000
7107,44000
7108,29000
7109,13000
7110,39000
7111,21000
7112,6500
7113,13000
7114,62000
7115,27000
7116,13000
7117,29000
7118,28000
7119,19000
7120,36000
7121,69000
7122,13000
7123,13000
7124,15000
7125,47000
7126,13000
7127,5200
7128,8500
7129,39000
7130,11000
7131,13000
7132,50000
7133,6800
7134,25000
7135,37000
7136,19000
7137,24000
7138,41000
7139,12000
7140,26000
7141,14000
7142,14000
7143,43000
7144,36000
7145,69000
7146,13000
7147,53000
7148,3800
7149,12000
7150,32000
7151,53000
7152,8400
7153,22000
7154,23000
7155,35000
7156,40000
7157,19000
7158,12000
7159,12000
7160,69000
7161,13000
7162,12000
7163,13000
7164,12000
7165,3500
7166,13000
7167,60000
7168,4300
7169,55000
7170,33000
7171,18000
7172,10000
7173,42000
7174,12000
7175,4600
7176,41000
7177,38000
7178,39000
7179,32000
7180,27000
7181,8700
7182,26000
7183,69000
7184,12000
7185,22000
7186,28000
7187,20000
7188,32000
7189,8400
7190,64000
7191,50000
7192,56000
7193,14000
7194,69000
7195,5600
7196,26000
7197,16000
7198,37000
7199,43000
7200,12000
7201,16000
7202,69000
7203,17000
7204,21000
7205,11000
7206,3400
7207,26000
7208,18000
7209,25000
7210,17000
7211,7200
7212,12000
7213,69000
7214,2000
7215,13000
7216,14000
7217,12000
7218,12000
7219,22000
7220,4800
7221,13000
7222,69000
7223,12000
7224,30000
7225,5600
7226,35000
7227,24000
7228,13000
7229,8000
7230,55000
7231,12000
7232,18000
7233,69000
7234,16000
7235,26000
7236,36000
7237,9100
7238,12000
7239,13000
7240,14000
7241,26000
7242,8300
7243,55000
7244,6500
7245,36000
7246,6700
7247,62000
7248,53000
7249,12000
7250,23000
7251,4100
7252,12000
7253,41000
7254,10000
7255,47000
7256,23000
7257,3000
7258,22000
7259,25000
7260,17000
7261,38000
7262,18000
7263,38000
7264,7200
7265,50000
7266,12000
7267,21000
7268,5200
7269,13000
7270,53000
7271,14000
7272,34000
7273,44000
7274,13000
7275,17000
7276,61000
7277,32000
7278,14000
7279,10000
7280,19000
7281,48000
7282,69000
7283,12000
7284,47000
7285,18000
7286,27000
7287,12000
7288,6000
7289,44000
7290,12000
7291,13000
7292,5500
7293,53000
7294,25000
7295,64000
7296,22000
7297,12000
7298,21000
7299,13000
7300,39000
7301,14000
7302,48000
7303,7400
7304,940
7305,26000
7306,12000
7307,24000
7308,21000
7309,11000
7310,31000
7311,20000
7312,11000
7313,5300
7314,39000
7315,69000
7316,46000
7317,40000
7318,12000
7319,22000
7320,13000
7321,13000
7322,4400
7323,69000
7324,59000
7325,11000
7326,41000
7327,32000
7328,13000
7329,38000
7330,25000
7331,69000
7332,27000
7333,3400
7334,17000
7335,34000
7336,18000
7337,24000
7338,39000
7339,51000
7340,12000
7341,13000
7342,12000
7343,69000
7344,13000
7345,16000
7346,41000
7347,40000
7348,45000
7349,12000
7350,34000
7351,69000
7352,51000
7353,4700
7354,12000
7355,28000
7356,25000
7357,69000
7358,12000
7359,20000
7360,10000
7361,29000
7362,6300
7363,29000
7364,5000
7365,13000
7366,12000
7367,23000
7368,69000
7369,55000
7370,28000
7371,16000
7372,25000
7373,58000
7374,17000
7375,51000
7376,5400
7377,4600
7378,15000
7379,11000
7380,13000
7381,53000
7382,58000
7383,28000
7384,35000
7385,42000
7386,52000
7387,31000
7388,33000
7389,14000
7390,35000
7391,69000
7392,29000
7393,13000
7394,60000
7395,9400
7396,35000
7397,69000
7398,24000
7399,3600
7400,13000
7401,26000
7402,24000
7403,11000
7404,69000
7405,51000
7406,50000
7407,40000
7408,13000
7409,23000
7410,68000
7411,12000
7412,13000
7413,1500
7414,13000
7415,69000
7416,40000
7417,13000
7418,15000
7419,5900
7420,22000
7421,41000
7422,22000
7423,1900
7424,33000
7425,59000
7426,34000
7427,6300
7428,55000
7429,6400
7430,21000
7431,12000
7432,12000
7433,40000
7434,24000
7435,69000
7436,42000
7437,22000
7438,21000
7439,12000
7440,28000
7441,29000
7442,3700
7443,31000
7444,44000
7445,18000
7446,15000
7447,23000
7448,45000
7449,27000
7450,61000
7451,13000
7452,13000
7453,13000
7454,69000
7455,43000
7456,46000
7457,14000
7458,22000
7459,16000
7460,69000
7461,2800
7462,66000
7463,56000
7464,1100
7465,64000
7466,69000
7467,25000
7468,20000
7469,31000
7470,12000
7471,44000
7472,8000
7473,41000
7474,22000
7475,16000
7476,23000
7477,13000
7478,24000
7479,21000
7480,57000
7481,27000
7482,45000
7483,33000
7484,5900
7485,12000
7486,5800
7487,69000
7488,55000
7489,16000
7490,30000
7491,18000
7492,66000
7493,33000
7494,17000
7495,31000
7496,64000
7497,11000
7498,5400
7499,13000
7500,13000
7501,21000
7502,13000
7503,49000
7504,20000
7505,12000
7506,10000
7507,37000
7508,56000
7509,15000
7510,13000
7511,12000
7512,14000
7513,45000
7514,40000
7515,12000
7516,39000
7517,53000
7518,12000
7519,12000
7520,45000
7521,13000
7522,19000
7523,13000
7524,69000
7525,26000
7526,12000
7527,15000
7528,17000
7529,45000
7530,8300
7531,12000
7532,35000
7533,63000
7534,7000
7535,7800
7536,19000
7537,21000
7538,12000
7539,32000
7540,12000
7541,12000
7542,69000
7543,10000
7544,42000
7545,20000
7546,43000
7547,44000
7548,57000
7549,38000
7550,14000
7551,13000
7552,13000
7553,13000
7554,13000
7555,13000
7556,2100
7557,16000
7558,41000
7559,56000
7560,12000
7561,25000
7562,2400
7563,18000
7564,13000
7565,19000
7566,29000
7567,49000
7568,24000
7569,14000
7570,6300
7571,12000
7572,12000
7573,35000
7574,20000
7575,41000
7576,26000
7577,31000
7578,13000
7579,13000
7580,33000
7581,35000
7582,15000
7583,12000
7584,69000
7585,39000
7586,47000
7587,14000
7588,55000
7589,12000
7590,32000
7591,12000
7592,69000
7593,4000
7594,13000
7595,60000
7596,1900
7597,24000
7598,13000
7599,18000
7600,7900
7601,13000
7602,32000
7603,13000
7604,17000
7605,12000
7606,12000
7607,27000
7608,69000
7609,57000
7610,31000
7611,43000
7612,21000
7613,14000
7614,22000
7615,46000
7616,5000
7617,30000
7618,37000
7619,28000
7620,30000
7621,60000
7622,17000
7623,29000
7624,36000
7625,12000
7626,53000
7627,21000
7628,13000
7629,18000
7630,36000
7631,12000
7632,28000
7633,13000
7634,25000
7635,12000
7636,2800
7637,5600
7638,12000
7639,69000
7640,13000
7641,13000
7642,28000
7643,69000
7644,7900
7645,27000
7646,33000
7647,19000
7648,10000
7649,4000
7650,12000
7651,9400
7652,3600
7653,38000
7654,12000
7655,69000
7656,25000
7657,48000
7658,12000
7659,54000
7660,12000
7661,13000
7662,10000
7663,21000
7664,23000
7665,12000
7666,13000
7667,47000
7668,29000
7669,17000
7670,16000
7671,13000
7672,13000
7673,18000
7674,17000
7675,12000
7676,3900
7677,35000
7678,13000
7679,26000
7680,12000
7681,12000
7682,52000
7683,13000
7684,6500
7685,24000
7686,8300
7687,17000
7688,19000
7689,3800
7690,12000
7691,6600
7692,21000
7693,40000
7694,23000
7695,69000
7696,31000
7697,23000
7698,37000
7699,60000
7700,12000
7701,35000
7702,9100
7703,10000
7704,58000
7705,1400
7706,41000
7707,30000
7708,8400
7709,12000
7710,44000
7711,12000
7712,16000
7713,30000
7714,37000
7715,69000
7716,12000
7717,43000
7718,37000
7719,8700
7720,12000
7721,18000
7722,22000
7723,40000
7724,49000
7725,40000
7726,25000
7727,44000
7728,25000
7729,34000
7730,6700
7731,61000
7732,10000
7733,13000
7734,14000
7735,13000
7736,29000
7737,15000
7738,53000
7739,52000
7740,41000
7741,34000
7742,12000
7743,38000
7744,15000
7745,29000
7746,6300
7747,30000
7748,12000
7749,13000
7750,10000
7751,29000
7752,13000
7753,65000
7754,21000
7755,22000
7756,12000
7757,35000
7758,31000
7759,1500
7760,34000
7761,47000
7762,20000
7763,69000
7764,9400
7765,14000
7766,43000
7767,20000
7768,50000
7769,47000
7770,30000
7771,12000
7772,25000
7773,5100
7774,12000
7775,12000
7776,11000
7777,12000
7778,51000
7779,13000
7780,69000
7781,57000
7782,21000
7783,13000
7784,69000
7785,13000
7786,22000
7787,42000
7788,5000
7789,32000
7790,27000
7791,40000
7792,3000
7793,34000
7794,35000
7795,21000
7796,55000
7797,37000
7798,13000
7799,11000
7800,29000
7801,12000
7802,69000
7803,52000
7804,37000
7805,42000
7806,69000
7807,12000
7808,24000
7809,13000
7810,6500
7811,12000
7812,28000
7813,11000
7814,4900
7815,17000
7816,47000
7817,16000
7818,11000
7819,12000
7820,17000
7821,12000
7822,12000
7823,43000
7824,17000
7825,49000
7826,11000
7827,14000
7828,69000
7829,25000
7830,2100
7831,13000
7832,35000
7833,5900
7834,15000
7835,12000
7836,6300
7837,28000
7838,2200
7839,30000
7840,12000
7841,22000
7842,50000
7843,12000
7844,26000
7845,6200
7846,15000
7847,30000
7848,20000
7849,31000
7850,10000
7851,13000
7852,56000
7853,27000
7854,22000
7855,13000
7856,12000
7857,16000
7858,43000
7859,32000
7860,12000
7861,52000
7862,8600
7863,13000
7864,12000
7865,47000
7866,13000
7867,20000
7868,12000
7869,37000
7870,11000
7871,18000
7872,51000
7873,42000
7874,8300
7875,32000
7876,12000
7877,25000
7878,6700
7879,13000
7880,69000
7881,12000
7882,27000
7883,4100
7884,10000
7885,69000
7886,25000
7887,25000
7888,2700
7889,8800
7890,7600
7891,13000
7892,4100
7893,44000
7894,14000
7895,12000
7896,2700
7897,29000
7898,27000
7899,13000
7900,69000
7901,44000
7902,45000
7903,14000
7904,13000
7905,13000
7906,41000
7907,26000
7908,29000
7909,13000
7910,18000
7911,340
7912,5800
7913,13000
7914,12000
7915,13000
7916,8300
7917,22000
7918,44000
7919,12000
7920,12000
7921,44000
7922,28000
7923,36000
7924,12000
7925,32000
7926,31000
7927,25000
7928,35000
7929,52000
7930,12000
7931,11000
7932,7100
7933,13000
7934,11000
7935,13000
7936,26000
7937,24000
7938,17000
7939,24000
7940,51000
7941,13000
7942,26000
7943,41000
7944,41000
7945,13000
7946,9300
7947,43000
7948,13000
7949,55000
7950,3700
7951,5900
7952,41000
7953,18000
7954,33000
7955,27000
7956,12000
7957,13000
7958,13000
7959,17000
7960,6100
7961,41000
7962,13000
7963,51000
7964,32000
7965,12000
7966,13000
7967,19000
7968,32000
7969,5800
7970,31000
7971,33000
7972,12000
7973,17000
7974,3700
7975,47000
7976,35000
7977,14000
7978,7000
7979,1700
7980,30000
7981,13000
7982,46000
7983,34000
7984,21000
7985,44000
7986,39000
7987,24000
7988,13000
7989,15000
7990,31000
7991,12000
7992,16000
7993,45000
7994,7700
7995,28000
7996,12000
7997,69000
7998,5700
7999,14000
8000,4100
8001,38000
8002,64000
8003,13000
8004,12000
8005,38000
8006,4100
8007,69000
8008,13000
8009,4600
8010,39000
8011,13000
8012,69000
8013,12000
8014,41000
8015,18000
8016,21000
8017,66000
8018,13000
8019,28000
8020,33000
8021,19000
8022,13000
8023,9800
8024,36000
8025,27000
8026,49000
8027,13000
8028,13000
8029,69000
8030,12000
8031,49000
8032,8000
8033,51000
8034,12000
8035,15000
8036,22000
8037,13000
8038,24000
8039,24000
8040,12000
8041,19000
8042,13000
8043,69000
8044,9000
8045,11000
8046,21000
8047,51000
8048,26000
8049,11000
8050,31000
8051,7000
8052,52000
8053,47000
8054,12000
8055,20000
8056,13000
8057,45000
8058,45000
8059,18000
8060,23000
8061,6700
8062,19000
8063,13000
8064,21000
8065,12000
8066,36000
8067,41000
8068,44000
8069,13000
8070,13000
8071,12000
8072,43000
8073,13000
8074,25000
8075,31000
8076,1500
8077,41000
8078,30000
8079,30000
8080,27000
8081,30000
8082,20000
8083,29000
8084,35000
8085,20000
8086,39000
8087,35000
8088,20000
8089,64000
8090,29000
8091,57000
8092,7700
8093,12000
8094,32000
8095,18000
8096,31000
8097,15000
8098,13000
8099,26000
8100,32000
8101,69000
8102,42000
8103,31000
8104,69000
8105,38000
8106,13000
8107,22000
8108,19000
8109,7100
8110,35000
8111,38000
8112,210
8113,43000
8114,43000
8115,33000
8116,13000
8117,26000
8118,26000
8119,33000
8120,17000
8121,40000
8122,13000
8123,13000
8124,21000
8125,18000
8126,51000
8127,52000
8128,13000
8129,13000
8130,36000
8131,26000
8132,13000
8133,69000
8134,35000
8135,37000
8136,17000
8137,12000
8138,7700
8139,35000
8140,6800
8141,27000
8142,6400
8143,44000
8144,35000
8145,7200
8146,12000
8147,69000
8148,12000
8149,11000
8150,5800
8151,7100
8152,44000
8153,55000
8154,16000
8155,63000
8156,13000
8157,33000
8158,55000
8159,23000
8160,17000
8161,17000
8162,69000
8163,36000
8164,13000
8165,13000
8166,24000
8167,12000
8168,13000
8169,31000
8170,32000
8171,39000
8172,5800
8173,12000
8174,17000
8175,12000
8176,19000
8177,25000
8178,24000
8179,68000
8180,60000
8181,49000
8182,39000
8183,51000
8184,69000
8185,31000
8186,5100
8187,1500
8188,69000
8189,17000
8190,12000
8191,8900
8192,40000
8193,10000
8194,5200
8195,13000
8196,29000
8197,19000
8198,35000
8199,12000
8200,39000
8201,52000
8202,19000
8203,36000
8204,14000
8205,40000
8206,43000
8207,3900
8208,9800
8209,12000
8210,69000
8211,12000
8212,4300
8213,12000
8214,69000
8215,21000
8216,8400
8217,20000
8218,11000
8219,13000
8220,57000
8221,13000
8222,3000
8223,22000
8224,29000
8225,15000
8226,16000
8227,3200
8228,44000
8229,10000
8230,44000
8231,29000
8232,12000
8233,24000
8234,12000
8235,12000
8236,13000
8237,30000
8238,47000
8239,14000
8240,68000
8241,11000
8242,13000
8243,13000
8244,26000
8245,13000
8246,13000
8247,13000
8248,44000
8249,21000
8250,27000
8251,17000
8252,6600
8253,12000
8254,69000
8255,2800
8256,10000
8257,48000
8258,30000
8259,42000
8260,41000
8261,53000
8262,13000
8263,30000
8264,41000
8265,13000
8266,40000
8267,25000
8268,19000
8269,47000
8270,42000
8271,34000
8272,46000
8273,12000
8274,30000
8275,16000
8276,35000
8277,36000
8278,13000
8279,31000
8280,12000
8281,13000
8282,11000
8283,6700
8284,10000
8285,69000
8286,2600
8287,35000
8288,56000
8289,18000
8290,13000
8291,18000
8292,9200
8293,25000
8294,21000
8295,22000
8296,21000
8297,58000
8298,19000
8299,13000
8300,13000
8301,14000
8302,40000
8303,18000
8304,61000
8305,49000
8306,29000
8307,29000
8308,20000
8309,12000
8310,580
8311,9000
8312,52000
8313,6300
8314,6100
8315,21000
8316,54000
8317,35000
8318,12000
8319,69000
8320,36000
8321,10000
8322,25000
8323,5300
8324,69000
8325,5600
8326,14000
8327,13000
8328,45000
8329,69000
8330,13000
8331,13000
8332,12000
8333,69000
8334,44000
8335,15000
8336,13000
8337,17000
8338,23000
8339,52000
8340,12000
8341,23000
8342,49000
8343,7600
8344,810
8345,48000
8346,16000
8347,12000
8348,3400
8349,69000
8350,31000
8351,32000
8352,13000
8353,12000
8354,29000
8355,15000
8356,18000
8357,30000
8358,32000
8359,13000
8360,4700
8361,20000
8362,42000
8363,59000
8364,69000
8365,69000
8366,26000
8367,13000
8368,21000
8369,44000
8370,36000
8371,25000
8372,23000
8373,22000
8374,69000
8375,13000
8376,44000
8377,52000
8378,48000
8379,4300
8380,13000
8381,1200
8382,12000
8383,47000
8384,880
8385,40000
8386,40000
8387,27000
8388,15000
8389,53000
8390,13000
8391,25000
8392,13000
8393,43000
8394,13000
8395,27000
8396,13000
8397,43000
8398,24000
8399,43000
8400,13000
8401,16000
8402,24000
8403,13000
8404,13000
8405,68000
8406,34000
8407,27000
8408,18000
8409,12000
8410,25000
8411,42000
8412,40000
8413,31000
8414,17000
8415,12000
8416,7900
8417,13000
8418,16000
8419,8100
8420,58000
8421,4300
8422,13000
8423,5100
8424,12000
8425,10000
8426,65000
8427,13000
8428,12000
8429,38000
8430,69000
8431,69000
8432,39000
8433,53000
8434,11000
8435,13000
8436,16000
8437,13000
8438,13000
8439,11000
8440,7500
8441,55000
8442,52000
8443,33000
8444,5600
8445,57000
8446,40000
8447,19000
8448,44000
8449,43000
8450,29000
8451,6500
8452,50000
8453,13000
8454,36000
8455,13000
8456,7800
8457,13000
8458,12000
8459,56000
8460,20000
8461,1500
8462,21000
8463,51000
8464,51000
8465,12000
8466,13000
8467,12000
8468,49000
8469,12000
8470,13000
8471,56000
8472,33000
8473,9800
8474,3700
8475,4400
8476,12000
8477,27000
8478,33000
8479,2100
8480,44000
8481,24000
8482,39000
8483,12000
8484,13000
8485,12000
8486,45000
8487,43000
8488,14000
8489,13000
8490,5900
8491,43000
8492,27000
8493,51000
8494,28000
8495,26000
8496,28000
8497,16000
8498,42000
8499,69000
8500,22000
8501,5500
8502,11000
8503,69000
8504,25000
8505,30000
8506,58000
8507,30000
8508,2700
8509,51000
8510,7500
8511,32000
8512,12000
8513,28000
8514,34000
8515,69000
8516,22000
8517,9400
8518,51000
8519,7500
8520,27000
8521,20000
8522,58000
8523,47000
8524,47000
8525,12000
8526,22000
8527,58000
8528,36000
8529,14000
8530,35000
8531,12000
8532,35000
8533,26000
8534,20000
8535,13000
8536,69000
8537,13000
8538,13000
8539,63000
8540,7100
8541,13000
8542,13000
8543,32000
8544,31000
8545,50000
8546,51000
8547,13000
8548,67000
8549,17000
8550,21000
8551,13000
8552,4300
8553,57000
8554,12000
8555,43000
8556,27000
8557,6400
8558,8700
8559,13000
8560,69000
8561,18000
8562,30000
8563,18000
8564,11000
8565,13000
8566,13000
8567,44000
8568,13000
8569,40000
8570,69000
8571,6100
8572,13000
8573,12000
8574,12000
8575,26000
8576,13000
8577,14000
8578,13000
8579,7900
8580,13000
8581,21000
8582,13000
8583,6700
8584,2100
8585,13000
8586,19000
8587,6800
8588,22000
8589,31000
8590,57000
8591,13000
8592,12000
8593,4800
8594,52000
8595,12000
8596,20000
8597,27000
8598,69000
8599,11000
8600,16000
8601,22000
8602,56000
8603,12000
8604,29000
8605,2300
8606,11000
8607,30000
8608,23000
8609,35000
8610,13000
8611,12000
8612,12000
8613,13000
8614,23000
8615,12000
8616,10000
8617,58000
8618,69000
8619,41000
8620,57000
8621,16000
8622,39000
8623,13000
8624,22000
8625,14000
8626,49000
8627,42000
8628,42000
8629,13000
8630,58000
8631,16000
8632,3400
8633,13000
8634,12000
8635,19000
8636,69000
8637,30000
8638,12000
8639,38000
8640,20000
8641,13000
8642,69000
8643,44000
8644,49000
8645,13000
8646,28000
8647,26000
8648,51000
8649,5900
8650,27000
8651,42000
8652,48000
8653,63000
8654,65000
8655,13000
8656,17000
8657,13000
8658,41000
8659,43000
8660,31000
8661,7500
8662,13000
8663,11000
8664,31000
8665,17000
8666,51000
8667,39000
8668,6600
8669,12000
8670,1600
8671,14000
8672,40000
8673,4200
8674,12000
8675,13000
8676,12000
8677,28000
8678,50000
8679,9100
8680,27000
8681,13000
8682,8700
8683,19000
8684,54000
8685,12000
8686,39000
8687,48000
8688,26000
8689,12000
8690,28000
8691,13000
8692,57000
8693,15000
8694,13000
8695,23000
8696,15000
8697,26000
8698,10000
8699,2700
8700,43000
8701,12000
8702,16000
8703,45000
8704,25000
8705,38000
8706,29000
8707,69000
8708,13000
8709,5000
8710,42000
8711,38000
8712,33000
8713,40000
8714,62000
8715,18000
8716,43000
8717,14000
8718,12000
8719,12000
8720,44000
8721,15000
8722,15000
8723,27000
8724,13000
8725,5500
8726,12000
8727,55000
8728,60000
8729,20000
8730,7000
8731,40000
8732,36000
8733,14000
8734,67000
8735,44000
8736,4000
8737,10000
8738,4600
8739,11000
8740,31000
8741,19000
8742,35000
8743,66000
8744,46000
8745,12000
8746,32000
8747,12000
8748,21000
8749,32000
8750,61000
8751,35000
8752,29000
8753,12000
8754,55000
8755,69000
8756,38000
8757,18000
8758,12000
8759,11000
8760,19000
8761,42000
8762,12000
8763,13000
8764,12000
8765,12000
8766,12000
8767,38000
8768,33000
8769,6000
8770,42000
8771,13000
8772,33000
8773,5600
8774,11000
8775,13000
8776,36000
8777,26000
8778,45000
8779,7000
8780,44000
8781,22000
8782,3800
8783,24000
8784,5300
8785,27000
8786,27000
8787,31000
8788,24000
8789,13000
8790,5000
8791,16000
8792,45000
8793,18000
8794,10000
8795,13000
8796,45000
8797,33000
8798,12000
8799,32000
8800,22000
8801,16000
8802,16000
8803,12000
8804,13000
8805,44000
8806,29000
8807,9800
8808,12000
8809,32000
8810,29000
8811,38000
8812,12000
8813,19000
8814,17000
8815,12000
8816,3600
8817,23000
8818,20000
8819,6100
8820,13000
8821,10000
8822,48000
8823,69000
8824,12000
8825,5300
8826,880
8827,26000
8828,50000
8829,23000
8830,25000
8831,53000
8832,12000
8833,65000
8834,13000
8835,12000
8836,13000
8837,9000
8838,20000
8839,2700
8840,13000
8841,46000
8842,47000
8843,61000
8844,31000
8845,28000
8846,52000
8847,9200
8848,30000
8849,4100
8850,49000
8851,53000
8852,16000
8853,13000
8854,13000
8855,5500
8856,43000
8857,54000
8858,12000
8859,6900
8860,69000
8861,69000
8862,14000
8863,44000
8864,12000
8865,29000
8866,34000
8867,69000
8868,5900
8869,13000
8870,30000
8871,69000
8872,69000
8873,13000
8874,35000
8875,38000
8876,26000
8877,26000
8878,13000
8879,36000
8880,19000
8881,69000
8882,27000
8883,12000
8884,52000
8885,13000
8886,16000
8887,19000
8888,8000
8889,24000
8890,15000
8891,21000
8892,41000
8893,21000
8894,14000
8895,35000
8896,12000
8897,11000
8898,7000
8899,4900
8900,15000
8901,9300
8902,13000
8903,8400
8904,25000
8905,64000
8906,12000
8907,7400
8908,30000
8909,21000
8910,57000
8911,7200
8912,12000
8913,13000
8914,36000
8915,30000
8916,20000
8917,13000
8918,6900
8919,20000
8920,9900
8921,40000
8922,26000
8923,25000
8924,27000
8925,33000
8926,49000
8927,39000
8928,33000
8929,37000
8930,15000
8931,67000
8932,24000
8933,69000
8934,13000
8935,64000
8936,69000
8937,13000
8938,42000
8939,28000
8940,21000
8941,69000
8942,17000
8943,21000
8944,57000
8945,13000
8946,25000
8947,51000
8948,49000
8949,17000
8950,12000
8951,9700
8952,28000
8953,9900
8954,13000
8955,5200
8956,69000
8957,23000
8958,27000
8959,13000
8960,9400
8961,12000
8962,7700
8963,25000
8964,14000
8965,50000
8966,29000
8967,52000
8968,69000
8969,15000
8970,12000
8971,50000
8972,47000
8973,69000
8974,12000
8975,20000
8976,13000
8977,30000
8978,52000
8979,32000
8980,25000
8981,29000
8982,12000
8983,7300
8984,48000
8985,8200
8986,13000
8987,69000
8988,13000
8989,37000
8990,12000
8991,5500
8992,69000
8993,22000
8994,44000
8995,13000
8996,49000
8997,26000
8998,28000
8999,31000
9000,49000
9001,12000
9002,69000
9003,37000
9004,69000
9005,65000
9006,69000
9007,21000
9008,7800
9009,11000
9010,60000
9011,39000
9012,16000
9013,49000
9014,12000
9015,20000
9016,69000
9017,29000
9018,15000
9019,5700
9020,30000
9021,41000
9022,46000
9023,53000
9024,12000
9025,17000
9026,27000
9027,39000
9028,65000
9029,5300
9030,21000
9031,13000
9032,19000
9033,13000
9034,69000
9035,11000
9036,60000
9037,12000
9038,12000
9039,17000
9040,41000
9041,15000
9042,19000
9043,56000
9044,12000
9045,21000
9046,13000
9047,44000
9048,17000
9049,13000
9050,57000
9051,13000
9052,3500
9053,12000
9054,52000
9055,5900
9056,13000
9057,12000
9058,27000
9059,24000
9060,69000
9061,28000
9062,13000
9063,13000
9064,31000
9065,32000
9066,13000
9067,26000
9068,13000
9069,25000
9070,40000
9071,45000
9072,12000
9073,8000
9074,16000
9075,51000
9076,12000
9077,17000
9078,11000
9079,13000
9080,18000
9081,13000
9082,5000
9083,13000
9084,29000
9085,69000
9086,40000
9087,56000
9088,21000
9089,11000
9090,47000
9091,69000
9092,13000
9093,8000
9094,40000
9095,69000
9096,8400
9097,12000
9098,4300
9099,12000
9100,25000
9101,11000
9102,21000
9103,30000
9104,61000
9105,63000
9106,12000
9107,12000
9108,16000
9109,69000
9110,12000
9111,13000
9112,61000
9113,65000
9114,1900
9115,13000
9116,63000
9117,38000
9118,26000
9119,32000
9120,44000
9121,15000
9122,16000
9123,12000
9124,12000
9125,12000
9126,11000
9127,2700
9128,33000
9129,54000
9130,42000
9131,35000
9132,13000
9133,28000
9134,26000
9135,26000
9136,5300
9137,35000
9138,13000
9139,17000
9140,13000
9141,4900
9142,51000
9143,13000
9144,51000
9145,35000
9146,12000
9147,13000
9148,29000
9149,4600
9150,27000
9151,13000
9152,69000
9153,51000
9154,13000
9155,26000
9156,13000
9157,13000
9158,36000
9159,7700
9160,12000
9161,13000
9162,44000
9163,12000
9164,12000
9165,6400
9166,23000
9167,20000
9168,39000
9169,42000
9170,39000
9171,13000
9172,17000
9173,54000
9174,11000
9175,3100
9176,13000
9177,27000
9178,69000
9179,12000
9180,49000
9181,20000
9182,6400
9183,15000
9184,13000
9185,12000
9186,49000
9187,11000
9188,51000
9189,36000
9190,42000
9191,12000
9192,44000
9193,27000
9194,1600
9195,37000
9196,8700
9197,4700
9198,5600
9199,29000
9200,13000
9201,9900
9202,19000
9203,59000
9204,40000
9205,12000
9206,16000
9207,5100
9208,12000
9209,29000
9210,47000
9211,32000
9212,1000
9213,35000
9214,12000
9215,11000
9216,10000
9217,49000
9218,69000
9219,18000
9220,53000
9221,28000
9222,7700
9223,24000
9224,13000
9225,30000
9226,26000
9227,17000
9228,52000
9229,44000
9230,12000
9231,24000
9232,8500
9233,24000
9234,13000
9235,17000
9236,13000
9237,13000
9238,12000
9239,13000
9240,9100
9241,13000
9242,43000
9243,12000
9244,15000
9245,12000
9246,21000
9247,30000
9248,40000
9249,11000
9250,1500
9251,18000
9252,13000
9253,7400
9254,45000
9255,12000
9256,16000
9257,12000
9258,9200
9259,43000
9260,39000
9261,51000
9262,69000
9263,56000
9264,34000
9265,12000
9266,28000
9267,27000
9268,27000
9269,55000
9270,69000
9271,15000
9272,66000
9273,50000
9274,32000
9275,13000
9276,12000
9277,16000
9278,4700
9279,41000
9280,41000
9281,13000
9282,31000
9283,12000
9284,13000
9285,43000
9286,8000
9287,20000
9288,7300
9289,51000
9290,12000
9291,32000
9292,44000
9293,46000
9294,37000
9295,32000
9296,43000
9297,22000
9298,18000
9299,34000
9300,44000
9301,23000
9302,69000
9303,31000
9304,9900
9305,31000
9306,13000
9307,5400
9308,38000
9309,26000
9310,12000
9311,56000
9312,12000
9313,12000
9314,13000
9315,51000
9316,21000
9317,69000
9318,25000
9319,32000
9320,4800
9321,3600
9322,4700
9323,13000
9324,58000
9325,16000
9326,13000
9327,16000
9328,13000
9329,26000
9330,8200
9331,13000
9332,14000
9333,42000
9334,12000
9335,13000
9336,5800
9337,51000
9338,13000
9339,25000
9340,13000
9341,52000
9342,16000
9343,22000
9344,28000
9345,9400
9346,31000
9347,43000
9348,51000
9349,12000
9350,12000
9351,13000
9352,12000
9353,41000
9354,20000
9355,51000
9356,28000
9357,50000
9358,9700
9359,41000
9360,29000
9361,12000
9362,22000
9363,28000
9364,11000
9365,17000
9366,26000
9367,69000
9368,32000
9369,61000
9370,13000
9371,38000
9372,30000
9373,47000
9374,12000
9375,11000
9376,5300
9377,6500
9378,12000
9379,12000
9380,12000
9381,800
9382,50000
9383,8100
9384,22000
9385,35000
9386,8900
9387,12000
9388,1800
9389,54000
9390,40000
9391,32000
9392,32000
9393,10000
9394,13000
9395,52000
9396,55000
9397,6000
9398,47000
9399,17000
9400,15000
9401,13000
9402,28000
9403,30000
9404,12000
9405,40000
9406,13000
9407,16000
9408,40000
9409,12000
9410,32000
9411,12000
9412,3300
9413,6000
9414,22000
9415,13000
9416,44000
9417,14000
9418,50000
9419,13000
9420,38000
9421,13000
9422,69000
9423,12000
9424,12000
9425,2300
9426,32000
9427,33000
9428,32000
9429,13000
9430,28000
9431,12000
9432,22000
9433,26000
9434,8700
9435,5200
9436,7100
9437,43000
9438,12000
9439,11000
9440,8000
9441,14000
9442,13000
9443,43000
9444,61000
9445,13000
9446,39000
9447,21000
9448,22000
9449,62000
9450,5800
9451,30000
9452,29000
9453,43000
9454,12000
9455,9700
9456,31000
9457,30000
9458,13000
9459,18000
9460,4700
9461,12000
9462,33000
9463,15000
9464,13000
9465,24000
9466,12000
9467,10000
9468,21000
9469,14000
9470,46000
9471,7100
9472,12000
9473,7300
9474,45000
9475,20000
9476,29000
9477,50000
9478,53000
9479,11000
9480,13000
9481,12000
9482,44000
9483,11000
9484,4600
9485,13000
9486,5000
9487,39000
9488,26000
9489,38000
9490,33000
9491,63000
9492,41000
9493,42000
9494,38000
9495,43000
9496,28000
9497,43000
9498,40000
9499,25000
9500,24000
9501,8700
9502,13000
9503,19000
9504,13000
9505,62000
9506,59000
9507,12000
9508,26000
9509,11000
9510,13000
9511,44000
9512,11000
9513,13000
9514,62000
9515,20000
9516,52000
9517,12000
9518,13000
9519,20000
9520,25000
9521,7000
9522,65000
9523,15000
9524,5000
9525,12000
9526,13000
9527,42000
9528,13000
9529,4700
9530,43000
9531,13000
9532,69000
9533,67000
9534,12000
9535,12000
9536,12000
9537,12000
9538,12000
9539,31000
9540,8900
9541,41000
9542,55000
9543,6900
9544,12000
9545,40000
9546,39000
9547,34000
9548,11000
9549,54000
9550,12000
9551,12000
9552,21000
9553,37000
9554,14000
9555,16000
9556,69000
9557,61000
9558,37000
9559,17000
9560,51000
9561,41000
9562,33000
9563,48000
9564,12000
9565,34000
9566,24000
9567,12000
9568,12000
9569,13000
9570,26000
9571,13000
9572,12000
9573,11000
9574,12000
9575,19000
9576,13000
9577,18000
9578,23000
9579,20000
9580,12000
9581,69000
9582,31000
9583,12000
9584,12000
9585,900
9586,8000
9587,69000
9588,19000
9589,69000
9590,8700
9591,57000
9592,50000
9593,13000
9594,45000
9595,13000
9596,39000
9597,69000
9598,8600
9599,13000
9600,9200
9601,69000
9602,12000
9603,41000
9604,69000
9605,53000
9606,28000
9607,37000
9608,13000
9609,12000
9610,40000
9611,55000
9612,6700
9613,18000
9614,4200
9615,38000
9616,12000
9617,4800
9618,64000
9619,500
9620,40000
9621,8800
9622,31000
9623,15000
9624,40000
9625,12000
9626,8700
9627,12000
9628,12000
9629,53000
9630,27000
9631,12000
9632,25000
9633,13000
9634,49000
9635,12000
9636,13000
9637,13000
9638,25000
9639,48000
9640,20000
9641,51000
9642,52000
9643,4300
9644,26000
9645,13000
9646,12000
9647,26000
9648,14000
9649,48000
9650,13000
9651,13000
9652,29000
9653,12000
9654,41000
9655,69000
9656,33000
9657,14000
9658,12000
9659,34000
9660,5200
9661,12000
9662,46000
9663,12000
9664,21000
9665,43000
9666,19000
9667,12000
9668,25000
9669,32000
9670,12000
9671,64000
9672,13000
9673,13000
9674,12000
9675,6300
9676,13000
9677,43000
9678,25000
9679,6600
9680,69000
9681,32000
9682,17000
9683,16000
9684,2700
9685,25000
9686,35000
9687,13000
9688,870
9689,39000
9690,69000
9691,33000
9692,55000
9693,29000
9694,12000
9695,69000
9696,29000
9697,12000
9698,2500
9699,20000
9700,33000
9701,13000
9702,12000
9703,28000
9704,13000
9705,40000
9706,51000
9707,31000
9708,27000
9709,2000
9710,13000
9711,27000
9712,12000
9713,41000
9714,20000
9715,48000
9716,7200
9717,12000
9718,30000
9719,45000
9720,19000
9721,13000
9722,12000
9723,6800
9724,25000
9725,12000
9726,35000
9727,30000
9728,18000
9729,6900
9730,1400
9731,65000
9732,35000
9733,31000
9734,37000
9735,12000
9736,25000
9737,4700
9738,12000
9739,21000
9740,50000
9741,47000
9742,15000
9743,12000
9744,19000
9745,23000
9746,23000
9747,13000
9748,48000
9749,12000
9750,42000
9751,23000
9752,35000
9753,12000
9754,28000
9755,24000
9756,46000
9757,44000
9758,37000
9759,15000
9760,4800
9761,29000
9762,4500
9763,40000
9764,57000
9765,30000
9766,21000
9767,44000
9768,14000
9769,40000
9770,33000
9771,11000
9772,13000
9773,25000
9774,51000
9775,26000
9776,31000
9777,6300
9778,31000
9779,69000
9780,22000
9781,12000
9782,6800
9783,25000
9784,69000
9785,12000
9786,25000
9787,19000
9788,13000
9789,10000
9790,20000
9791,44000
9792,69000
9793,50000
9794,12000
9795,3400
9796,8000
9797,13000
9798,50000
9799,12000
9800,69000
9801,24000
9802,13000
9803,13000
9804,17000
9805,51000
9806,13000
9807,14000
9808,12000
9809,12000
9810,21000
9811,69000
9812,59000
9813,48000
9814,12000
9815,2300
9816,33000
9817,2900
9818,38000
9819,45000
9820,11000
9821,5300
9822,40000
9823,41000
9824,13000
9825,44000
9826,35000
9827,47000
9828,9900
9829,43000
9830,67000
9831,47000
9832,13000
9833,12000
9834,12000
9835,22000
9836,25000
9837,47000
9838,12000
9839,37000
9840,34000
9841,27000
9842,59000
9843,14000
9844,4700
9845,13000
9846,44000
9847,17000
9848,39000
9849,21000
9850,22000
9851,7800
9852,58000
9853,12000
9854,27000
9855,13000
9856,21000
9857,69000
9858,4700
9859,12000
9860,11000
9861,19000
9862,37000
9863,39000
9864,15000
9865,16000
9866,43000
9867,41000
9868,11000
9869,60000
9870,16000
9871,36000
9872,38000
9873,13000
9874,9900
9875,35000
9876,57000
9877,13000
9878,12000
9879,26000
9880,33000
9881,25000
9882,2200
9883,39000
9884,40000
9885,44000
9886,28000
9887,12000
9888,10000
9889,12000
9890,44000
9891,6300
9892,33000
9893,8000
9894,1400
9895,17000
9896,41000
9897,34000
9898,6900
9899,53000
9900,51000
9901,12000
9902,46000
9903,22000
9904,31000
9905,10000
9906,13000
9907,69000
9908,39000
9909,43000
9910,9700
9911,13000
9912,27000
9913,18000
9914,2900
9915,4200
9916,49000
9917,13000
9918,31000
9919,49000
9920,13000
9921,40000
9922,12000
9923,16000
9924,68000
9925,8000
9926,25000
9927,9900
9928,69000
9929,36000
9930,55000
9931,12000
9932,22000
9933,12000
9934,26000
9935,51000
9936,18000
9937,11000
9938,7500
9939,16000
9940,18000
9941,12000
9942,12000
9943,13000
9944,51000
9945,13000
9946,12000
9947,22000
9948,3700
9949,5800
9950,20000
9951,69000
9952,46000
9953,69000
9954,41000
9955,56000
9956,47000
9957,13000
9958,27000
9959,39000
9960,12000
9961,12000
9962,31000
9963,18000
9964,12000
9965,6100
9966,13000
9967,11000
9968,23000
9969,59000
9970,18000
9971,9200
9972,13000
9973,13000
9974,5000
9975,26000
9976,13000
9977,29000
9978,21000
9979,18000
9980,32000
9981,28000
9982,29000
9983,47000
9984,32000
9985,34000
9986,4100
9987,13000
9988,13000
9989,22000
9990,11000
9991,47000
9992,44000
9993,23000
9994,69000
9995,41000
9996,22000
9997,42000
9998,64000
9999,43000
