circuit_id,min_bandwidth
0,38000
1,15000
2,13000
3,30000
4,63000
5,4900
6,13000
7,6700
8,56000
9,31000
10,15000
11,46000
12,13000
13,5900
14,42000
15,34000
16,14000
17,30000
18,15000
19,15000
20,28000
21,48000
22,16000
23,8100
24,26000
25,13000
26,25000
27,10000
28,13000
29,64000
30,15000
31,16000
32,19000
33,64000
34,25000
35,43000
36,15000
37,4300
38,42000
39,11000
40,15000
41,2700
42,46000
43,6800
44,11000
45,9700
46,13000
47,13000
48,34000
49,15000
50,15000
51,12000
52,15000
53,9700
54,21000
55,20000
56,15000
57,48000
58,10000
59,6400
60,15000
61,5400
62,12000
63,17000
64,15000
65,24000
66,19000
67,45000
68,15000
69,13000
70,23000
71,13000
72,19000
73,12000
74,44000
75,15000
76,39000
77,35000
78,13000
79,19000
80,8100
81,55000
82,13000
83,9200
84,3300
85,18000
86,30000
87,24000
88,46000
89,13000
90,15000
91,13000
92,13000
93,19000
94,15000
95,15000
96,64000
97,64000
98,15000
99,25000
100,2000
101,15000
102,41000
103,24000
104,15000
105,1700
106,15000
107,64000
108,42000
109,53000
110,22000
111,23000
112,10000
113,4200
114,15000
115,46000
116,19000
117,34000
118,13000
119,49000
120,21000
121,13000
122,28000
123,53000
124,13000
125,15000
126,19000
127,17000
128,34000
129,25000
130,4700
131,2600
132,13000
133,44000
134,21000
135,8100
136,6500
137,4300
138,26000
139,62000
140,13000
141,14000
142,39000
143,48000
144,19000
145,64000
146,15000
147,31000
148,33000
149,14000
150,15000
151,13000
152,15000
153,8300
154,46000
155,25000
156,45000
157,8400
158,8500
159,1100
160,46000
161,48000
162,13000
163,15000
164,15000
165,13000
166,16000
167,32000
168,15000
169,13000
170,33000
171,29000
172,6700
173,27000
174,7900
175,64000
176,29000
177,6000
178,23000
179,41000
180,23000
181,15000
182,13000
183,4600
184,46000
185,33000
186,64000
187,16000
188,13000
189,7900
190,64000
191,15000
192,13000
193,15000
194,64000
195,25000
196,33000
197,15000
198,4200
199,37000
200,46000
201,18000
202,8500
203,12000
204,18000
205,35000
206,64000
207,26000
208,46000
209,35000
210,15000
211,18000
212,2100
213,13000
214,42000
215,40000
216,22000
217,64000
218,25000
219,2500
220,51000
221,30000
222,23000
223,13000
224,15000
225,13000
226,13000
227,32000
228,13000
229,17000
230,11000
231,15000
232,17000
233,41000
234,13000
235,31000
236,42000
237,2800
238,11000
239,5200
240,6300
241,23000
242,16000
243,6300
244,15000
245,17000
246,7000
247,31000
248,15000
249,15000
250,15000
251,13000
252,14000
253,53000
254,27000
255,13000
256,15000
257,15000
258,11000
259,15000
260,24000
261,57000
262,45000
263,22000
264,21000
265,15000
266,13000
267,39000
268,23000
269,15000
270,41000
271,4800
272,13000
273,20000
274,26000
275,12000
276,20000
277,13000
278,15000
279,28000
280,7300
281,64000
282,30000
283,20000
284,26000
285,25000
286,55000
287,64000
288,1100
289,38000
290,10000
291,15000
292,13000
293,20000
294,29000
295,7700
296,15000
297,16000
298,17000
299,13000
300,22000
301,6100
302,64000
303,12000
304,16000
305,6900
306,64000
307,10000
308,7900
309,13000
310,17000
311,30000
312,29000
313,64000
314,23000
315,26000
316,30000
317,59000
318,8600
319,25000
320,37000
321,15000
322,7900
323,13000
324,15000
325,5300
326,54000
327,27000
328,2300
329,15000
330,57000
331,13000
332,24000
333,6000
334,52000
335,64000
336,19000
337,6500
338,28000
339,13000
340,38000
341,47000
342,20000
343,19000
344,9800
345,15000
346,7500
347,15000
348,12000
349,13000
350,22000
351,13000
352,21000
353,13000
354,43000
355,9400
356,11000
357,19000
358,11000
359,22000
360,44000
361,13000
362,15000
363,3000
364,59000
365,59000
366,13000
367,31000
368,36000
369,33000
370,13000
371,64000
372,18000
373,39000
374,13000
375,48000
376,48000
377,15000
378,17000
379,13000
380,64000
381,13000
382,43000
383,27000
384,11000
385,20000
386,15000
387,13000
388,46000
389,57000
390,30000
391,30000
392,3900
393,7900
394,4900
395,28000
396,21000
397,29000
398,38000
399,39000
400,48000
401,15000
402,27000
403,54000
404,53000
405,52000
406,13000
407,60000
408,15000
409,34000
410,33000
411,47000
412,33000
413,13000
414,15000
415,16000
416,13000
417,700
418,13000
419,14000
420,56000
421,35000
422,20000
423,6300
424,12000
425,8500
426,37000
427,33000
428,15000
429,13000
430,62000
431,61000
432,11000
433,64000
434,15000
435,7700
436,13000
437,28000
438,15000
439,58000
440,9100
441,15000
442,6900
443,5600
444,16000
445,15000
446,7500
447,46000
448,43000
449,42000
450,15000
451,3800
452,13000
453,23000
454,15000
455,57000
456,10000
457,14000
458,44000
459,3100
460,35000
461,14000
462,13000
463,13000
464,50000
465,15000
466,16000
467,13000
468,23000
469,47000
470,33000
471,47000
472,3800
473,12000
474,21000
475,34000
476,28000
477,29000
478,15000
479,40000
480,13000
481,15000
482,15000
483,5000
484,28000
485,49000
486,49000
487,58000
488,27000
489,5800
490,13000
491,16000
492,18000
493,13000
494,13000
495,15000
496,13000
497,24000
498,54000
499,2900
500,64000
501,15000
502,21000
503,13000
504,45000
505,19000
506,15000
507,23000
508,33000
509,45000
510,64000
511,37000
512,45000
513,21000
514,33000
515,57000
516,11000
517,14000
518,20000
519,13000
520,22000
521,42000
522,3000
523,11000
524,15000
525,15000
526,52000
527,38000
528,57000
529,28000
530,30000
531,55000
532,13000
533,38000
534,62000
535,64000
536,41000
537,5800
538,9000
539,51000
540,13000
541,29000
542,17000
543,14000
544,44000
545,14000
546,38000
547,58000
548,30000
549,39000
550,11000
551,25000
552,24000
553,15000
554,15000
555,13000
556,49000
557,27000
558,20000
559,35000
560,42000
561,4800
562,13000
563,13000
564,2100
565,24000
566,15000
567,35000
568,11000
569,36000
570,49000
571,15000
572,34000
573,23000
574,48000
575,5500
576,8100
577,15000
578,13000
579,33000
580,48000
581,53000
582,30000
583,20000
584,17000
585,15000
586,46000
587,45000
588,6700
589,28000
590,40000
591,40000
592,23000
593,40000
594,24000
595,59000
596,9000
597,48000
598,64000
599,19000
600,44000
601,16000
602,1400
603,16000
604,13000
605,64000
606,23000
607,8100
608,14000
609,11000
610,15000
611,30000
612,18000
613,13000
614,15000
615,6100
616,3100
617,8700
618,17000
619,34000
620,13000
621,11000
622,22000
623,53000
624,13000
625,64000
626,26000
627,36000
628,23000
629,11000
630,13000
631,13000
632,30000
633,15000
634,22000
635,5500
636,23000
637,5500
638,13000
639,64000
640,13000
641,14000
642,24000
643,10000
644,13000
645,26000
646,13000
647,53000
648,41000
649,15000
650,20000
651,4200
652,15000
653,13000
654,2200
655,13000
656,13000
657,29000
658,55000
659,53000
660,15000
661,29000
662,64000
663,6100
664,22000
665,27000
666,29000
667,58000
668,13000
669,8200
670,17000
671,51000
672,7400
673,26000
674,24000
675,25000
676,45000
677,11000
678,22000
679,28000
680,13000
681,23000
682,62000
683,13000
684,9900
685,15000
686,10000
687,13000
688,33000
689,33000
690,18000
691,13000
692,56000
693,13000
694,16000
695,13000
696,27000
697,7800
698,32000
699,40000
700,9700
701,41000
702,6000
703,20000
704,18000
705,13000
706,13000
707,7800
708,9200
709,2900
710,63000
711,17000
712,13000
713,40000
714,15000
715,27000
716,64000
717,24000
718,60000
719,8700
720,29000
721,9100
722,5300
723,13000
724,9100
725,15000
726,26000
727,64000
728,44000
729,12000
730,22000
731,25000
732,32000
733,11000
734,39000
735,13000
736,15000
737,20000
738,13000
739,7000
740,40000
741,49000
742,37000
743,25000
744,64000
745,13000
746,8600
747,33000
748,13000
749,30000
750,13000
751,8400
752,25000
753,13000
754,38000
755,12000
756,15000
757,15000
758,39000
759,16000
760,25000
761,29000
762,15000
763,42000
764,59000
765,27000
766,35000
767,15000
768,54000
769,38000
770,13000
771,30000
772,33000
773,30000
774,23000
775,5400
776,14000
777,47000
778,22000
779,23000
780,49000
781,14000
782,43000
783,31000
784,17000
785,13000
786,22000
787,37000
788,28000
789,19000
790,13000
791,19000
792,44000
793,36000
794,51000
795,21000
796,39000
797,15000
798,21000
799,5600
800,15000
801,48000
802,44000
803,37000
804,31000
805,13000
806,47000
807,15000
808,17000
809,38000
810,32000
811,13000
812,30000
813,15000
814,5400
815,13000
816,43000
817,23000
818,15000
819,43000
820,34000
821,15000
822,28000
823,14000
824,13000
825,18000
826,15000
827,64000
828,64000
829,38000
830,5800
831,13000
832,15000
833,2200
834,5900
835,15000
836,13000
837,37000
838,1500
839,3600
840,26000
841,51000
842,15000
843,22000
844,35000
845,40000
846,4400
847,62000
848,39000
849,31000
850,8100
851,29000
852,49000
853,62000
854,22000
855,15000
856,14000
857,55000
858,13000
859,13000
860,47000
861,10000
862,4200
863,5900
864,4200
865,43000
866,7300
867,15000
868,41000
869,15000
870,12000
871,19000
872,56000
873,9600
874,32000
875,7600
876,64000
877,51000
878,15000
879,14000
880,13000
881,28000
882,44000
883,3800
884,64000
885,36000
886,13000
887,15000
888,51000
889,13000
890,13000
891,1300
892,8000
893,15000
894,24000
895,24000
896,28000
897,11000
898,64000
899,13000
900,4700
901,26000
902,30000
903,11000
904,13000
905,12000
906,26000
907,4200
908,21000
909,15000
910,13000
911,47000
912,45000
913,14000
914,6400
915,13000
916,11000
917,36000
918,61000
919,29000
920,24000
921,14000
922,14000
923,11000
924,55000
925,31000
926,64000
927,13000
928,20000
929,56000
930,53000
931,8500
932,34000
933,15000
934,64000
935,20000
936,13000
937,9700
938,20000
939,64000
940,13000
941,9500
942,15000
943,58000
944,10000
945,22000
946,13000
947,44000
948,19000
949,13000
950,13000
951,13000
952,15000
953,33000
954,15000
955,19000
956,26000
957,40000
958,46000
959,15000
960,15000
961,9300
962,50000
963,15000
964,11000
965,13000
966,12000
967,15000
968,64000
969,58000
970,32000
971,13000
972,40000
973,9000
974,28000
975,11000
976,15000
977,1900
978,64000
979,57000
980,7000
981,4900
982,21000
983,13000
984,64000
985,6300
986,64000
987,13000
988,13000
989,30000
990,7600
991,13000
992,13000
993,13000
994,20000
995,64000
996,13000
997,15000
998,3900
999,22000
1000,15000
1001,64000
1002,19000
1003,15000
1004,64000
1005,13000
1006,6800
1007,41000
1008,8500
1009,37000
1010,13000
1011,64000
1012,32000
1013,11000
1014,14000
1015,12000
1016,64000
1017,13000
1018,11000
1019,30000
1020,17000
1021,15000
1022,23000
1023,57000
1024,50000
1025,64000
1026,25000
1027,33000
1028,50000
1029,13000
1030,15000
1031,15000
1032,13000
1033,6300
1034,17000
1035,5100
1036,64000
1037,43000
1038,11000
1039,13000
1040,5200
1041,53000
1042,33000
1043,28000
1044,13000
1045,15000
1046,22000
1047,39000
1048,22000
1049,22000
1050,4700
1051,18000
1052,13000
1053,14000
1054,43000
1055,5700
1056,24000
1057,15000
1058,53000
1059,57000
1060,9100
1061,36000
1062,15000
1063,13000
1064,41000
1065,33000
1066,17000
1067,1100
1068,8200
1069,10000
1070,13000
1071,7900
1072,39000
1073,15000
1074,64000
1075,29000
1076,32000
1077,32000
1078,57000
1079,15000
1080,15000
1081,7700
1082,53000
1083,44000
1084,27000
1085,15000
1086,39000
1087,13000
1088,64000
1089,11000
1090,15000
1091,13000
1092,10000
1093,64000
1094,64000
1095,18000
1096,24000
1097,41000
1098,25000
1099,64000
1100,15000
1101,13000
1102,63000
1103,16000
1104,27000
1105,13000
1106,3000
1107,12000
1108,64000
1109,3200
1110,13000
1111,30000
1112,49000
1113,11000
1114,13000
1115,26000
1116,43000
1117,25000
1118,27000
1119,7600
1120,28000
1121,51000
1122,7200
1123,18000
1124,15000
1125,5100
1126,27000
1127,36000
1128,64000
1129,15000
1130,5700
1131,13000
1132,15000
1133,9000
1134,7400
1135,45000
1136,42000
1137,10000
1138,43000
1139,23000
1140,38000
1141,35000
1142,64000
1143,15000
1144,15000
1145,13000
1146,21000
1147,7500
1148,3100
1149,51000
1150,46000
1151,8600
1152,13000
1153,3800
1154,51000
1155,40000
1156,7200
1157,6500
1158,33000
1159,47000
1160,8500
1161,6900
1162,42000
1163,47000
1164,13000
1165,32000
1166,13000
1167,15000
1168,26000
1169,5600
1170,13000
1171,42000
1172,420
1173,6100
1174,29000
1175,17000
1176,13000
1177,53000
1178,18000
1179,42000
1180,13000
1181,13000
1182,46000
1183,8300
1184,15000
1185,29000
1186,15000
1187,27000
1188,13000
1189,19000
1190,27000
1191,25000
1192,21000
1193,48000
1194,4900
1195,13000
1196,57000
1197,21000
1198,15000
1199,25000
1200,12000
1201,10000
1202,6300
1203,8500
1204,13000
1205,27000
1206,40000
1207,15000
1208,15000
1209,13000
1210,22000
1211,19000
1212,42000
1213,33000
1214,30000
1215,14000
1216,15000
1217,57000
1218,15000
1219,20000
1220,9800
1221,6100
1222,5900
1223,29000
1224,2500
1225,33000
1226,50000
1227,11000
1228,15000
1229,15000
1230,15000
1231,15000
1232,14000
1233,13000
1234,25000
1235,1100
1236,64000
1237,41000
1238,58000
1239,14000
1240,32000
1241,15000
1242,15000
1243,15000
1244,47000
1245,5800
1246,15000
1247,33000
1248,11000
1249,24000
1250,53000
1251,14000
1252,2400
1253,13000
1254,15000
1255,33000
1256,33000
1257,18000
1258,46000
1259,18000
1260,32000
1261,13000
1262,15000
1263,44000
1264,46000
1265,45000
1266,15000
1267,21000
1268,3300
1269,7700
1270,53000
1271,2100
1272,13000
1273,64000
1274,50000
1275,14000
1276,13000
1277,13000
1278,57000
1279,35000
1280,52000
1281,15000
1282,12000
1283,16000
1284,20000
1285,64000
1286,43000
1287,50000
1288,8700
1289,23000
1290,49000
1291,49000
1292,61000
1293,44000
1294,47000
1295,40000
1296,15000
1297,12000
1298,7200
1299,21000
1300,13000
1301,15000
1302,3500
1303,12000
1304,53000
1305,9200
1306,17000
1307,31000
1308,14000
1309,20000
1310,3600
1311,12000
1312,16000
1313,7000
1314,15000
1315,40000
1316,25000
1317,15000
1318,7600
1319,15000
1320,64000
1321,22000
1322,15000
1323,64000
1324,14000
1325,13000
1326,20000
1327,4900
1328,45000
1329,15000
1330,21000
1331,13000
1332,29000
1333,51000
1334,27000
1335,47000
1336,53000
1337,13000
1338,24000
1339,5500
1340,20000
1341,44000
1342,51000
1343,26000
1344,13000
1345,22000
1346,13000
1347,22000
1348,13000
1349,33000
1350,13000
1351,25000
1352,13000
1353,13000
1354,63000
1355,42000
1356,28000
1357,15000
1358,25000
1359,12000
1360,41000
1361,46000
1362,16000
1363,13000
1364,27000
1365,15000
1366,13000
1367,12000
1368,64000
1369,9200
1370,5300
1371,20000
1372,15000
1373,18000
1374,13000
1375,42000
1376,13000
1377,20000
1378,19000
1379,16000
1380,22000
1381,23000
1382,13000
1383,15000
1384,42000
1385,3000
1386,7600
1387,5700
1388,15000
1389,30000
1390,23000
1391,12000
1392,48000
1393,15000
1394,27000
1395,30000
1396,49000
1397,1800
1398,23000
1399,41000
1400,8200
1401,26000
1402,16000
1403,31000
1404,12000
1405,15000
1406,13000
1407,13000
1408,52000
1409,36000
1410,31000
1411,42000
1412,55000
1413,13000
1414,64000
1415,15000
1416,47000
1417,30000
1418,46000
1419,18000
1420,15000
1421,13000
1422,19000
1423,5200
1424,13000
1425,220
1426,38000
1427,29000
1428,13000
1429,13000
1430,15000
1431,55000
1432,30000
1433,55000
1434,13000
1435,13000
1436,7300
1437,13000
1438,49000
1439,20000
1440,22000
1441,4800
1442,47000
1443,64000
1444,35000
1445,11000
1446,31000
1447,5500
1448,15000
1449,13000
1450,13000
1451,32000
1452,23000
1453,12000
1454,16000
1455,24000
1456,8600
1457,37000
1458,18000
1459,27000
1460,9900
1461,61000
1462,5300
1463,49000
1464,13000
1465,16000
1466,36000
1467,26000
1468,45000
1469,18000
1470,13000
1471,24000
1472,26000
1473,15000
1474,13000
1475,48000
1476,15000
1477,25000
1478,34000
1479,13000
1480,13000
1481,13000
1482,13000
1483,53000
1484,30000
1485,13000
1486,43000
1487,11000
1488,27000
1489,45000
1490,15000
1491,34000
1492,8100
1493,19000
1494,8500
1495,20000
1496,51000
1497,8300
1498,15000
1499,64000
1500,15000
1501,29000
1502,18000
1503,31000
1504,12000
1505,33000
1506,5200
1507,24000
1508,15000
1509,53000
1510,31000
1511,64000
1512,13000
1513,15000
1514,15000
1515,39000
1516,55000
1517,15000
1518,25000
1519,52000
1520,14000
1521,22000
1522,22000
1523,11000
1524,64000
1525,5400
1526,13000
1527,37000
1528,17000
1529,23000
1530,36000
1531,37000
1532,53000
1533,13000
1534,26000
1535,15000
1536,7400
1537,60000
1538,36000
1539,15000
1540,18000
1541,52000
1542,8700
1543,15000
1544,42000
1545,5200
1546,29000
1547,64000
1548,30000
1549,13000
1550,20000
1551,59000
1552,18000
1553,64000
1554,5600
1555,13000
1556,38000
1557,42000
1558,25000
1559,31000
1560,5100
1561,12000
1562,25000
1563,9300
1564,13000
1565,60000
1566,11000
1567,20000
1568,51000
1569,20000
1570,5400
1571,27000
1572,5500
1573,6700
1574,53000
1575,2100
1576,13000
1577,5400
1578,8200
1579,31000
1580,19000
1581,62000
1582,33000
1583,51000
1584,13000
1585,41000
1586,15000
1587,13000
1588,19000
1589,15000
1590,54000
1591,35000
1592,13000
1593,15000
1594,64000
1595,13000
1596,17000
1597,23000
1598,20000
1599,14000
1600,4700
1601,13000
1602,64000
1603,52000
1604,51000
1605,12000
1606,27000
1607,23000
1608,13000
1609,12000
1610,46000
1611,52000
1612,15000
1613,7900
1614,9600
1615,32000
1616,5200
1617,15000
1618,25000
1619,15000
1620,29000
1621,35000
1622,4900
1623,5900
1624,29000
1625,4900
1626,7500
1627,25000
1628,64000
1629,8300
1630,15000
1631,17000
1632,32000
1633,26000
1634,45000
1635,16000
1636,15000
1637,4500
1638,26000
1639,15000
1640,15000
1641,21000
1642,12000
1643,15000
1644,55000
1645,36000
1646,19000
1647,62000
1648,51000
1649,18000
1650,53000
1651,35000
1652,13000
1653,39000
1654,13000
1655,5100
1656,30000
1657,47000
1658,25000
1659,13000
1660,15000
1661,5500
1662,18000
1663,3700
1664,33000
1665,15000
1666,15000
1667,12000
1668,13000
1669,50000
1670,13000
1671,62000
1672,15000
1673,14000
1674,19000
1675,27000
1676,29000
1677,13000
1678,12000
1679,13000
1680,18000
1681,13000
1682,36000
1683,13000
1684,40000
1685,24000
1686,57000
1687,16000
1688,15000
1689,14000
1690,29000
1691,36000
1692,12000
1693,15000
1694,25000
1695,29000
1696,21000
1697,13000
1698,13000
1699,13000
1700,40000
1701,11000
1702,1900
1703,21000
1704,20000
1705,11000
1706,19000
1707,6500
1708,43000
1709,13000
1710,13000
1711,30000
1712,57000
1713,15000
1714,13000
1715,15000
1716,13000
1717,7700
1718,13000
1719,52000
1720,6700
1721,15000
1722,3300
1723,36000
1724,13000
1725,18000
1726,1200
1727,64000
1728,64000
1729,36000
1730,19000
1731,13000
1732,15000
1733,13000
1734,28000
1735,35000
1736,10000
1737,13000
1738,54000
1739,10000
1740,13000
1741,32000
1742,5700
1743,43000
1744,30000
1745,15000
1746,13000
1747,31000
1748,15000
1749,28000
1750,13000
1751,13000
1752,12000
1753,20000
1754,11000
1755,15000
1756,13000
1757,40000
1758,20000
1759,64000
1760,21000
1761,28000
1762,28000
1763,8400
1764,15000
1765,15000
1766,64000
1767,12000
1768,8700
1769,64000
1770,16000
1771,7000
1772,15000
1773,25000
1774,13000
1775,10000
1776,44000
1777,30000
1778,6600
1779,15000
1780,11000
1781,27000
1782,14000
1783,51000
1784,44000
1785,6500
1786,15000
1787,55000
1788,25000
1789,15000
1790,33000
1791,2500
1792,13000
1793,15000
1794,2700
1795,21000
1796,26000
1797,10000
1798,14000
1799,64000
1800,8100
1801,14000
1802,21000
1803,15000
1804,13000
1805,24000
1806,12000
1807,8800
1808,14000
1809,7700
1810,48000
1811,64000
1812,48000
1813,64000
1814,15000
1815,15000
1816,7900
1817,22000
1818,29000
1819,13000
1820,13000
1821,50000
1822,13000
1823,15000
1824,64000
1825,64000
1826,26000
1827,45000
1828,13000
1829,24000
1830,64000
1831,52000
1832,5900
1833,15000
1834,42000
1835,28000
1836,43000
1837,13000
1838,9900
1839,5400
1840,6700
1841,64000
1842,13000
1843,22000
1844,52000
1845,23000
1846,4400
1847,37000
1848,2900
1849,21000
1850,35000
1851,42000
1852,30000
1853,25000
1854,30000
1855,46000
1856,15000
1857,13000
1858,35000
1859,21000
1860,2700
1861,13000
1862,57000
1863,7400
1864,13000
1865,30000
1866,55000
1867,13000
1868,48000
1869,2000
1870,15000
1871,13000
1872,15000
1873,17000
1874,17000
1875,9600
1876,57000
1877,16000
1878,15000
1879,15000
1880,24000
1881,28000
1882,13000
1883,26000
1884,8800
1885,15000
1886,20000
1887,15000
1888,57000
1889,13000
1890,9900
1891,5200
1892,15000
1893,43000
1894,12000
1895,13000
1896,20000
1897,45000
1898,54000
1899,7600
1900,19000
1901,53000
1902,5200
1903,13000
1904,10000
1905,15000
1906,26000
1907,20000
1908,13000
1909,15000
1910,54000
1911,38000
1912,49000
1913,18000
1914,18000
1915,35000
1916,23000
1917,13000
1918,13000
1919,24000
1920,7900
1921,39000
1922,57000
1923,6700
1924,10000
1925,24000
1926,6700
1927,20000
1928,13000
1929,15000
1930,30000
1931,39000
1932,38000
1933,24000
1934,15000
1935,15000
1936,26000
1937,32000
1938,14000
1939,44000
1940,40000
1941,32000
1942,6400
1943,14000
1944,15000
1945,15000
1946,13000
1947,15000
1948,5800
1949,62000
1950,14000
1951,33000
1952,23000
1953,17000
1954,10000
1955,9100
1956,15000
1957,64000
1958,30000
1959,25000
1960,48000
1961,15000
1962,15000
1963,39000
1964,64000
1965,5500
1966,5600
1967,42000
1968,9500
1969,43000
1970,5800
1971,28000
1972,8100
1973,15000
1974,15000
1975,13000
1976,42000
1977,13000
1978,21000
1979,16000
1980,11000
1981,13000
1982,15000
1983,42000
1984,64000
1985,13000
1986,22000
1987,17000
1988,25000
1989,14000
1990,29000
1991,15000
1992,3400
1993,15000
1994,16000
1995,15000
1996,20000
1997,13000
1998,5400
1999,23000
2000,15000
2001,13000
2002,15000
2003,51000
2004,18000
2005,64000
2006,31000
2007,15000
2008,51000
2009,17000
2010,10000
2011,64000
2012,13000
2013,13000
2014,17000
2015,30000
2016,55000
2017,13000
2018,40000
2019,16000
2020,13000
2021,14000
2022,11000
2023,24000
2024,15000
2025,15000
2026,32000
2027,16000
2028,11000
2029,33000
2030,13000
2031,61000
2032,63000
2033,7100
2034,39000
2035,52000
2036,13000
2037,13000
2038,15000
2039,15000
2040,52000
2041,30000
2042,58000
2043,18000
2044,64000
2045,8000
2046,15000
2047,36000
2048,26000
2049,15000
2050,24000
2051,15000
2052,15000
2053,64000
2054,39000
2055,13000
2056,11000
2057,38000
2058,13000
2059,51000
2060,13000
2061,13000
2062,36000
2063,13000
2064,23000
2065,52000
2066,44000
2067,62000
2068,29000
2069,13000
2070,15000
2071,43000
2072,64000
2073,18000
2074,38000
2075,36000
2076,15000
2077,11000
2078,64000
2079,20000
2080,25000
2081,42000
2082,5100
2083,12000
2084,6400
2085,7600
2086,15000
2087,21000
2088,13000
2089,44000
2090,58000
2091,43000
2092,57000
2093,15000
2094,15000
2095,25000
2096,34000
2097,27000
2098,11000
2099,13000
2100,13000
2101,15000
2102,48000
2103,54000
2104,13000
2105,9200
2106,24000
2107,5500
2108,24000
2109,13000
2110,21000
2111,64000
2112,5800
2113,12000
2114,15000
2115,14000
2116,64000
2117,7200
2118,15000
2119,24000
2120,23000
2121,9600
2122,22000
2123,39000
2124,8100
2125,18000
2126,10000
2127,64000
2128,7600
2129,59000
2130,13000
2131,10000
2132,13000
2133,15000
2134,41000
2135,13000
2136,25000
2137,51000
2138,23000
2139,10000
2140,54000
2141,15000
2142,24000
2143,18000
2144,15000
2145,53000
2146,29000
2147,2900
2148,22000
2149,11000
2150,15000
2151,13000
2152,13000
2153,15000
2154,39000
2155,15000
2156,13000
2157,64000
2158,15000
2159,48000
2160,15000
2161,58000
2162,13000
2163,44000
2164,16000
2165,15000
2166,62000
2167,7600
2168,15000
2169,15000
2170,41000
2171,13000
2172,8300
2173,13000
2174,64000
2175,30000
2176,6500
2177,15000
2178,30000
2179,12000
2180,15000
2181,57000
2182,16000
2183,15000
2184,15000
2185,48000
2186,31000
2187,15000
2188,13000
2189,64000
2190,24000
2191,13000
2192,4600
2193,9100
2194,15000
2195,47000
2196,15000
2197,7000
2198,17000
2199,24000
2200,56000
2201,11000
2202,25000
2203,33000
2204,32000
2205,39000
2206,19000
2207,5500
2208,5900
2209,11000
2210,27000
2211,64000
2212,58000
2213,29000
2214,13000
2215,16000
2216,64000
2217,10000
2218,41000
2219,13000
2220,9100
2221,23000
2222,13000
2223,6600
2224,3900
2225,34000
2226,19000
2227,57000
2228,26000
2229,13000
2230,35000
2231,13000
2232,15000
2233,20000
2234,50000
2235,28000
2236,33000
2237,13000
2238,13000
2239,38000
2240,14000
2241,13000
2242,13000
2243,33000
2244,42000
2245,29000
2246,18000
2247,13000
2248,15000
2249,15000
2250,29000
2251,51000
2252,3700
2253,24000
2254,12000
2255,23000
2256,30000
2257,14000
2258,15000
2259,44000
2260,33000
2261,15000
2262,17000
2263,2900
2264,33000
2265,55000
2266,34000
2267,13000
2268,13000
2269,43000
2270,4700
2271,44000
2272,13000
2273,15000
2274,25000
2275,32000
2276,13000
2277,32000
2278,45000
2279,53000
2280,28000
2281,1900
2282,15000
2283,13000
2284,64000
2285,25000
2286,51000
2287,13000
2288,37000
2289,19000
2290,15000
2291,40000
2292,41000
2293,64000
2294,13000
2295,13000
2296,7800
2297,23000
2298,16000
2299,29000
2300,4300
2301,35000
2302,13000
2303,6100
2304,4600
2305,4500
2306,13000
2307,41000
2308,8300
2309,61000
2310,19000
2311,12000
2312,26000
2313,10000
2314,13000
2315,15000
2316,15000
2317,13000
2318,35000
2319,15000
2320,15000
2321,10000
2322,31000
2323,13000
2324,4800
2325,12000
2326,38000
2327,3900
2328,26000
2329,13000
2330,19000
2331,42000
2332,25000
2333,13000
2334,21000
2335,12000
2336,15000
2337,15000
2338,11000
2339,64000
2340,9700
2341,23000
2342,27000
2343,31000
2344,15000
2345,15000
2346,13000
2347,22000
2348,25000
2349,55000
2350,4700
2351,54000
2352,10000
2353,9100
2354,29000
2355,8800
2356,25000
2357,15000
2358,7300
2359,5600
2360,13000
2361,5400
2362,7800
2363,12000
2364,9700
2365,19000
2366,13000
2367,64000
2368,64000
2369,22000
2370,62000
2371,23000
2372,16000
2373,13000
2374,15000
2375,13000
2376,13000
2377,13000
2378,44000
2379,28000
2380,15000
2381,30000
2382,64000
2383,26000
2384,32000
2385,13000
2386,29000
2387,13000
2388,33000
2389,64000
2390,5200
2391,14000
2392,30000
2393,15000
2394,7000
2395,40000
2396,39000
2397,23000
2398,44000
2399,7600
2400,13000
2401,7000
2402,28000
2403,18000
2404,15000
2405,7700
2406,49000
2407,13000
2408,25000
2409,8000
2410,53000
2411,15000
2412,26000
2413,56000
2414,44000
2415,62000
2416,13000
2417,52000
2418,13000
2419,36000
2420,24000
2421,58000
2422,8500
2423,14000
2424,12000
2425,43000
2426,12000
2427,15000
2428,40000
2429,11000
2430,15000
2431,26000
2432,13000
2433,23000
2434,40000
2435,28000
2436,16000
2437,5700
2438,16000
2439,51000
2440,37000
2441,4800
2442,15000
2443,2700
2444,18000
2445,13000
2446,39000
2447,10000
2448,47000
2449,13000
2450,33000
2451,30000
2452,44000
2453,12000
2454,6600
2455,13000
2456,13000
2457,24000
2458,13000
2459,64000
2460,47000
2461,15000
2462,19000
2463,6700
2464,11000
2465,13000
2466,12000
2467,39000
2468,7900
2469,13000
2470,15000
2471,7700
2472,5600
2473,20000
2474,60000
2475,15000
2476,23000
2477,13000
2478,15000
2479,11000
2480,3300
2481,7600
2482,15000
2483,23000
2484,20000
2485,64000
2486,44000
2487,30000
2488,13000
2489,27000
2490,24000
2491,15000
2492,59000
2493,25000
2494,50000
2495,48000
2496,15000
2497,13000
2498,20000
2499,13000
2500,44000
2501,1500
2502,64000
2503,40000
2504,45000
2505,13000
2506,10000
2507,16000
2508,64000
2509,16000
2510,13000
2511,15000
2512,13000
2513,44000
2514,13000
2515,39000
2516,15000
2517,45000
2518,6000
2519,15000
2520,29000
2521,41000
2522,29000
2523,51000
2524,15000
2525,25000
2526,21000
2527,11000
2528,36000
2529,13000
2530,12000
2531,9000
2532,15000
2533,13000
2534,49000
2535,7600
2536,36000
2537,13000
2538,13000
2539,27000
2540,31000
2541,15000
2542,49000
2543,16000
2544,6700
2545,6500
2546,13000
2547,1500
2548,64000
2549,40000
2550,13000
2551,64000
2552,13000
2553,2600
2554,13000
2555,53000
2556,4700
2557,30000
2558,6300
2559,9200
2560,1600
2561,27000
2562,27000
2563,21000
2564,6100
2565,23000
2566,14000
2567,3300
2568,54000
2569,23000
2570,27000
2571,26000
2572,57000
2573,17000
2574,15000
2575,13000
2576,9000
2577,24000
2578,13000
2579,15000
2580,52000
2581,51000
2582,46000
2583,64000
2584,64000
2585,24000
2586,13000
2587,43000
2588,19000
2589,13000
2590,13000
2591,40000
2592,13000
2593,15000
2594,15000
2595,21000
2596,13000
2597,50000
2598,64000
2599,13000
2600,21000
2601,64000
2602,49000
2603,36000
2604,13000
2605,13000
2606,53000
2607,27000
2608,14000
2609,41000
2610,55000
2611,23000
2612,12000
2613,15000
2614,46000
2615,14000
2616,14000
2617,20000
2618,15000
2619,25000
2620,13000
2621,13000
2622,5900
2623,39000
2624,38000
2625,5700
2626,1600
2627,24000
2628,64000
2629,13000
2630,52000
2631,43000
2632,29000
2633,15000
2634,58000
2635,15000
2636,16000
2637,4800
2638,40000
2639,33000
2640,5700
2641,15000
2642,13000
2643,13000
2644,40000
2645,16000
2646,43000
2647,20000
2648,7700
2649,53000
2650,19000
2651,13000
2652,56000
2653,28000
2654,64000
2655,30000
2656,53000
2657,15000
2658,48000
2659,16000
2660,13000
2661,13000
2662,25000
2663,15000
2664,17000
2665,15000
2666,13000
2667,20000
2668,24000
2669,23000
2670,31000
2671,15000
2672,9400
2673,13000
2674,8300
2675,4200
2676,64000
2677,15000
2678,8300
2679,14000
2680,37000
2681,46000
2682,15000
2683,15000
2684,40000
2685,15000
2686,32000
2687,9900
2688,55000
2689,29000
2690,51000
2691,13000
2692,18000
2693,13000
2694,29000
2695,38000
2696,15000
2697,49000
2698,29000
2699,8700
2700,21000
2701,4200
2702,9000
2703,46000
2704,38000
2705,36000
2706,7200
2707,19000
2708,41000
2709,13000
2710,26000
2711,15000
2712,19000
2713,44000
2714,19000
2715,13000
2716,13000
2717,20000
2718,33000
2719,20000
2720,13000
2721,15000
2722,24000
2723,55000
2724,4300
2725,28000
2726,2200
2727,13000
2728,14000
2729,13000
2730,46000
2731,17000
2732,27000
2733,31000
2734,15000
2735,9200
2736,15000
2737,40000
2738,15000
2739,12000
2740,6100
2741,15000
2742,7000
2743,64000
2744,64000
2745,30000
2746,28000
2747,15000
2748,15000
2749,33000
2750,51000
2751,34000
2752,46000
2753,13000
2754,13000
2755,64000
2756,2900
2757,15000
2758,33000
2759,48000
2760,23000
2761,9600
2762,810
2763,13000
2764,16000
2765,19000
2766,42000
2767,58000
2768,49000
2769,13000
2770,8700
2771,13000
2772,2600
2773,15000
2774,5100
2775,8300
2776,15000
2777,5600
2778,16000
2779,13000
2780,15000
2781,15000
2782,13000
2783,16000
2784,15000
2785,50000
2786,36000
2787,16000
2788,6000
2789,13000
2790,24000
2791,58000
2792,23000
2793,15000
2794,15000
2795,16000
2796,38000
2797,33000
2798,54000
2799,37000
2800,20000
2801,15000
2802,15000
2803,64000
2804,64000
2805,13000
2806,4200
2807,35000
2808,8900
2809,17000
2810,36000
2811,32000
2812,9600
2813,28000
2814,17000
2815,45000
2816,26000
2817,8200
2818,14000
2819,13000
2820,35000
2821,2300
2822,64000
2823,29000
2824,25000
2825,15000
2826,4900
2827,8200
2828,13000
2829,30000
2830,15000
2831,13000
2832,13000
2833,19000
2834,6000
2835,12000
2836,24000
2837,15000
2838,22000
2839,15000
2840,13000
2841,13000
2842,13000
2843,15000
2844,42000
2845,26000
2846,15000
2847,14000
2848,38000
2849,17000
2850,15000
2851,37000
2852,13000
2853,24000
2854,15000
2855,24000
2856,15000
2857,4400
2858,15000
2859,7600
2860,50000
2861,15000
2862,62000
2863,48000
2864,40000
2865,7300
2866,40000
2867,3500
2868,64000
2869,5600
2870,39000
2871,13000
2872,33000
2873,15000
2874,3100
2875,13000
2876,13000
2877,13000
2878,13000
2879,55000
2880,15000
2881,15000
2882,43000
2883,15000
2884,13000
2885,13000
2886,14000
2887,23000
2888,26000
2889,38000
2890,13000
2891,49000
2892,16000
2893,7400
2894,13000
2895,25000
2896,15000
2897,37000
2898,21000
2899,10000
2900,6100
2901,16000
2902,13000
2903,15000
2904,43000
2905,14000
2906,51000
2907,13000
2908,15000
2909,35000
2910,26000
2911,2300
2912,4400
2913,7500
2914,15000
2915,5500
2916,20000
2917,26000
2918,51000
2919,15000
2920,47000
2921,2400
2922,1200
2923,13000
2924,13000
2925,64000
2926,56000
2927,9900
2928,34000
2929,12000
2930,35000
2931,52000
2932,30000
2933,15000
2934,15000
2935,31000
2936,15000
2937,35000
2938,32000
2939,13000
2940,43000
2941,51000
2942,27000
2943,58000
2944,53000
2945,64000
2946,57000
2947,15000
2948,13000
2949,32000
2950,10000
2951,15000
2952,15000
2953,2200
2954,38000
2955,5800
2956,11000
2957,15000
2958,9100
2959,24000
2960,1300
2961,5300
2962,43000
2963,10000
2964,15000
2965,13000
2966,13000
2967,41000
2968,64000
2969,5800
2970,39000
2971,11000
2972,41000
2973,11000
2974,15000
2975,27000
2976,51000
2977,26000
2978,64000
2979,7700
2980,15000
2981,14000
2982,15000
2983,45000
2984,15000
2985,40000
2986,13000
2987,15000
2988,38000
2989,39000
2990,48000
2991,39000
2992,15000
2993,15000
2994,44000
2995,8100
2996,310
2997,39000
2998,13000
2999,13000
3000,21000
3001,64000
3002,64000
3003,9100
3004,30000
3005,36000
3006,12000
3007,15000
3008,31000
3009,15000
3010,21000
3011,15000
3012,13000
3013,18000
3014,13000
3015,36000
3016,5600
3017,64000
3018,11000
3019,17000
3020,15000
3021,14000
3022,31000
3023,3800
3024,27000
3025,17000
3026,13000
3027,4300
3028,45000
3029,15000
3030,9100
3031,22000
3032,9000
3033,35000
3034,31000
3035,33000
3036,12000
3037,26000
3038,13000
3039,13000
3040,38000
3041,13000
3042,44000
3043,33000
3044,17000
3045,15000
3046,44000
3047,13000
3048,7900
3049,24000
3050,4000
3051,7600
3052,15000
3053,17000
3054,11000
3055,29000
3056,24000
3057,5200
3058,9300
3059,15000
3060,35000
3061,15000
3062,48000
3063,10000
3064,51000
3065,34000
3066,7800
3067,18000
3068,4500
3069,15000
3070,15000
3071,20000
3072,47000
3073,35000
3074,25000
3075,25000
3076,7900
3077,21000
3078,15000
3079,8100
3080,22000
3081,34000
3082,15000
3083,3500
3084,42000
3085,44000
3086,8500
3087,51000
3088,8800
3089,13000
3090,22000
3091,11000
3092,39000
3093,28000
3094,27000
3095,6700
3096,17000
3097,49000
3098,25000
3099,25000
3100,5100
3101,16000
3102,33000
3103,9300
3104,2800
3105,8900
3106,15000
3107,19000
3108,48000
3109,28000
3110,30000
3111,11000
3112,13000
3113,15000
3114,9800
3115,36000
3116,27000
3117,19000
3118,13000
3119,19000
3120,31000
3121,35000
3122,16000
3123,56000
3124,13000
3125,15000
3126,15000
3127,15000
3128,13000
3129,32000
3130,13000
3131,64000
3132,13000
3133,54000
3134,15000
3135,24000
3136,15000
3137,13000
3138,15000
3139,12000
3140,64000
3141,44000
3142,13000
3143,16000
3144,34000
3145,52000
3146,64000
3147,13000
3148,15000
3149,13000
3150,41000
3151,27000
3152,19000
3153,47000
3154,8400
3155,1400
3156,15000
3157,64000
3158,5900
3159,59000
3160,15000
3161,4700
3162,7500
3163,57000
3164,50000
3165,34000
3166,5200
3167,24000
3168,13000
3169,15000
3170,24000
3171,36000
3172,15000
3173,15000
3174,53000
3175,31000
3176,52000
3177,40000
3178,15000
3179,15000
3180,13000
3181,12000
3182,39000
3183,5200
3184,35000
3185,26000
3186,64000
3187,61000
3188,38000
3189,1900
3190,13000
3191,64000
3192,34000
3193,6300
3194,2900
3195,15000
3196,45000
3197,28000
3198,17000
3199,16000
3200,24000
3201,20000
3202,15000
3203,51000
3204,9500
3205,7900
3206,6300
3207,6200
3208,64000
3209,62000
3210,12000
3211,36000
3212,62000
3213,15000
3214,64000
3215,46000
3216,32000
3217,64000
3218,13000
3219,24000
3220,27000
3221,7200
3222,39000
3223,43000
3224,15000
3225,12000
3226,15000
3227,54000
3228,42000
3229,8500
3230,13000
3231,31000
3232,57000
3233,31000
3234,20000
3235,30000
3236,15000
3237,53000
3238,40000
3239,15000
3240,3400
3241,13000
3242,13000
3243,51000
3244,11000
3245,14000
3246,64000
3247,42000
3248,64000
3249,58000
3250,53000
3251,6500
3252,9400
3253,23000
3254,5900
3255,39000
3256,43000
3257,15000
3258,15000
3259,24000
3260,64000
3261,64000
3262,37000
3263,5200
3264,50000
3265,16000
3266,49000
3267,40000
3268,47000
3269,13000
3270,5700
3271,8300
3272,40000
3273,41000
3274,15000
3275,23000
3276,13000
3277,13000
3278,40000
3279,23000
3280,13000
3281,39000
3282,33000
3283,17000
3284,37000
3285,53000
3286,22000
3287,13000
3288,12000
3289,18000
3290,64000
3291,39000
3292,7700
3293,2100
3294,47000
3295,15000
3296,30000
3297,8800
3298,21000
3299,12000
3300,49000
3301,15000
3302,13000
3303,12000
3304,15000
3305,43000
3306,12000
3307,6000
3308,7600
3309,32000
3310,17000
3311,13000
3312,9700
3313,8700
3314,14000
3315,61000
3316,48000
3317,43000
3318,1700
3319,62000
3320,18000
3321,8100
3322,30000
3323,4500
3324,13000
3325,13000
3326,13000
3327,15000
3328,6500
3329,64000
3330,6800
3331,64000
3332,7700
3333,15000
3334,18000
3335,46000
3336,13000
3337,15000
3338,40000
3339,5400
3340,31000
3341,5500
3342,55000
3343,64000
3344,50000
3345,2900
3346,8900
3347,15000
3348,15000
3349,14000
3350,28000
3351,57000
3352,15000
3353,9100
3354,11000
3355,18000
3356,11000
3357,53000
3358,9500
3359,8600
3360,13000
3361,52000
3362,26000
3363,12000
3364,2600
3365,43000
3366,3200
3367,14000
3368,27000
3369,59000
3370,26000
3371,13000
3372,40000
3373,15000
3374,9000
3375,15000
3376,42000
3377,15000
3378,6700
3379,31000
3380,13000
3381,21000
3382,21000
3383,51000
3384,53000
3385,51000
3386,13000
3387,51000
3388,17000
3389,1300
3390,34000
3391,34000
3392,55000
3393,26000
3394,13000
3395,17000
3396,15000
3397,24000
3398,64000
3399,29000
3400,32000
3401,37000
3402,15000
3403,21000
3404,31000
3405,8000
3406,16000
3407,36000
3408,15000
3409,64000
3410,8200
3411,55000
3412,50000
3413,9700
3414,13000
3415,21000
3416,59000
3417,8000
3418,20000
3419,12000
3420,51000
3421,46000
3422,16000
3423,18000
3424,53000
3425,15000
3426,14000
3427,44000
3428,13000
3429,13000
3430,46000
3431,26000
3432,16000
3433,30000
3434,26000
3435,9600
3436,6600
3437,57000
3438,27000
3439,22000
3440,22000
3441,5400
3442,32000
3443,14000
3444,32000
3445,54000
3446,30000
3447,45000
3448,36000
3449,17000
3450,6100
3451,28000
3452,9200
3453,13000
3454,14000
3455,8100
3456,27000
3457,13000
3458,45000
3459,8900
3460,5900
3461,4700
3462,57000
3463,38000
3464,15000
3465,20000
3466,2600
3467,33000
3468,38000
3469,38000
3470,13000
3471,15000
3472,9300
3473,37000
3474,52000
3475,15000
3476,3700
3477,37000
3478,9600
3479,15000
3480,14000
3481,32000
3482,64000
3483,55000
3484,19000
3485,13000
3486,15000
3487,43000
3488,61000
3489,31000
3490,60000
3491,13000
3492,15000
3493,13000
3494,39000
3495,14000
3496,29000
3497,15000
3498,36000
3499,35000
3500,35000
3501,58000
3502,15000
3503,64000
3504,18000
3505,14000
3506,16000
3507,46000
3508,6100
3509,11000
3510,33000
3511,17000
3512,15000
3513,52000
3514,42000
3515,30000
3516,13000
3517,11000
3518,15000
3519,15000
3520,30000
3521,6100
3522,13000
3523,12000
3524,39000
3525,32000
3526,64000
3527,27000
3528,13000
3529,2700
3530,29000
3531,59000
3532,53000
3533,7900
3534,6600
3535,32000
3536,51000
3537,53000
3538,36000
3539,40000
3540,49000
3541,58000
3542,14000
3543,64000
3544,10000
3545,18000
3546,24000
3547,40000
3548,15000
3549,4400
3550,9600
3551,48000
3552,51000
3553,19000
3554,15000
3555,45000
3556,15000
3557,13000
3558,15000
3559,12000
3560,12000
3561,13000
3562,13000
3563,23000
3564,26000
3565,50000
3566,64000
3567,64000
3568,13000
3569,64000
3570,21000
3571,31000
3572,7000
3573,15000
3574,51000
3575,55000
3576,8900
3577,24000
3578,6300
3579,13000
3580,21000
3581,45000
3582,15000
3583,51000
3584,49000
3585,25000
3586,30000
3587,26000
3588,15000
3589,9300
3590,1400
3591,42000
3592,15000
3593,12000
3594,15000
3595,46000
3596,33000
3597,11000
3598,13000
3599,57000
3600,32000
3601,41000
3602,13000
3603,15000
3604,15000
3605,15000
3606,49000
3607,8300
3608,64000
3609,39000
3610,23000
3611,36000
3612,9400
3613,12000
3614,5400
3615,13000
3616,23000
3617,15000
3618,26000
3619,19000
3620,15000
3621,13000
3622,4300
3623,6000
3624,44000
3625,62000
3626,37000
3627,24000
3628,39000
3629,17000
3630,15000
3631,51000
3632,6800
3633,43000
3634,1500
3635,57000
3636,23000
3637,8100
3638,13000
3639,25000
3640,40000
3641,41000
3642,39000
3643,26000
3644,43000
3645,63000
3646,15000
3647,56000
3648,27000
3649,26000
3650,15000
3651,22000
3652,15000
3653,39000
3654,22000
3655,15000
3656,15000
3657,14000
3658,62000
3659,24000
3660,1300
3661,15000
3662,60000
3663,8200
3664,15000
3665,64000
3666,44000
3667,27000
3668,15000
3669,8700
3670,64000
3671,15000
3672,38000
3673,15000
3674,13000
3675,15000
3676,15000
3677,64000
3678,13000
3679,53000
3680,24000
3681,13000
3682,9400
3683,20000
3684,14000
3685,26000
3686,61000
3687,27000
3688,30000
3689,22000
3690,8700
3691,13000
3692,13000
3693,45000
3694,11000
3695,15000
3696,22000
3697,48000
3698,15000
3699,38000
3700,6500
3701,15000
3702,12000
3703,13000
3704,13000
3705,44000
3706,64000
3707,33000
3708,15000
3709,13000
3710,31000
3711,15000
3712,15000
3713,27000
3714,13000
3715,53000
3716,33000
3717,36000
3718,56000
3719,13000
3720,7200
3721,15000
3722,26000
3723,37000
3724,6500
3725,13000
3726,17000
3727,24000
3728,19000
3729,39000
3730,15000
3731,13000
3732,12000
3733,16000
3734,42000
3735,5700
3736,47000
3737,6000
3738,9600
3739,14000
3740,50000
3741,15000
3742,13000
3743,32000
3744,4500
3745,15000
3746,13000
3747,6300
3748,15000
3749,11000
3750,10000
3751,43000
3752,26000
3753,4500
3754,30000
3755,4200
3756,35000
3757,31000
3758,13000
3759,6300
3760,34000
3761,10000
3762,54000
3763,9100
3764,13000
3765,18000
3766,62000
3767,7700
3768,13000
3769,64000
3770,27000
3771,15000
3772,32000
3773,15000
3774,17000
3775,64000
3776,15000
3777,52000
3778,22000
3779,13000
3780,26000
3781,31000
3782,20000
3783,33000
3784,13000
3785,13000
3786,3500
3787,43000
3788,17000
3789,15000
3790,32000
3791,46000
3792,5900
3793,34000
3794,14000
3795,13000
3796,12000
3797,64000
3798,40000
3799,14000
3800,15000
3801,15000
3802,13000
3803,13000
3804,6400
3805,40000
3806,15000
3807,30000
3808,15000
3809,34000
3810,25000
3811,14000
3812,7500
3813,52000
3814,20000
3815,5900
3816,40000
3817,64000
3818,15000
3819,13000
3820,58000
3821,15000
3822,28000
3823,51000
3824,7800
3825,34000
3826,9700
3827,17000
3828,49000
3829,30000
3830,36000
3831,1500
3832,13000
3833,51000
3834,28000
3835,15000
3836,14000
3837,50000
3838,14000
3839,19000
3840,8900
3841,64000
3842,39000
3843,26000
3844,37000
3845,32000
3846,18000
3847,15000
3848,32000
3849,20000
3850,35000
3851,35000
3852,8700
3853,62000
3854,15000
3855,15000
3856,21000
3857,26000
3858,7100
3859,44000
3860,63000
3861,19000
3862,15000
3863,34000
3864,24000
3865,13000
3866,6400
3867,26000
3868,15000
3869,30000
3870,22000
3871,12000
3872,39000
3873,31000
3874,24000
3875,34000
3876,20000
3877,43000
3878,15000
3879,64000
3880,14000
3881,15000
3882,49000
3883,18000
3884,15000
3885,13000
3886,13000
3887,15000
3888,25000
3889,17000
3890,15000
3891,14000
3892,34000
3893,13000
3894,58000
3895,4500
3896,22000
3897,5000
3898,21000
3899,13000
3900,58000
3901,9300
3902,13000
3903,11000
3904,24000
3905,16000
3906,46000
3907,13000
3908,15000
3909,23000
3910,39000
3911,15000
3912,27000
3913,7000
3914,11000
3915,15000
3916,18000
3917,36000
3918,16000
3919,29000
3920,15000
3921,15000
3922,13000
3923,15000
3924,8700
3925,18000
3926,18000
3927,8700
3928,61000
3929,15000
3930,15000
3931,18000
3932,14000
3933,13000
3934,13000
3935,27000
3936,23000
3937,13000
3938,64000
3939,15000
3940,34000
3941,15000
3942,9100
3943,20000
3944,15000
3945,23000
3946,15000
3947,13000
3948,9300
3949,45000
3950,15000
3951,64000
3952,33000
3953,18000
3954,30000
3955,41000
3956,49000
3957,10000
3958,41000
3959,15000
3960,38000
3961,1800
3962,64000
3963,16000
3964,19000
3965,24000
3966,22000
3967,50000
3968,64000
3969,1200
3970,15000
3971,3300
3972,62000
3973,37000
3974,26000
3975,33000
3976,11000
3977,33000
3978,3700
3979,4000
3980,15000
3981,18000
3982,13000
3983,13000
3984,42000
3985,9300
3986,3900
3987,43000
3988,20000
3989,17000
3990,22000
3991,40000
3992,20000
3993,23000
3994,26000
3995,15000
3996,13000
3997,21000
3998,45000
3999,21000
4000,28000
4001,15000
4002,15000
4003,6300
4004,5200
4005,12000
4006,9400
4007,6100
4008,64000
4009,14000
4010,42000
4011,27000
4012,13000
4013,13000
4014,9300
4015,53000
4016,19000
4017,5500
4018,14000
4019,7500
4020,36000
4021,30000
4022,13000
4023,37000
4024,23000
4025,64000
4026,49000
4027,27000
4028,64000
4029,18000
4030,6700
4031,26000
4032,17000
4033,15000
4034,15000
4035,15000
4036,12000
4037,24000
4038,50000
4039,47000
4040,14000
4041,16000
4042,13000
4043,31000
4044,6000
4045,64000
4046,15000
4047,4800
4048,13000
4049,9300
4050,21000
4051,58000
4052,22000
4053,21000
4054,13000
4055,43000
4056,13000
4057,5700
4058,64000
4059,13000
4060,15000
4061,7100
4062,13000
4063,23000
4064,53000
4065,18000
4066,16000
4067,13000
4068,13000
4069,41000
4070,12000
4071,37000
4072,15000
4073,31000
4074,15000
4075,11000
4076,13000
4077,28000
4078,58000
4079,15000
4080,23000
4081,15000
4082,23000
4083,2300
4084,31000
4085,16000
4086,24000
4087,27000
4088,15000
4089,34000
4090,7500
4091,43000
4092,15000
4093,13000
4094,45000
4095,38000
4096,15000
4097,12000
4098,26000
4099,20000
4100,19000
4101,13000
4102,7400
4103,15000
4104,24000
4105,6400
4106,64000
4107,49000
4108,15000
4109,64000
4110,31000
4111,13000
4112,15000
4113,15000
4114,31000
4115,62000
4116,13000
4117,28000
4118,44000
4119,13000
4120,53000
4121,29000
4122,15000
4123,8500
4124,13000
4125,15000
4126,9600
4127,25000
4128,3100
4129,13000
4130,15000
4131,34000
4132,33000
4133,29000
4134,46000
4135,26000
4136,34000
4137,63000
4138,14000
4139,24000
4140,8100
4141,8600
4142,2800
4143,14000
4144,28000
4145,64000
4146,34000
4147,46000
4148,29000
4149,15000
4150,6900
4151,3500
4152,13000
4153,5800
4154,19000
4155,13000
4156,27000
4157,21000
4158,20000
4159,46000
4160,43000
4161,6600
4162,15000
4163,15000
4164,4700
4165,15000
4166,9000
4167,64000
4168,46000
4169,24000
4170,15000
4171,23000
4172,11000
4173,30000
4174,16000
4175,64000
4176,13000
4177,15000
4178,44000
4179,23000
4180,13000
4181,3800
4182,13000
4183,43000
4184,25000
4185,38000
4186,33000
4187,27000
4188,5500
4189,13000
4190,25000
4191,6200
4192,6000
4193,5000
4194,13000
4195,28000
4196,7200
4197,15000
4198,13000
4199,26000
4200,4700
4201,15000
4202,15000
4203,15000
4204,4000
4205,15000
4206,33000
4207,7900
4208,30000
4209,18000
4210,14000
4211,7300
4212,48000
4213,3600
4214,44000
4215,13000
4216,13000
4217,15000
4218,4500
4219,7900
4220,52000
4221,13000
4222,49000
4223,3800
4224,5500
4225,43000
4226,11000
4227,4400
4228,33000
4229,3300
4230,20000
4231,24000
4232,13000
4233,20000
4234,13000
4235,44000
4236,9000
4237,5900
4238,15000
4239,49000
4240,64000
4241,20000
4242,8300
4243,19000
4244,12000
4245,2500
4246,64000
4247,28000
4248,13000
4249,64000
4250,15000
4251,48000
4252,15000
4253,6900
4254,15000
4255,15000
4256,19000
4257,12000
4258,20000
4259,24000
4260,31000
4261,63000
4262,19000
4263,9800
4264,22000
4265,9900
4266,15000
4267,33000
4268,13000
4269,32000
4270,19000
4271,26000
4272,50000
4273,18000
4274,11000
4275,26000
4276,12000
4277,24000
4278,13000
4279,12000
4280,3300
4281,59000
4282,55000
4283,15000
4284,45000
4285,52000
4286,42000
4287,39000
4288,35000
4289,64000
4290,64000
4291,15000
4292,13000
4293,40000
4294,24000
4295,2900
4296,6000
4297,44000
4298,20000
4299,13000
4300,43000
4301,26000
4302,15000
4303,5700
4304,6500
4305,64000
4306,41000
4307,15000
4308,16000
4309,13000
4310,28000
4311,45000
4312,40000
4313,13000
4314,27000
4315,47000
4316,33000
4317,26000
4318,8400
4319,46000
4320,15000
4321,15000
4322,29000
4323,22000
4324,15000
4325,64000
4326,53000
4327,6800
4328,42000
4329,34000
4330,25000
4331,23000
4332,7100
4333,64000
4334,43000
4335,17000
4336,4600
4337,46000
4338,1800
4339,41000
4340,11000
4341,62000
4342,26000
4343,15000
4344,44000
4345,11000
4346,49000
4347,39000
4348,34000
4349,51000
4350,7500
4351,12000
4352,5500
4353,15000
4354,7600
4355,13000
4356,11000
4357,9300
4358,12000
4359,53000
4360,30000
4361,21000
4362,36000
4363,28000
4364,13000
4365,23000
4366,50000
4367,6500
4368,61000
4369,39000
4370,3800
4371,13000
4372,19000
4373,46000
4374,29000
4375,13000
4376,15000
4377,39000
4378,64000
4379,44000
4380,6400
4381,12000
4382,15000
4383,17000
4384,15000
4385,24000
4386,13000
4387,64000
4388,16000
4389,38000
4390,46000
4391,23000
4392,35000
4393,5100
4394,15000
4395,29000
4396,26000
4397,13000
4398,24000
4399,9200
4400,6400
4401,26000
4402,20000
4403,15000
4404,34000
4405,53000
4406,13000
4407,14000
4408,6700
4409,13000
4410,38000
4411,33000
4412,15000
4413,43000
4414,45000
4415,13000
4416,15000
4417,55000
4418,25000
4419,29000
4420,13000
4421,3900
4422,15000
4423,33000
4424,18000
4425,47000
4426,15000
4427,7400
4428,19000
4429,29000
4430,13000
4431,47000
4432,7300
4433,15000
4434,51000
4435,18000
4436,25000
4437,64000
4438,17000
4439,15000
4440,44000
4441,43000
4442,21000
4443,16000
4444,64000
4445,13000
4446,15000
4447,40000
4448,22000
4449,64000
4450,15000
4451,51000
4452,12000
4453,13000
4454,26000
4455,20000
4456,42000
4457,15000
4458,29000
4459,23000
4460,13000
4461,15000
4462,1200
4463,15000
4464,15000
4465,5700
4466,44000
4467,23000
4468,14000
4469,14000
4470,15000
4471,36000
4472,9500
4473,14000
4474,47000
4475,52000
4476,13000
4477,13000
4478,12000
4479,4100
4480,12000
4481,20000
4482,13000
4483,6300
4484,15000
4485,13000
4486,15000
4487,11000
4488,33000
4489,16000
4490,26000
4491,41000
4492,64000
4493,13000
4494,13000
4495,14000
4496,22000
4497,1800
4498,23000
4499,64000
4500,24000
4501,15000
4502,12000
4503,23000
4504,29000
4505,18000
4506,6400
4507,15000
4508,36000
4509,22000
4510,61000
4511,19000
4512,62000
4513,28000
4514,23000
4515,64000
4516,38000
4517,38000
4518,34000
4519,5600
4520,15000
4521,31000
4522,4000
4523,64000
4524,15000
4525,13000
4526,8900
4527,26000
4528,13000
4529,32000
4530,22000
4531,24000
4532,6900
4533,64000
4534,15000
4535,24000
4536,60000
4537,10000
4538,48000
4539,13000
4540,38000
4541,30000
4542,31000
4543,30000
4544,15000
4545,32000
4546,41000
4547,13000
4548,64000
4549,42000
4550,12000
4551,22000
4552,26000
4553,28000
4554,26000
4555,8300
4556,13000
4557,48000
4558,20000
4559,52000
4560,63000
4561,18000
4562,46000
4563,6600
4564,39000
4565,15000
4566,61000
4567,15000
4568,44000
4569,18000
4570,45000
4571,26000
4572,33000
4573,13000
4574,28000
4575,29000
4576,61000
4577,34000
4578,6800
4579,54000
4580,39000
4581,2700
4582,40000
4583,5100
4584,28000
4585,64000
4586,13000
4587,57000
4588,14000
4589,25000
4590,15000
4591,20000
4592,36000
4593,64000
4594,13000
4595,48000
4596,26000
4597,6500
4598,2000
4599,15000
4600,13000
4601,4800
4602,15000
4603,13000
4604,22000
4605,48000
4606,43000
4607,4200
4608,32000
4609,20000
4610,15000
4611,15000
4612,44000
4613,13000
4614,12000
4615,64000
4616,17000
4617,13000
4618,45000
4619,15000
4620,15000
4621,64000
4622,12000
4623,5600
4624,33000
4625,24000
4626,13000
4627,64000
4628,15000
4629,15000
4630,17000
4631,13000
4632,13000
4633,13000
4634,44000
4635,13000
4636,15000
4637,13000
4638,8500
4639,15000
4640,9300
4641,48000
4642,13000
4643,15000
4644,15000
4645,31000
4646,47000
4647,33000
4648,13000
4649,3800
4650,13000
4651,13000
4652,13000
4653,5200
4654,64000
4655,3000
4656,15000
4657,13000
4658,15000
4659,43000
4660,13000
4661,48000
4662,40000
4663,50000
4664,37000
4665,13000
4666,13000
4667,55000
4668,24000
4669,39000
4670,20000
4671,13000
4672,42000
4673,12000
4674,42000
4675,15000
4676,32000
4677,16000
4678,13000
4679,15000
4680,13000
4681,22000
4682,13000
4683,21000
4684,51000
4685,51000
4686,13000
4687,13000
4688,29000
4689,64000
4690,43000
4691,15000
4692,64000
4693,15000
4694,7700
4695,33000
4696,18000
4697,29000
4698,64000
4699,29000
4700,35000
4701,19000
4702,16000
4703,15000
4704,31000
4705,15000
4706,48000
4707,37000
4708,13000
4709,41000
4710,43000
4711,64000
4712,13000
4713,4800
4714,27000
4715,16000
4716,35000
4717,54000
4718,15000
4719,13000
4720,1700
4721,15000
4722,34000
4723,34000
4724,41000
4725,25000
4726,62000
4727,13000
4728,13000
4729,13000
4730,18000
4731,13000
4732,15000
4733,41000
4734,3100
4735,36000
4736,44000
4737,15000
4738,5400
4739,13000
4740,24000
4741,64000
4742,26000
4743,15000
4744,14000
4745,8300
4746,15000
4747,44000
4748,28000
4749,15000
4750,15000
4751,61000
4752,13000
4753,31000
4754,22000
4755,23000
4756,15000
4757,28000
4758,13000
4759,27000
4760,28000
4761,24000
4762,18000
4763,31000
4764,12000
4765,53000
4766,7300
4767,15000
4768,5100
4769,15000
4770,11000
4771,18000
4772,64000
4773,16000
4774,15000
4775,21000
4776,30000
4777,39000
4778,15000
4779,33000
4780,64000
4781,38000
4782,15000
4783,41000
4784,23000
4785,17000
4786,7800
4787,5500
4788,31000
4789,39000
4790,44000
4791,13000
4792,38000
4793,15000
4794,15000
4795,49000
4796,18000
4797,16000
4798,7000
4799,9500
4800,20000
4801,5600
4802,15000
4803,51000
4804,12000
4805,13000
4806,14000
4807,46000
4808,43000
4809,15000
4810,15000
4811,15000
4812,18000
4813,15000
4814,10000
4815,49000
4816,44000
4817,15000
4818,26000
4819,57000
4820,36000
4821,55000
4822,53000
4823,9100
4824,15000
4825,21000
4826,18000
4827,10000
4828,24000
4829,5800
4830,64000
4831,29000
4832,48000
4833,14000
4834,15000
4835,41000
4836,15000
4837,18000
4838,6600
4839,14000
4840,62000
4841,27000
4842,3700
4843,15000
4844,31000
4845,62000
4846,49000
4847,50000
4848,7600
4849,18000
4850,6600
4851,13000
4852,44000
4853,23000
4854,39000
4855,64000
4856,13000
4857,13000
4858,13000
4859,33000
4860,42000
4861,3900
4862,9000
4863,12000
4864,10000
4865,13000
4866,31000
4867,45000
4868,52000
4869,54000
4870,15000
4871,27000
4872,15000
4873,15000
4874,13000
4875,21000
4876,14000
4877,15000
4878,43000
4879,15000
4880,15000
4881,40000
4882,15000
4883,13000
4884,10000
4885,25000
4886,13000
4887,37000
4888,31000
4889,17000
4890,13000
4891,15000
4892,37000
4893,33000
4894,34000
4895,13000
4896,8600
4897,13000
4898,16000
4899,64000
4900,40000
4901,11000
4902,9500
4903,13000
4904,12000
4905,26000
4906,4700
4907,42000
4908,5700
4909,16000
4910,13000
4911,21000
4912,28000
4913,14000
4914,58000
4915,35000
4916,28000
4917,40000
4918,3800
4919,13000
4920,13000
4921,19000
4922,4100
4923,13000
4924,15000
4925,38000
4926,33000
4927,64000
4928,6100
4929,13000
4930,15000
4931,18000
4932,18000
4933,15000
4934,39000
4935,39000
4936,6600
4937,16000
4938,30000
4939,51000
4940,64000
4941,8100
4942,13000
4943,36000
4944,13000
4945,27000
4946,42000
4947,14000
4948,15000
4949,13000
4950,64000
4951,45000
4952,15000
4953,62000
4954,13000
4955,9700
4956,22000
4957,1100
4958,34000
4959,34000
4960,34000
4961,18000
4962,27000
4963,13000
4964,41000
4965,11000
4966,30000
4967,5000
4968,15000
4969,13000
4970,64000
4971,49000
4972,15000
4973,49000
4974,15000
4975,30000
4976,15000
4977,9800
4978,3900
4979,12000
4980,59000
4981,54000
4982,44000
4983,48000
4984,14000
4985,24000
4986,29000
4987,42000
4988,11000
4989,22000
4990,45000
4991,38000
4992,31000
4993,37000
4994,12000
4995,64000
4996,45000
4997,25000
4998,55000
4999,19000
5000,61000
5001,63000
5002,64000
5003,15000
5004,15000
5005,15000
5006,42000
5007,20000
5008,15000
5009,3700
5010,15000
5011,39000
5012,18000
5013,13000
5014,43000
5015,63000
5016,13000
5017,13000
5018,59000
5019,33000
5020,45000
5021,46000
5022,21000
5023,45000
5024,32000
5025,64000
5026,13000
5027,53000
5028,25000
5029,15000
5030,42000
5031,3200
5032,15000
5033,64000
5034,5400
5035,24000
5036,39000
5037,44000
5038,17000
5039,58000
5040,44000
5041,48000
5042,28000
5043,5000
5044,41000
5045,56000
5046,58000
5047,5400
5048,22000
5049,11000
5050,28000
5051,26000
5052,62000
5053,25000
5054,13000
5055,23000
5056,15000
5057,17000
5058,49000
5059,28000
5060,37000
5061,16000
5062,13000
5063,44000
5064,19000
5065,20000
5066,46000
5067,13000
5068,3900
5069,13000
5070,25000
5071,53000
5072,8200
5073,24000
5074,21000
5075,15000
5076,25000
5077,4200
5078,13000
5079,15000
5080,36000
5081,64000
5082,16000
5083,15000
5084,49000
5085,26000
5086,11000
5087,12000
5088,11000
5089,12000
5090,13000
5091,13000
5092,34000
5093,13000
5094,15000
5095,64000
5096,15000
5097,20000
5098,64000
5099,55000
5100,15000
5101,13000
5102,48000
5103,41000
5104,20000
5105,54000
5106,64000
5107,21000
5108,37000
5109,13000
5110,19000
5111,12000
5112,37000
5113,31000
5114,13000
5115,13000
5116,43000
5117,30000
5118,6500
5119,19000
5120,30000
5121,28000
5122,10000
5123,13000
5124,64000
5125,23000
5126,23000
5127,12000
5128,29000
5129,22000
5130,13000
5131,43000
5132,7800
5133,23000
5134,24000
5135,21000
5136,49000
5137,24000
5138,13000
5139,3200
5140,15000
5141,31000
5142,15000
5143,27000
5144,13000
5145,18000
5146,15000
5147,26000
5148,55000
5149,34000
5150,13000
5151,13000
5152,13000
5153,13000
5154,36000
5155,51000
5156,13000
5157,11000
5158,15000
5159,12000
5160,50000
5161,15000
5162,29000
5163,13000
5164,13000
5165,13000
5166,13000
5167,41000
5168,7600
5169,29000
5170,13000
5171,15000
5172,64000
5173,25000
5174,48000
5175,15000
5176,13000
5177,31000
5178,64000
5179,26000
5180,3100
5181,31000
5182,45000
5183,15000
5184,31000
5185,13000
5186,15000
5187,15000
5188,4400
5189,13000
5190,38000
5191,10000
5192,49000
5193,12000
5194,47000
5195,6700
5196,59000
5197,24000
5198,13000
5199,13000
5200,38000
5201,18000
5202,55000
5203,13000
5204,4200
5205,11000
5206,27000
5207,4200
5208,31000
5209,31000
5210,15000
5211,44000
5212,21000
5213,19000
5214,42000
5215,26000
5216,49000
5217,29000
5218,27000
5219,36000
5220,30000
5221,9500
5222,15000
5223,15000
5224,8300
5225,64000
5226,11000
5227,38000
5228,15000
5229,9200
5230,44000
5231,14000
5232,64000
5233,13000
5234,54000
5235,19000
5236,4500
5237,15000
5238,4600
5239,12000
5240,55000
5241,60000
5242,15000
5243,36000
5244,26000
5245,13000
5246,8400
5247,15000
5248,13000
5249,16000
5250,30000
5251,13000
5252,15000
5253,15000
5254,13000
5255,43000
5256,13000
5257,5300
5258,9800
5259,47000
5260,35000
5261,38000
5262,24000
5263,15000
5264,44000
5265,9300
5266,64000
5267,7500
5268,15000
5269,22000
5270,25000
5271,13000
5272,6500
5273,33000
5274,38000
5275,13000
5276,13000
5277,16000
5278,4200
5279,15000
5280,15000
5281,51000
5282,33000
5283,15000
5284,15000
5285,13000
5286,10000
5287,5400
5288,55000
5289,17000
5290,61000
5291,64000
5292,13000
5293,13000
5294,21000
5295,44000
5296,40000
5297,6000
5298,5700
5299,8500
5300,15000
5301,13000
5302,12000
5303,30000
5304,15000
5305,13000
5306,15000
5307,39000
5308,27000
5309,15000
5310,15000
5311,28000
5312,35000
5313,7800
5314,33000
5315,28000
5316,14000
5317,58000
5318,15000
5319,15000
5320,4400
5321,23000
5322,8300
5323,19000
5324,23000
5325,43000
5326,64000
5327,5900
5328,12000
5329,25000
5330,15000
5331,15000
5332,54000
5333,13000
5334,14000
5335,15000
5336,15000
5337,31000
5338,13000
5339,30000
5340,15000
5341,960
5342,20000
5343,19000
5344,14000
5345,24000
5346,13000
5347,31000
5348,51000
5349,15000
5350,13000
5351,29000
5352,13000
5353,13000
5354,18000
5355,53000
5356,12000
5357,15000
5358,51000
5359,22000
5360,49000
5361,13000
5362,13000
5363,13000
5364,26000
5365,11000
5366,64000
5367,14000
5368,46000
5369,50000
5370,64000
5371,15000
5372,18000
5373,13000
5374,15000
5375,32000
5376,52000
5377,62000
5378,64000
5379,13000
5380,29000
5381,24000
5382,40000
5383,15000
5384,17000
5385,13000
5386,16000
5387,49000
5388,55000
5389,64000
5390,37000
5391,45000
5392,43000
5393,13000
5394,15000
5395,19000
5396,28000
5397,20000
5398,13000
5399,60000
5400,38000
5401,40000
5402,59000
5403,13000
5404,53000
5405,11000
5406,15000
5407,9000
5408,37000
5409,33000
5410,13000
5411,47000
5412,15000
5413,15000
5414,24000
5415,22000
5416,5000
5417,24000
5418,25000
5419,6600
5420,15000
5421,64000
5422,15000
5423,33000
5424,15000
5425,26000
5426,13000
5427,8300
5428,11000
5429,4900
5430,15000
5431,16000
5432,20000
5433,15000
5434,10000
5435,15000
5436,25000
5437,21000
5438,15000
5439,25000
5440,15000
5441,15000
5442,6800
5443,18000
5444,64000
5445,15000
5446,13000
5447,13000
5448,64000
5449,8500
5450,64000
5451,15000
5452,14000
5453,53000
5454,15000
5455,13000
5456,25000
5457,49000
5458,19000
5459,51000
5460,14000
5461,27000
5462,12000
5463,39000
5464,15000
5465,13000
5466,13000
5467,21000
5468,13000
5469,16000
5470,51000
5471,15000
5472,15000
5473,18000
5474,11000
5475,52000
5476,6100
5477,8000
5478,8500
5479,27000
5480,39000
5481,35000
5482,46000
5483,3700
5484,13000
5485,22000
5486,42000
5487,15000
5488,7900
5489,13000
5490,6700
5491,24000
5492,13000
5493,64000
5494,50000
5495,13000
5496,32000
5497,15000
5498,15000
5499,35000
5500,58000
5501,5700
5502,15000
5503,64000
5504,35000
5505,15000
5506,13000
5507,5900
5508,15000
5509,45000
5510,56000
5511,14000
5512,45000
5513,10000
5514,15000
5515,17000
5516,38000
5517,20000
5518,5500
5519,3400
5520,15000
5521,13000
5522,42000
5523,11000
5524,18000
5525,44000
5526,64000
5527,15000
5528,29000
5529,13000
5530,15000
5531,4300
5532,28000
5533,13000
5534,2900
5535,15000
5536,36000
5537,16000
5538,15000
5539,15000
5540,9900
5541,41000
5542,17000
5543,15000
5544,43000
5545,56000
5546,18000
5547,14000
5548,16000
5549,50000
5550,13000
5551,26000
5552,1300
5553,13000
5554,62000
5555,14000
5556,33000
5557,64000
5558,13000
5559,24000
5560,29000
5561,7800
5562,8400
5563,54000
5564,44000
5565,19000
5566,15000
5567,26000
5568,13000
5569,17000
5570,7900
5571,26000
5572,64000
5573,64000
5574,15000
5575,41000
5576,13000
5577,9400
5578,5400
5579,64000
5580,25000
5581,17000
5582,15000
5583,41000
5584,15000
5585,12000
5586,33000
5587,27000
5588,12000
5589,44000
5590,20000
5591,13000
5592,11000
5593,50000
5594,11000
5595,13000
5596,20000
5597,13000
5598,64000
5599,25000
5600,12000
5601,6500
5602,7600
5603,14000
5604,11000
5605,34000
5606,15000
5607,53000
5608,13000
5609,15000
5610,50000
5611,3700
5612,15000
5613,24000
5614,13000
5615,1400
5616,11000
5617,45000
5618,27000
5619,47000
5620,13000
5621,15000
5622,5300
5623,14000
5624,9000
5625,36000
5626,44000
5627,36000
5628,13000
5629,15000
5630,7200
5631,9400
5632,30000
5633,7000
5634,53000
5635,13000
5636,13000
5637,30000
5638,64000
5639,22000
5640,17000
5641,34000
5642,13000
5643,47000
5644,63000
5645,37000
5646,2500
5647,38000
5648,55000
5649,15000
5650,28000
5651,26000
5652,23000
5653,9700
5654,15000
5655,40000
5656,15000
5657,38000
5658,50000
5659,7600
5660,13000
5661,9600
5662,7500
5663,28000
5664,20000
5665,15000
5666,55000
5667,15000
5668,29000
5669,4800
5670,13000
5671,3800
5672,15000
5673,33000
5674,17000
5675,37000
5676,30000
5677,39000
5678,15000
5679,15000
5680,3700
5681,13000
5682,11000
5683,15000
5684,15000
5685,64000
5686,51000
5687,48000
5688,58000
5689,26000
5690,8000
5691,64000
5692,31000
5693,23000
5694,30000
5695,11000
5696,30000
5697,6700
5698,12000
5699,49000
5700,40000
5701,20000
5702,15000
5703,20000
5704,43000
5705,15000
5706,43000
5707,37000
5708,29000
5709,15000
5710,13000
5711,12000
5712,25000
5713,6800
5714,21000
5715,5100
5716,5900
5717,15000
5718,34000
5719,53000
5720,16000
5721,6700
5722,26000
5723,20000
5724,27000
5725,35000
5726,19000
5727,15000
5728,31000
5729,48000
5730,13000
5731,13000
5732,13000
5733,4300
5734,13000
5735,15000
5736,15000
5737,13000
5738,31000
5739,11000
5740,6900
5741,13000
5742,15000
5743,13000
5744,32000
5745,50000
5746,40000
5747,11000
5748,13000
5749,15000
5750,33000
5751,44000
5752,16000
5753,16000
5754,30000
5755,29000
5756,9900
5757,35000
5758,50000
5759,17000
5760,44000
5761,5700
5762,15000
5763,13000
5764,58000
5765,24000
5766,13000
5767,13000
5768,14000
5769,9100
5770,15000
5771,13000
5772,24000
5773,40000
5774,64000
5775,56000
5776,35000
5777,21000
5778,13000
5779,25000
5780,30000
5781,52000
5782,13000
5783,12000
5784,28000
5785,56000
5786,5700
5787,19000
5788,15000
5789,40000
5790,22000
5791,12000
5792,19000
5793,7000
5794,13000
5795,9600
5796,28000
5797,24000
5798,13000
5799,35000
5800,7300
5801,13000
5802,32000
5803,15000
5804,22000
5805,15000
5806,20000
5807,35000
5808,15000
5809,56000
5810,13000
5811,5000
5812,28000
5813,15000
5814,14000
5815,36000
5816,28000
5817,35000
5818,22000
5819,15000
5820,4400
5821,41000
5822,15000
5823,4000
5824,15000
5825,13000
5826,41000
5827,22000
5828,64000
5829,8100
5830,6000
5831,23000
5832,15000
5833,34000
5834,4900
5835,45000
5836,64000
5837,15000
5838,35000
5839,64000
5840,21000
5841,20000
5842,13000
5843,23000
5844,17000
5845,21000
5846,41000
5847,39000
5848,21000
5849,15000
5850,42000
5851,48000
5852,15000
5853,64000
5854,47000
5855,13000
5856,30000
5857,48000
5858,13000
5859,13000
5860,1500
5861,11000
5862,4900
5863,31000
5864,25000
5865,29000
5866,15000
5867,49000
5868,64000
5869,14000
5870,13000
5871,15000
5872,10000
5873,51000
5874,6100
5875,46000
5876,37000
5877,48000
5878,37000
5879,24000
5880,13000
5881,39000
5882,4200
5883,35000
5884,44000
5885,13000
5886,7900
5887,30000
5888,32000
5889,30000
5890,10000
5891,39000
5892,13000
5893,5400
5894,21000
5895,14000
5896,7000
5897,45000
5898,44000
5899,15000
5900,12000
5901,15000
5902,29000
5903,47000
5904,40000
5905,32000
5906,36000
5907,7000
5908,64000
5909,24000
5910,12000
5911,15000
5912,15000
5913,7700
5914,27000
5915,13000
5916,64000
5917,15000
5918,34000
5919,41000
5920,39000
5921,49000
5922,13000
5923,6900
5924,23000
5925,12000
5926,50000
5927,13000
5928,36000
5929,12000
5930,13000
5931,13000
5932,34000
5933,29000
5934,15000
5935,13000
5936,44000
5937,24000
5938,25000
5939,23000
5940,15000
5941,13000
5942,25000
5943,39000
5944,28000
5945,13000
5946,32000
5947,33000
5948,61000
5949,31000
5950,13000
5951,33000
5952,38000
5953,6500
5954,64000
5955,19000
5956,64000
5957,27000
5958,39000
5959,23000
5960,12000
5961,5900
5962,13000
5963,64000
5964,38000
5965,37000
5966,48000
5967,18000
5968,23000
5969,13000
5970,12000
5971,13000
5972,27000
5973,60000
5974,10000
5975,30000
5976,61000
5977,15000
5978,39000
5979,13000
5980,26000
5981,29000
5982,64000
5983,15000
5984,52000
5985,13000
5986,13000
5987,15000
5988,15000
5989,4600
5990,22000
5991,7800
5992,15000
5993,3000
5994,15000
5995,13000
5996,44000
5997,860
5998,17000
5999,32000
6000,15000
6001,15000
6002,47000
6003,64000
6004,26000
6005,24000
6006,63000
6007,15000
6008,21000
6009,15000
6010,13000
6011,26000
6012,11000
6013,7900
6014,27000
6015,34000
6016,13000
6017,43000
6018,64000
6019,5400
6020,13000
6021,38000
6022,61000
6023,11000
6024,13000
6025,28000
6026,64000
6027,10000
6028,13000
6029,13000
6030,17000
6031,11000
6032,19000
6033,13000
6034,31000
6035,62000
6036,4600
6037,15000
6038,29000
6039,50000
6040,36000
6041,13000
6042,50000
6043,64000
6044,17000
6045,29000
6046,15000
6047,33000
6048,8300
6049,13000
6050,64000
6051,39000
6052,13000
6053,4800
6054,13000
6055,8600
6056,33000
6057,24000
6058,39000
6059,6300
6060,58000
6061,12000
6062,9900
6063,15000
6064,42000
6065,20000
6066,2000
6067,5500
6068,35000
6069,49000
6070,39000
6071,12000
6072,9200
6073,37000
6074,50000
6075,26000
6076,64000
6077,2000
6078,15000
6079,5600
6080,33000
6081,15000
6082,33000
6083,11000
6084,31000
6085,13000
6086,34000
6087,46000
6088,44000
6089,13000
6090,13000
6091,33000
6092,23000
6093,14000
6094,26000
6095,13000
6096,13000
6097,25000
6098,15000
6099,54000
6100,28000
6101,4000
6102,13000
6103,13000
6104,15000
6105,20000
6106,53000
6107,12000
6108,6400
6109,8200
6110,13000
6111,15000
6112,18000
6113,15000
6114,13000
6115,13000
6116,28000
6117,21000
6118,15000
6119,23000
6120,6400
6121,13000
6122,15000
6123,64000
6124,13000
6125,42000
6126,24000
6127,4600
6128,22000
6129,7200
6130,13000
6131,15000
6132,13000
6133,16000
6134,13000
6135,32000
6136,53000
6137,15000
6138,49000
6139,13000
6140,13000
6141,13000
6142,33000
6143,22000
6144,13000
6145,32000
6146,44000
6147,8000
6148,21000
6149,13000
6150,48000
6151,28000
6152,64000
6153,45000
6154,45000
6155,310
6156,1600
6157,13000
6158,64000
6159,11000
6160,6200
6161,54000
6162,24000
6163,31000
6164,16000
6165,23000
6166,62000
6167,60000
6168,31000
6169,39000
6170,15000
6171,39000
6172,19000
6173,31000
6174,15000
6175,25000
6176,38000
6177,15000
6178,25000
6179,15000
6180,44000
6181,20000
6182,41000
6183,14000
6184,15000
6185,15000
6186,13000
6187,33000
6188,48000
6189,15000
6190,19000
6191,9100
6192,23000
6193,20000
6194,30000
6195,58000
6196,13000
6197,48000
6198,15000
6199,58000
6200,13000
6201,20000
6202,9200
6203,27000
6204,17000
6205,15000
6206,23000
6207,51000
6208,15000
6209,38000
6210,12000
6211,13000
6212,14000
6213,33000
6214,5200
6215,61000
6216,24000
6217,56000
6218,13000
6219,12000
6220,30000
6221,13000
6222,60000
6223,9400
6224,13000
6225,37000
6226,4200
6227,64000
6228,18000
6229,15000
6230,32000
6231,64000
6232,14000
6233,15000
6234,44000
6235,47000
6236,34000
6237,13000
6238,6900
6239,7900
6240,53000
6241,13000
6242,39000
6243,7400
6244,15000
6245,64000
6246,19000
6247,43000
6248,13000
6249,35000
6250,39000
6251,21000
6252,13000
6253,64000
6254,6700
6255,29000
6256,49000
6257,28000
6258,7200
6259,4700
6260,24000
6261,15000
6262,13000
6263,15000
6264,24000
6265,15000
6266,7500
6267,64000
6268,11000
6269,39000
6270,33000
6271,15000
6272,64000
6273,15000
6274,53000
6275,20000
6276,17000
6277,41000
6278,14000
6279,13000
6280,31000
6281,59000
6282,13000
6283,15000
6284,19000
6285,4700
6286,4200
6287,10000
6288,13000
6289,24000
6290,6900
6291,15000
6292,15000
6293,15000
6294,14000
6295,42000
6296,37000
6297,13000
6298,8500
6299,26000
6300,19000
6301,5600
6302,15000
6303,47000
6304,59000
6305,35000
6306,40000
6307,15000
6308,15000
6309,7500
6310,62000
6311,30000
6312,15000
6313,15000
6314,18000
6315,64000
6316,13000
6317,15000
6318,62000
6319,9600
6320,15000
6321,13000
6322,15000
6323,15000
6324,15000
6325,64000
6326,55000
6327,15000
6328,54000
6329,18000
6330,12000
6331,20000
6332,13000
6333,13000
6334,40000
6335,10000
6336,58000
6337,4900
6338,43000
6339,12000
6340,15000
6341,31000
6342,13000
6343,31000
6344,64000
6345,13000
6346,15000
6347,36000
6348,64000
6349,30000
6350,64000
6351,49000
6352,19000
6353,13000
6354,64000
6355,33000
6356,64000
6357,13000
6358,10000
6359,25000
6360,19000
6361,12000
6362,3500
6363,20000
6364,54000
6365,15000
6366,20000
6367,39000
6368,26000
6369,36000
6370,800
6371,13000
6372,11000
6373,15000
6374,51000
6375,31000
6376,5700
6377,41000
6378,15000
6379,22000
6380,43000
6381,26000
6382,36000
6383,13000
6384,20000
6385,30000
6386,24000
6387,15000
6388,15000
6389,47000
6390,49000
6391,9000
6392,11000
6393,13000
6394,27000
6395,15000
6396,40000
6397,15000
6398,2900
6399,17000
6400,23000
6401,64000
6402,20000
6403,13000
6404,44000
6405,33000
6406,34000
6407,14000
6408,40000
6409,34000
6410,38000
6411,15000
6412,42000
6413,52000
6414,9600
6415,24000
6416,29000
6417,4200
6418,13000
6419,40000
6420,20000
6421,21000
6422,8300
6423,27000
6424,14000
6425,2800
6426,13000
6427,15000
6428,56000
6429,14000
6430,32000
6431,21000
6432,62000
6433,20000
6434,38000
6435,28000
6436,15000
6437,53000
6438,13000
6439,13000
6440,10000
6441,13000
6442,33000
6443,30000
6444,51000
6445,64000
6446,34000
6447,49000
6448,64000
6449,27000
6450,47000
6451,15000
6452,23000
6453,62000
6454,15000
6455,25000
6456,15000
6457,39000
6458,15000
6459,27000
6460,64000
6461,26000
6462,52000
6463,15000
6464,9700
6465,15000
6466,30000
6467,13000
6468,26000
6469,1000
6470,8100
6471,8300
6472,13000
6473,13000
6474,4600
6475,13000
6476,20000
6477,31000
6478,15000
6479,10000
6480,35000
6481,13000
6482,26000
6483,21000
6484,7800
6485,10000
6486,13000
6487,31000
6488,13000
6489,14000
6490,53000
6491,36000
6492,29000
6493,13000
6494,28000
6495,5400
6496,15000
6497,22000
6498,13000
6499,47000
6500,8300
6501,12000
6502,15000
6503,20000
6504,15000
6505,25000
6506,8600
6507,10000
6508,16000
6509,18000
6510,13000
6511,64000
6512,5400
6513,11000
6514,37000
6515,8000
6516,14000
6517,10000
6518,2200
6519,13000
6520,7300
6521,4300
6522,23000
6523,64000
6524,16000
6525,22000
6526,8100
6527,56000
6528,15000
6529,13000
6530,15000
6531,31000
6532,53000
6533,38000
6534,33000
6535,49000
6536,15000
6537,61000
6538,5400
6539,27000
6540,13000
6541,17000
6542,22000
6543,13000
6544,2800
6545,15000
6546,50000
6547,10000
6548,24000
6549,17000
6550,14000
6551,13000
6552,15000
6553,5500
6554,33000
6555,14000
6556,58000
6557,55000
6558,7100
6559,13000
6560,12000
6561,15000
6562,39000
6563,21000
6564,13000
6565,50000
6566,4400
6567,13000
6568,40000
6569,29000
6570,20000
6571,6300
6572,44000
6573,15000
6574,14000
6575,39000
6576,15000
6577,43000
6578,15000
6579,22000
6580,5900
6581,13000
6582,10000
6583,64000
6584,15000
6585,3200
6586,15000
6587,13000
6588,3300
6589,18000
6590,48000
6591,15000
6592,9400
6593,42000
6594,36000
6595,7700
6596,12000
6597,13000
6598,13000
6599,13000
6600,27000
6601,43000
6602,13000
6603,44000
6604,31000
6605,14000
6606,13000
6607,18000
6608,3200
6609,9700
6610,15000
6611,47000
6612,13000
6613,8300
6614,13000
6615,8900
6616,64000
6617,45000
6618,58000
6619,13000
6620,49000
6621,20000
6622,42000
6623,32000
6624,15000
6625,13000
6626,24000
6627,13000
6628,27000
6629,60000
6630,42000
6631,11000
6632,64000
6633,19000
6634,13000
6635,5700
6636,64000
6637,13000
6638,29000
6639,60000
6640,64000
6641,64000
6642,61000
6643,48000
6644,14000
6645,15000
6646,32000
6647,45000
6648,13000
6649,13000
6650,13000
6651,31000
6652,7900
6653,4900
6654,40000
6655,45000
6656,64000
6657,21000
6658,37000
6659,15000
6660,13000
6661,18000
6662,41000
6663,23000
6664,9100
6665,46000
6666,15000
6667,15000
6668,20000
6669,64000
6670,51000
6671,13000
6672,20000
6673,38000
6674,33000
6675,15000
6676,49000
6677,30000
6678,45000
6679,7500
6680,15000
6681,21000
6682,16000
6683,16000
6684,35000
6685,34000
6686,17000
6687,3400
6688,13000
6689,13000
6690,15000
6691,20000
6692,37000
6693,13000
6694,15000
6695,33000
6696,33000
6697,28000
6698,11000
6699,26000
6700,64000
6701,43000
6702,14000
6703,13000
6704,48000
6705,55000
6706,52000
6707,40000
6708,30000
6709,64000
6710,43000
6711,30000
6712,29000
6713,4400
6714,18000
6715,13000
6716,3300
6717,13000
6718,37000
6719,33000
6720,15000
6721,46000
6722,24000
6723,23000
6724,25000
6725,15000
6726,28000
6727,53000
6728,8600
6729,10000
6730,3000
6731,54000
6732,57000
6733,58000
6734,17000
6735,36000
6736,56000
6737,36000
6738,64000
6739,3200
6740,6900
6741,46000
6742,15000
6743,3700
6744,22000
6745,13000
6746,13000
6747,51000
6748,6500
6749,25000
6750,42000
6751,15000
6752,49000
6753,59000
6754,44000
6755,30000
6756,35000
6757,20000
6758,23000
6759,30000
6760,3000
6761,15000
6762,11000
6763,23000
6764,27000
6765,13000
6766,6800
6767,35000
6768,39000
6769,21000
6770,51000
6771,2400
6772,13000
6773,55000
6774,13000
6775,13000
6776,22000
6777,11000
6778,7000
6779,14000
6780,45000
6781,7600
6782,34000
6783,64000
6784,11000
6785,17000
6786,9600
6787,29000
6788,8500
6789,31000
6790,38000
6791,15000
6792,7300
6793,13000
6794,6700
6795,23000
6796,24000
6797,18000
6798,5500
6799,15000
6800,29000
6801,27000
6802,28000
6803,12000
6804,4700
6805,5200
6806,16000
6807,17000
6808,13000
6809,13000
6810,40000
6811,15000
6812,15000
6813,13000
6814,15000
6815,55000
6816,23000
6817,10000
6818,15000
6819,15000
6820,1200
6821,31000
6822,23000
6823,40000
6824,64000
6825,15000
6826,18000
6827,44000
6828,29000
6829,27000
6830,15000
6831,2900
6832,15000
6833,45000
6834,50000
6835,16000
6836,15000
6837,15000
6838,31000
6839,31000
6840,59000
6841,33000
6842,15000
6843,9900
6844,5600
6845,13000
6846,13000
6847,24000
6848,13000
6849,13000
6850,64000
6851,43000
6852,15000
6853,49000
6854,15000
6855,17000
6856,15000
6857,30000
6858,11000
6859,35000
6860,55000
6861,35000
6862,19000
6863,15000
6864,5200
6865,19000
6866,15000
6867,13000
6868,13000
6869,15000
6870,15000
6871,15000
6872,20000
6873,14000
6874,13000
6875,21000
6876,39000
6877,64000
6878,17000
6879,13000
6880,36000
6881,15000
6882,5000
6883,13000
6884,13000
6885,48000
6886,31000
6887,31000
6888,51000
6889,6300
6890,25000
6891,29000
6892,21000
6893,46000
6894,26000
6895,64000
6896,15000
6897,37000
6898,26000
6899,64000
6900,36000
6901,28000
6902,15000
6903,35000
6904,52000
6905,43000
6906,15000
6907,34000
6908,30000
6909,12000
6910,6900
6911,15000
6912,15000
6913,12000
6914,32000
6915,31000
6916,44000
6917,22000
6918,13000
6919,22000
6920,15000
6921,36000
6922,15000
6923,64000
6924,51000
6925,49000
6926,14000
6927,15000
6928,18000
6929,2900
6930,45000
6931,3100
6932,4800
6933,13000
6934,16000
6935,49000
6936,11000
6937,13000
6938,34000
6939,39000
6940,62000
6941,13000
6942,64000
6943,39000
6944,1900
6945,3800
6946,57000
6947,14000
6948,5000
6949,64000
6950,5800
6951,6100
6952,20000
6953,30000
6954,32000
6955,17000
6956,30000
6957,13000
6958,20000
6959,26000
6960,15000
6961,64000
6962,30000
6963,44000
6964,64000
6965,64000
6966,9900
6967,15000
6968,40000
6969,39000
6970,29000
6971,13000
6972,31000
6973,42000
6974,13000
6975,18000
6976,33000
6977,51000
6978,14000
6979,37000
6980,39000
6981,13000
6982,13000
6983,13000
6984,9100
6985,15000
6986,13000
6987,29000
6988,43000
6989,37000
6990,19000
6991,36000
6992,15000
6993,16000
6994,30000
6995,4200
6996,19000
6997,31000
6998,7800
6999,42000
7000,12000
7001,38000
7002,33000
7003,15000
7004,57000
7005,15000
7006,18000
7007,59000
7008,64000
7009,4200
7010,15000
7011,8500
7012,15000
7013,27000
7014,13000
7015,15000
7016,13000
7017,39000
7018,57000
7019,15000
7020,5100
7021,25000
7022,30000
7023,31000
7024,7700
7025,13000
7026,15000
7027,34000
7028,25000
7029,62000
7030,29000
7031,15000
7032,31000
7033,55000
7034,15000
7035,29000
7036,15000
7037,48000
7038,6700
7039,57000
7040,64000
7041,15000
7042,29000
7043,15000
7044,13000
7045,15000
7046,13000
7047,64000
7048,13000
7049,15000
7050,51000
7051,15000
7052,6400
7053,15000
7054,21000
7055,28000
7056,42000
7057,55000
7058,17000
7059,54000
7060,13000
7061,15000
7062,26000
7063,34000
7064,59000
7065,13000
7066,61000
7067,12000
7068,44000
7069,6000
7070,5000
7071,13000
7072,19000
7073,31000
7074,13000
7075,750
7076,29000
7077,57000
7078,16000
7079,15000
7080,44000
7081,15000
7082,48000
7083,150
7084,23000
7085,13000
7086,16000
7087,13000
7088,21000
7089,15000
7090,35000
7091,64000
7092,55000
7093,19000
7094,13000
7095,13000
7096,13000
7097,6100
7098,53000
7099,13000
7100,5900
7101,11000
7102,12000
7103,14000
7104,36000
7105,13000
7106,17000
7107,20000
7108,51000
7109,2700
7110,35000
7111,13000
7112,6400
7113,5400
7114,51000
7115,40000
7116,53000
7117,26000
7118,31000
7119,11000
7120,28000
7121,3800
7122,26000
7123,35000
7124,28000
7125,39000
7126,11000
7127,5900
7128,24000
7129,28000
7130,13000
7131,26000
7132,18000
7133,25000
7134,37000
7135,8700
7136,19000
7137,64000
7138,11000
7139,13000
7140,15000
7141,20000
7142,13000
7143,53000
7144,44000
7145,13000
7146,15000
7147,13000
7148,3800
7149,16000
7150,20000
7151,9700
7152,9300
7153,40000
7154,6500
7155,3100
7156,13000
7157,15000
7158,64000
7159,15000
7160,5900
7161,13000
7162,11000
7163,41000
7164,30000
7165,15000
7166,310
7167,39000
7168,11000
7169,26000
7170,13000
7171,64000
7172,28000
7173,42000
7174,64000
7175,11000
7176,14000
7177,64000
7178,13000
7179,16000
7180,49000
7181,64000
7182,15000
7183,9100
7184,15000
7185,48000
7186,15000
7187,52000
7188,15000
7189,3500
7190,9500
7191,43000
7192,15000
7193,22000
7194,51000
7195,59000
7196,51000
7197,15000
7198,17000
7199,25000
7200,15000
7201,10000
7202,13000
7203,14000
7204,12000
7205,64000
7206,13000
7207,4800
7208,18000
7209,2000
7210,16000
7211,60000
7212,15000
7213,61000
7214,27000
7215,42000
7216,14000
7217,9200
7218,46000
7219,15000
7220,14000
7221,15000
7222,28000
7223,14000
7224,13000
7225,28000
7226,25000
7227,34000
7228,13000
7229,42000
7230,13000
7231,64000
7232,12000
7233,39000
7234,27000
7235,13000
7236,4300
7237,13000
7238,15000
7239,51000
7240,31000
7241,50000
7242,51000
7243,64000
7244,15000
7245,27000
7246,13000
7247,2200
7248,13000
7249,64000
7250,15000
7251,13000
7252,16000
7253,26000
7254,64000
7255,7900
7256,19000
7257,40000
7258,26000
7259,64000
7260,31000
7261,17000
7262,2300
7263,26000
7264,13000
7265,25000
7266,26000
7267,29000
7268,10000
7269,41000
7270,13000
7271,11000
7272,5000
7273,8300
7274,44000
7275,5500
7276,43000
7277,41000
7278,48000
7279,9800
7280,15000
7281,43000
7282,13000
7283,13000
7284,23000
7285,56000
7286,63000
7287,33000
7288,64000
7289,64000
7290,9100
7291,15000
7292,13000
7293,22000
7294,15000
7295,48000
7296,11000
7297,50000
7298,26000
7299,33000
7300,16000
7301,14000
7302,20000
7303,18000
7304,15000
7305,1500
7306,20000
7307,36000
7308,1900
7309,50000
7310,53000
7311,64000
7312,64000
7313,15000
7314,4200
7315,8200
7316,38000
7317,13000
7318,43000
7319,11000
7320,53000
7321,15000
7322,15000
7323,64000
7324,4800
7325,64000
7326,13000
7327,20000
7328,46000
7329,28000
7330,48000
7331,15000
7332,27000
7333,36000
7334,46000
7335,9000
7336,42000
7337,8000
7338,23000
7339,13000
7340,64000
7341,13000
7342,64000
7343,21000
7344,13000
7345,31000
7346,21000
7347,8300
7348,11000
7349,46000
7350,43000
7351,25000
7352,17000
7353,12000
7354,32000
7355,39000
7356,22000
7357,15000
7358,27000
7359,51000
7360,59000
7361,20000
7362,12000
7363,38000
7364,45000
7365,15000
7366,13000
7367,11000
7368,12000
7369,46000
7370,31000
7371,4600
7372,9200
7373,13000
7374,15000
7375,28000
7376,24000
7377,12000
7378,36000
7379,30000
7380,59000
7381,30000
7382,51000
7383,6600
7384,9300
7385,30000
7386,13000
7387,7100
7388,13000
7389,42000
7390,30000
7391,64000
7392,41000
7393,31000
7394,6500
7395,11000
7396,34000
7397,15000
7398,13000
7399,13000
7400,41000
7401,35000
7402,2400
7403,52000
7404,33000
7405,13000
7406,3300
7407,4800
7408,6500
7409,15000
7410,8700
7411,15000
7412,13000
7413,6600
7414,13000
7415,30000
7416,28000
7417,50000
7418,11000
7419,29000
7420,13000
7421,54000
7422,15000
7423,4200
7424,14000
7425,53000
7426,19000
7427,18000
7428,15000
7429,20000
7430,13000
7431,64000
7432,470
7433,13000
7434,26000
7435,39000
7436,41000
7437,43000
7438,13000
7439,12000
7440,15000
7441,6800
7442,7800
7443,15000
7444,30000
7445,17000
7446,44000
7447,15000
7448,27000
7449,28000
7450,5700
7451,19000
7452,14000
7453,51000
7454,64000
7455,48000
7456,15000
7457,20000
7458,5500
7459,56000
7460,40000
7461,13000
7462,20000
7463,4700
7464,15000
7465,31000
7466,40000
7467,59000
7468,13000
7469,28000
7470,24000
7471,40000
7472,15000
7473,13000
7474,47000
7475,28000
7476,19000
7477,13000
7478,30000
7479,18000
7480,30000
7481,60000
7482,13000
7483,15000
7484,6100
7485,15000
7486,15000
7487,21000
7488,64000
7489,37000
7490,35000
7491,13000
7492,24000
7493,7400
7494,30000
7495,4000
7496,4200
7497,24000
7498,55000
7499,13000
7500,15000
7501,6700
7502,15000
7503,35000
7504,50000
7505,15000
7506,41000
7507,27000
7508,6700
7509,41000
7510,13000
7511,15000
7512,12000
7513,13000
7514,62000
7515,4500
7516,25000
7517,13000
7518,20000
7519,15000
7520,36000
7521,2400
7522,4500
7523,1200
7524,43000
7525,13000
7526,10000
7527,64000
7528,36000
7529,45000
7530,8000
7531,15000
7532,15000
7533,51000
7534,15000
7535,20000
7536,64000
7537,36000
7538,52000
7539,23000
7540,40000
7541,64000
7542,20000
7543,20000
7544,25000
7545,24000
7546,15000
7547,62000
7548,13000
7549,15000
7550,10000
7551,9600
7552,62000
7553,6000
7554,13000
7555,21000
7556,35000
7557,42000
7558,9700
7559,25000
7560,4100
7561,13000
7562,18000
7563,15000
7564,16000
7565,36000
7566,42000
7567,28000
7568,3800
7569,15000
7570,33000
7571,15000
7572,16000
7573,15000
7574,54000
7575,22000
7576,13000
7577,2700
7578,13000
7579,36000
7580,32000
7581,13000
7582,10000
7583,15000
7584,11000
7585,7700
7586,53000
7587,15000
7588,11000
7589,55000
7590,13000
7591,20000
7592,13000
7593,45000
7594,9500
7595,10000
7596,13000
7597,19000
7598,48000
7599,12000
7600,24000
7601,41000
7602,47000
7603,6100
7604,17000
7605,15000
7606,15000
7607,13000
7608,34000
7609,57000
7610,27000
7611,8700
7612,20000
7613,35000
7614,7900
7615,29000
7616,3300
7617,13000
7618,26000
7619,13000
7620,31000
7621,13000
7622,28000
7623,51000
7624,54000
7625,5900
7626,13000
7627,26000
7628,19000
7629,20000
7630,13000
7631,55000
7632,64000
7633,27000
7634,7500
7635,52000
7636,13000
7637,29000
7638,54000
7639,13000
7640,13000
7641,13000
7642,4600
7643,14000
7644,25000
7645,13000
7646,13000
7647,19000
7648,44000
7649,27000
7650,48000
7651,15000
7652,48000
7653,44000
7654,6100
7655,15000
7656,9900
7657,15000
7658,15000
7659,15000
7660,13000
7661,51000
7662,30000
7663,34000
7664,290
7665,24000
7666,24000
7667,28000
7668,12000
7669,25000
7670,15000
7671,13000
7672,13000
7673,15000
7674,15000
7675,48000
7676,29000
7677,30000
7678,12000
7679,41000
7680,55000
7681,15000
7682,33000
7683,13000
7684,60000
7685,15000
7686,15000
7687,43000
7688,3000
7689,15000
7690,15000
7691,13000
7692,15000
7693,16000
7694,23000
7695,30000
7696,15000
7697,13000
7698,24000
7699,10000
7700,15000
7701,40000
7702,13000
7703,5400
7704,13000
7705,26000
7706,13000
7707,11000
7708,48000
7709,13000
7710,64000
7711,48000
7712,41000
7713,44000
7714,59000
7715,44000
7716,20000
7717,51000
7718,13000
7719,12000
7720,39000
7721,25000
7722,26000
7723,24000
7724,39000
7725,62000
7726,25000
7727,22000
7728,29000
7729,64000
7730,13000
7731,15000
7732,64000
7733,26000
7734,18000
7735,12000
7736,15000
7737,37000
7738,30000
7739,64000
7740,29000
7741,14000
7742,19000
7743,4300
7744,51000
7745,3100
7746,24000
7747,46000
7748,39000
7749,7600
7750,28000
7751,13000
7752,44000
7753,15000
7754,17000
7755,44000
7756,24000
7757,13000
7758,39000
7759,50000
7760,7900
7761,15000
7762,20000
7763,61000
7764,1900
7765,9500
7766,54000
7767,6500
7768,29000
7769,2400
7770,4300
7771,5000
7772,12000
7773,44000
7774,44000
7775,15000
7776,36000
7777,15000
7778,15000
7779,13000
7780,34000
7781,15000
7782,15000
7783,42000
7784,15000
7785,15000
7786,6200
7787,15000
7788,53000
7789,7700
7790,62000
7791,58000
7792,28000
7793,3800
7794,35000
7795,15000
7796,4900
7797,6400
7798,15000
7799,33000
7800,19000
7801,25000
7802,49000
7803,48000
7804,25000
7805,64000
7806,24000
7807,51000
7808,15000
7809,36000
7810,9300
7811,13000
7812,22000
7813,16000
7814,13000
7815,11000
7816,4500
7817,30000
7818,52000
7819,62000
7820,11000
7821,44000
7822,8700
7823,64000
7824,13000
7825,61000
7826,13000
7827,15000
7828,13000
7829,15000
7830,55000
7831,13000
7832,27000
7833,47000
7834,64000
7835,15000
7836,53000
7837,13000
7838,26000
7839,4400
7840,28000
7841,7100
7842,16000
7843,33000
7844,64000
7845,18000
7846,19000
7847,25000
7848,15000
7849,3500
7850,13000
7851,12000
7852,26000
7853,3000
7854,36000
7855,38000
7856,28000
7857,24000
7858,27000
7859,13000
7860,13000
7861,64000
7862,13000
7863,64000
7864,6000
7865,34000
7866,64000
7867,39000
7868,19000
7869,64000
7870,33000
7871,36000
7872,18000
7873,15000
7874,5800
7875,15000
7876,15000
7877,19000
7878,23000
7879,41000
7880,24000
7881,13000
7882,26000
7883,19000
7884,35000
7885,34000
7886,13000
7887,29000
7888,13000
7889,6000
7890,13000
7891,16000
7892,46000
7893,46000
7894,44000
7895,13000
7896,64000
7897,13000
7898,19000
7899,38000
7900,47000
7901,53000
7902,15000
7903,5900
7904,25000
7905,10000
7906,21000
7907,7400
7908,35000
7909,21000
7910,23000
7911,48000
7912,46000
7913,39000
7914,42000
7915,64000
7916,44000
7917,13000
7918,3900
7919,9900
7920,15000
7921,26000
7922,48000
7923,15000
7924,13000
7925,13000
7926,42000
7927,8800
7928,22000
7929,56000
7930,690
7931,13000
7932,13000
7933,22000
7934,44000
7935,9000
7936,24000
7937,7600
7938,3500
7939,13000
7940,33000
7941,3500
7942,2900
7943,34000
7944,17000
7945,30000
7946,29000
7947,15000
7948,15000
7949,14000
7950,61000
7951,42000
7952,39000
7953,33000
7954,16000
7955,27000
7956,47000
7957,44000
7958,64000
7959,15000
7960,64000
7961,13000
7962,46000
7963,25000
7964,21000
7965,13000
7966,32000
7967,430
7968,15000
7969,13000
7970,13000
7971,12000
7972,39000
7973,13000
7974,13000
7975,15000
7976,16000
7977,30000
7978,6500
7979,20000
7980,12000
7981,6300
7982,31000
7983,24000
7984,64000
7985,41000
7986,13000
7987,54000
7988,15000
7989,13000
7990,4800
7991,9400
7992,3400
7993,26000
7994,15000
7995,52000
7996,13000
7997,6100
7998,6900
7999,10000
8000,34000
8001,51000
8002,35000
8003,15000
8004,39000
8005,40000
8006,5700
8007,13000
8008,31000
8009,15000
8010,39000
8011,15000
8012,20000
8013,13000
8014,36000
8015,43000
8016,18000
8017,45000
8018,49000
8019,27000
8020,41000
8021,13000
8022,15000
8023,2000
8024,8000
8025,44000
8026,15000
8027,30000
8028,48000
8029,34000
8030,15000
8031,64000
8032,41000
8033,18000
8034,7600
8035,9200
8036,36000
8037,50000
8038,64000
8039,14000
8040,15000
8041,14000
8042,24000
8043,29000
8044,14000
8045,60000
8046,17000
8047,15000
8048,23000
8049,59000
8050,13000
8051,25000
8052,25000
8053,40000
8054,15000
8055,64000
8056,26000
8057,62000
8058,16000
8059,13000
8060,48000
8061,15000
8062,19000
8063,43000
8064,64000
8065,35000
8066,5700
8067,13000
8068,24000
8069,28000
8070,15000
8071,64000
8072,46000
8073,5500
8074,15000
8075,5700
8076,54000
8077,10000
8078,15000
8079,22000
8080,13000
8081,5100
8082,16000
8083,39000
8084,15000
8085,31000
8086,43000
8087,11000
8088,20000
8089,13000
8090,52000
8091,15000
8092,13000
8093,64000
8094,13000
8095,8700
8096,15000
8097,22000
8098,26000
8099,15000
8100,13000
8101,30000
8102,64000
8103,20000
8104,15000
8105,42000
8106,36000
8107,15000
8108,44000
8109,20000
8110,14000
8111,12000
8112,23000
8113,15000
8114,8300
8115,13000
8116,13000
8117,12000
8118,34000
8119,13000
8120,37000
8121,1600
8122,14000
8123,15000
8124,15000
8125,12000
8126,7000
8127,2300
8128,33000
8129,3900
8130,30000
8131,30000
8132,25000
8133,15000
8134,3300
8135,31000
8136,6900
8137,13000
8138,13000
8139,13000
8140,24000
8141,13000
8142,6900
8143,7200
8144,46000
8145,54000
8146,26000
8147,13000
8148,2200
8149,60000
8150,59000
8151,13000
8152,13000
8153,24000
8154,21000
8155,9900
8156,20000
8157,15000
8158,6600
8159,9400
8160,6400
8161,11000
8162,19000
8163,13000
8164,47000
8165,15000
8166,8300
8167,22000
8168,55000
8169,15000
8170,5700
8171,36000
8172,64000
8173,13000
8174,5000
8175,13000
8176,15000
8177,26000
8178,49000
8179,20000
8180,15000
8181,42000
8182,5600
8183,28000
8184,15000
8185,13000
8186,11000
8187,44000
8188,13000
8189,13000
8190,16000
8191,43000
8192,31000
8193,5000
8194,13000
8195,25000
8196,5400
8197,6400
8198,21000
8199,4500
8200,39000
8201,26000
8202,15000
8203,6000
8204,64000
8205,15000
8206,2400
8207,8300
8208,10000
8209,6100
8210,15000
8211,64000
8212,46000
8213,17000
8214,31000
8215,51000
8216,39000
8217,13000
8218,28000
8219,15000
8220,11000
8221,15000
8222,15000
8223,25000
8224,35000
8225,54000
8226,15000
8227,13000
8228,5800
8229,15000
8230,15000
8231,15000
8232,13000
8233,39000
8234,53000
8235,49000
8236,13000
8237,8700
8238,13000
8239,7900
8240,13000
8241,8600
8242,14000
8243,43000
8244,6800
8245,6700
8246,16000
8247,8000
8248,13000
8249,13000
8250,51000
8251,40000
8252,11000
8253,29000
8254,35000
8255,10000
8256,12000
8257,64000
8258,64000
8259,11000
8260,8100
8261,48000
8262,29000
8263,16000
8264,4000
8265,5300
8266,21000
8267,51000
8268,15000
8269,29000
8270,15000
8271,13000
8272,39000
8273,4900
8274,3900
8275,16000
8276,9000
8277,17000
8278,31000
8279,35000
8280,13000
8281,53000
8282,6700
8283,13000
8284,22000
8285,28000
8286,4200
8287,1600
8288,21000
8289,57000
8290,39000
8291,13000
8292,20000
8293,64000
8294,41000
8295,33000
8296,59000
8297,15000
8298,15000
8299,8500
8300,4300
8301,15000
8302,14000
8303,13000
8304,64000
8305,15000
8306,13000
8307,38000
8308,64000
8309,41000
8310,15000
8311,29000
8312,23000
8313,38000
8314,13000
8315,15000
8316,51000
8317,33000
8318,13000
8319,59000
8320,19000
8321,13000
8322,38000
8323,33000
8324,33000
8325,17000
8326,44000
8327,30000
8328,52000
8329,13000
8330,21000
8331,11000
8332,33000
8333,13000
8334,12000
8335,37000
8336,11000
8337,20000
8338,34000
8339,64000
8340,49000
8341,10000
8342,43000
8343,24000
8344,15000
8345,15000
8346,24000
8347,27000
8348,4200
8349,64000
8350,29000
8351,10000
8352,15000
8353,38000
8354,3900
8355,33000
8356,9600
8357,5800
8358,14000
8359,36000
8360,15000
8361,22000
8362,8100
8363,16000
8364,54000
8365,13000
8366,29000
8367,15000
8368,39000
8369,54000
8370,40000
8371,11000
8372,13000
8373,15000
8374,64000
8375,26000
8376,31000
8377,31000
8378,13000
8379,13000
8380,64000
8381,39000
8382,7800
8383,7100
8384,1800
8385,7700
8386,13000
8387,17000
8388,42000
8389,13000
8390,40000
8391,13000
8392,19000
8393,20000
8394,51000
8395,13000
8396,17000
8397,8000
8398,15000
8399,15000
8400,36000
8401,7500
8402,15000
8403,46000
8404,13000
8405,20000
8406,3300
8407,13000
8408,32000
8409,20000
8410,24000
8411,24000
8412,15000
8413,33000
8414,13000
8415,13000
8416,19000
8417,60000
8418,10000
8419,15000
8420,14000
8421,18000
8422,18000
8423,64000
8424,8000
8425,16000
8426,8400
8427,22000
8428,3500
8429,13000
8430,18000
8431,15000
8432,17000
8433,13000
8434,10000
8435,52000
8436,13000
8437,15000
8438,17000
8439,45000
8440,64000
8441,2400
8442,8600
8443,13000
8444,16000
8445,28000
8446,28000
8447,18000
8448,48000
8449,13000
8450,20000
8451,29000
8452,52000
8453,23000
8454,11000
8455,33000
8456,15000
8457,58000
8458,15000
8459,60000
8460,17000
8461,24000
8462,7300
8463,26000
8464,15000
8465,11000
8466,15000
8467,15000
8468,53000
8469,600
8470,23000
8471,19000
8472,43000
8473,2100
8474,44000
8475,13000
8476,34000
8477,42000
8478,64000
8479,15000
8480,13000
8481,15000
8482,27000
8483,40000
8484,49000
8485,8800
8486,64000
8487,13000
8488,6400
8489,3700
8490,15000
8491,24000
8492,13000
8493,13000
8494,19000
8495,6900
8496,16000
8497,40000
8498,5500
8499,24000
8500,52000
8501,13000
8502,12000
8503,1400
8504,17000
8505,39000
8506,19000
8507,23000
8508,64000
8509,51000
8510,29000
8511,27000
8512,11000
8513,8600
8514,45000
8515,8000
8516,39000
8517,7900
8518,55000
8519,4000
8520,15000
8521,41000
8522,64000
8523,45000
8524,13000
8525,6800
8526,13000
8527,51000
8528,24000
8529,4600
8530,8800
8531,15000
8532,13000
8533,13000
8534,17000
8535,60000
8536,15000
8537,4500
8538,64000
8539,11000
8540,13000
8541,6400
8542,13000
8543,21000
8544,15000
8545,9100
8546,15000
8547,18000
8548,5700
8549,13000
8550,13000
8551,5100
8552,8900
8553,64000
8554,5600
8555,30000
8556,13000
8557,15000
8558,7500
8559,35000
8560,17000
8561,41000
8562,13000
8563,14000
8564,37000
8565,33000
8566,33000
8567,31000
8568,13000
8569,13000
8570,28000
8571,4500
8572,34000
8573,35000
8574,31000
8575,11000
8576,27000
8577,23000
8578,15000
8579,15000
8580,7900
8581,30000
8582,9100
8583,15000
8584,64000
8585,8400
8586,2800
8587,15000
8588,8800
8589,40000
8590,25000
8591,12000
8592,10000
8593,43000
8594,53000
8595,6200
8596,13000
8597,2200
8598,64000
8599,13000
8600,37000
8601,40000
8602,15000
8603,13000
8604,62000
8605,55000
8606,12000
8607,20000
8608,33000
8609,13000
8610,4800
8611,38000
8612,22000
8613,64000
8614,15000
8615,64000
8616,56000
8617,13000
8618,32000
8619,13000
8620,31000
8621,15000
8622,57000
8623,15000
8624,52000
8625,15000
8626,7600
8627,16000
8628,10000
8629,15000
8630,64000
8631,10000
8632,15000
8633,64000
8634,11000
8635,32000
8636,7600
8637,49000
8638,12000
8639,9100
8640,13000
8641,48000
8642,13000
8643,6700
8644,23000
8645,25000
8646,23000
8647,44000
8648,12000
8649,13000
8650,15000
8651,55000
8652,15000
8653,34000
8654,15000
8655,17000
8656,27000
8657,34000
8658,43000
8659,44000
8660,5300
8661,36000
8662,51000
8663,25000
8664,14000
8665,13000
8666,27000
8667,17000
8668,45000
8669,13000
8670,44000
8671,19000
8672,15000
8673,17000
8674,22000
8675,17000
8676,20000
8677,39000
8678,13000
8679,13000
8680,24000
8681,30000
8682,12000
8683,13000
8684,46000
8685,15000
8686,13000
8687,64000
8688,30000
8689,25000
8690,16000
8691,45000
8692,21000
8693,5900
8694,27000
8695,5500
8696,64000
8697,44000
8698,15000
8699,680
8700,27000
8701,24000
8702,22000
8703,12000
8704,20000
8705,64000
8706,50000
8707,5200
8708,13000
8709,52000
8710,15000
8711,15000
8712,15000
8713,3700
8714,64000
8715,64000
8716,3400
8717,13000
8718,14000
8719,15000
8720,13000
8721,47000
8722,13000
8723,15000
8724,64000
8725,10000
8726,13000
8727,46000
8728,64000
8729,24000
8730,24000
8731,8400
8732,45000
8733,50000
8734,24000
8735,51000
8736,64000
8737,5400
8738,54000
8739,9700
8740,15000
8741,6600
8742,17000
8743,3200
8744,6600
8745,15000
8746,9400
8747,37000
8748,21000
8749,15000
8750,13000
8751,15000
8752,40000
8753,33000
8754,13000
8755,9100
8756,41000
8757,12000
8758,15000
8759,55000
8760,15000
8761,64000
8762,15000
8763,13000
8764,24000
8765,15000
8766,15000
8767,15000
8768,47000
8769,13000
8770,14000
8771,6300
8772,15000
8773,31000
8774,9000
8775,13000
8776,15000
8777,64000
8778,7500
8779,24000
8780,41000
8781,35000
8782,23000
8783,52000
8784,28000
8785,13000
8786,12000
8787,54000
8788,38000
8789,17000
8790,45000
8791,37000
8792,1500
8793,20000
8794,29000
8795,11000
8796,14000
8797,64000
8798,51000
8799,64000
8800,44000
8801,29000
8802,13000
8803,15000
8804,40000
8805,14000
8806,13000
8807,64000
8808,13000
8809,13000
8810,11000
8811,17000
8812,13000
8813,13000
8814,64000
8815,28000
8816,12000
8817,15000
8818,20000
8819,30000
8820,15000
8821,6400
8822,29000
8823,13000
8824,35000
8825,3900
8826,12000
8827,13000
8828,64000
8829,9900
8830,11000
8831,15000
8832,5800
8833,39000
8834,52000
8835,15000
8836,13000
8837,18000
8838,13000
8839,27000
8840,64000
8841,48000
8842,13000
8843,19000
8844,15000
8845,32000
8846,24000
8847,6100
8848,51000
8849,15000
8850,18000
8851,57000
8852,3000
8853,15000
8854,24000
8855,5400
8856,3900
8857,15000
8858,15000
8859,46000
8860,15000
8861,15000
8862,64000
8863,24000
8864,29000
8865,15000
8866,30000
8867,13000
8868,35000
8869,27000
8870,11000
8871,13000
8872,50000
8873,31000
8874,7900
8875,64000
8876,13000
8877,64000
8878,39000
8879,13000
8880,13000
8881,20000
8882,4600
8883,19000
8884,64000
8885,8200
8886,44000
8887,33000
8888,13000
8889,17000
8890,23000
8891,6700
8892,18000
8893,34000
8894,21000
8895,64000
8896,15000
8897,15000
8898,15000
8899,13000
8900,41000
8901,44000
8902,13000
8903,50000
8904,13000
8905,53000
8906,32000
8907,9900
8908,64000
8909,11000
8910,64000
8911,15000
8912,64000
8913,31000
8914,13000
8915,25000
8916,19000
8917,11000
8918,36000
8919,53000
8920,41000
8921,13000
8922,34000
8923,13000
8924,15000
8925,27000
8926,8600
8927,39000
8928,11000
8929,18000
8930,39000
8931,15000
8932,32000
8933,59000
8934,64000
8935,19000
8936,8200
8937,29000
8938,12000
8939,15000
8940,7700
8941,15000
8942,11000
8943,18000
8944,31000
8945,15000
8946,10000
8947,42000
8948,64000
8949,54000
8950,20000
8951,13000
8952,49000
8953,29000
8954,15000
8955,47000
8956,33000
8957,13000
8958,27000
8959,15000
8960,11000
8961,15000
8962,28000
8963,13000
8964,18000
8965,13000
8966,12000
8967,8000
8968,43000
8969,40000
8970,17000
8971,11000
8972,15000
8973,9900
8974,5700
8975,12000
8976,3800
8977,44000
8978,39000
8979,8400
8980,64000
8981,39000
8982,13000
8983,13000
8984,29000
8985,43000
8986,30000
8987,15000
8988,30000
8989,34000
8990,15000
8991,16000
8992,26000
8993,13000
8994,6000
8995,13000
8996,10000
8997,7500
8998,40000
8999,28000
9000,29000
9001,15000
9002,16000
9003,18000
9004,15000
9005,32000
9006,5700
9007,43000
9008,64000
9009,18000
9010,13000
9011,15000
9012,54000
9013,25000
9014,30000
9015,15000
9016,23000
9017,9600
9018,49000
9019,62000
9020,39000
9021,15000
9022,46000
9023,15000
9024,18000
9025,7000
9026,43000
9027,15000
9028,13000
9029,38000
9030,5900
9031,34000
9032,64000
9033,4600
9034,35000
9035,13000
9036,15000
9037,64000
9038,29000
9039,21000
9040,15000
9041,15000
9042,30000
9043,31000
9044,43000
9045,19000
9046,57000
9047,26000
9048,37000
9049,6800
9050,13000
9051,18000
9052,27000
9053,6600
9054,23000
9055,46000
9056,31000
9057,13000
9058,9000
9059,8000
9060,15000
9061,16000
9062,13000
9063,13000
9064,48000
9065,13000
9066,36000
9067,18000
9068,23000
9069,15000
9070,27000
9071,48000
9072,8000
9073,7100
9074,13000
9075,14000
9076,33000
9077,64000
9078,15000
9079,11000
9080,900
9081,21000
9082,13000
9083,13000
9084,9100
9085,13000
9086,13000
9087,58000
9088,15000
9089,64000
9090,13000
9091,64000
9092,15000
9093,15000
9094,13000
9095,36000
9096,15000
9097,55000
9098,42000
9099,19000
9100,9800
9101,7300
9102,3400
9103,12000
9104,7500
9105,13000
9106,53000
9107,30000
9108,15000
9109,64000
9110,13000
9111,13000
9112,28000
9113,16000
9114,13000
9115,9900
9116,15000
9117,5300
9118,18000
9119,15000
9120,51000
9121,5600
9122,6500
9123,8900
9124,15000
9125,20000
9126,15000
9127,18000
9128,49000
9129,15000
9130,31000
9131,15000
9132,15000
9133,15000
9134,26000
9135,15000
9136,13000
9137,13000
9138,2000
9139,28000
9140,8300
9141,15000
9142,10000
9143,15000
9144,35000
9145,25000
9146,11000
9147,13000
9148,29000
9149,2800
9150,13000
9151,11000
9152,23000
9153,16000
9154,13000
9155,13000
9156,20000
9157,3300
9158,22000
9159,7900
9160,46000
9161,14000
9162,3400
9163,15000
9164,45000
9165,46000
9166,13000
9167,24000
9168,15000
9169,58000
9170,15000
9171,64000
9172,64000
9173,55000
9174,52000
9175,42000
9176,13000
9177,15000
9178,33000
9179,19000
9180,800
9181,41000
9182,18000
9183,37000
9184,20000
9185,15000
9186,33000
9187,38000
9188,15000
9189,14000
9190,41000
9191,39000
9192,34000
9193,29000
9194,47000
9195,62000
9196,7500
9197,64000
9198,15000
9199,28000
9200,48000
9201,24000
9202,57000
9203,9300
9204,18000
9205,15000
9206,13000
9207,16000
9208,34000
9209,43000
9210,15000
9211,33000
9212,13000
9213,13000
9214,64000
9215,26000
9216,3800
9217,13000
9218,19000
9219,15000
9220,15000
9221,15000
9222,28000
9223,42000
9224,15000
9225,23000
9226,33000
9227,15000
9228,13000
9229,13000
9230,13000
9231,64000
9232,13000
9233,5600
9234,9100
9235,15000
9236,33000
9237,15000
9238,14000
9239,15000
9240,3600
9241,13000
9242,15000
9243,35000
9244,43000
9245,13000
9246,13000
9247,47000
9248,15000
9249,8400
9250,46000
9251,13000
9252,5400
9253,9600
9254,13000
9255,17000
9256,29000
9257,11000
9258,62000
9259,55000
9260,13000
9261,15000
9262,10000
9263,1400
9264,39000
9265,34000
9266,26000
9267,19000
9268,17000
9269,13000
9270,59000
9271,38000
9272,16000
9273,19000
9274,13000
9275,15000
9276,12000
9277,13000
9278,57000
9279,13000
9280,15000
9281,29000
9282,25000
9283,6700
9284,19000
9285,13000
9286,43000
9287,15000
9288,13000
9289,24000
9290,11000
9291,15000
9292,22000
9293,13000
9294,39000
9295,61000
9296,8700
9297,13000
9298,31000
9299,13000
9300,38000
9301,4300
9302,29000
9303,27000
9304,15000
9305,46000
9306,43000
9307,33000
9308,18000
9309,53000
9310,57000
9311,13000
9312,25000
9313,12000
9314,15000
9315,7800
9316,12000
9317,26000
9318,38000
9319,9600
9320,41000
9321,7900
9322,29000
9323,12000
9324,8900
9325,13000
9326,6000
9327,13000
9328,11000
9329,13000
9330,55000
9331,43000
9332,5300
9333,14000
9334,13000
9335,22000
9336,28000
9337,15000
9338,18000
9339,16000
9340,13000
9341,23000
9342,43000
9343,15000
9344,23000
9345,33000
9346,43000
9347,1600
9348,13000
9349,29000
9350,28000
9351,7700
9352,12000
9353,29000
9354,43000
9355,17000
9356,40000
9357,23000
9358,13000
9359,31000
9360,15000
9361,51000
9362,12000
9363,50000
9364,64000
9365,40000
9366,2400
9367,15000
9368,11000
9369,13000
9370,19000
9371,15000
9372,15000
9373,15000
9374,64000
9375,45000
9376,61000
9377,20000
9378,19000
9379,48000
9380,42000
9381,18000
9382,47000
9383,15000
9384,35000
9385,54000
9386,64000
9387,64000
9388,42000
9389,15000
9390,3000
9391,33000
9392,34000
9393,43000
9394,13000
9395,58000
9396,8100
9397,64000
9398,7700
9399,6000
9400,11000
9401,15000
9402,23000
9403,9300
9404,15000
9405,64000
9406,2400
9407,15000
9408,19000
9409,28000
9410,43000
9411,13000
9412,50000
9413,45000
9414,13000
9415,38000
9416,13000
9417,5000
9418,13000
9419,22000
9420,11000
9421,17000
9422,29000
9423,8100
9424,15000
9425,61000
9426,13000
9427,12000
9428,10000
9429,13000
9430,33000
9431,13000
9432,15000
9433,21000
9434,19000
9435,15000
9436,15000
9437,4200
9438,13000
9439,7700
9440,12000
9441,11000
9442,13000
9443,1200
9444,14000
9445,29000
9446,15000
9447,13000
9448,24000
9449,16000
9450,10000
9451,30000
9452,29000
9453,6200
9454,22000
9455,15000
9456,15000
9457,11000
9458,33000
9459,13000
9460,8100
9461,26000
9462,19000
9463,34000
9464,13000
9465,7600
9466,50000
9467,31000
9468,20000
9469,7300
9470,21000
9471,5100
9472,18000
9473,13000
9474,7500
9475,38000
9476,34000
9477,15000
9478,15000
9479,16000
9480,40000
9481,26000
9482,18000
9483,23000
9484,62000
9485,13000
9486,28000
9487,15000
9488,15000
9489,34000
9490,15000
9491,15000
9492,14000
9493,11000
9494,13000
9495,11000
9496,13000
9497,2300
9498,6300
9499,35000
9500,44000
9501,48000
9502,30000
9503,51000
9504,15000
9505,24000
9506,33000
9507,15000
9508,22000
9509,31000
9510,31000
9511,15000
9512,45000
9513,8800
9514,63000
9515,12000
9516,15000
9517,24000
9518,42000
9519,13000
9520,28000
9521,12000
9522,15000
9523,13000
9524,19000
9525,13000
9526,45000
9527,15000
9528,6500
9529,13000
9530,13000
9531,28000
9532,14000
9533,38000
9534,37000
9535,15000
9536,16000
9537,5500
9538,21000
9539,57000
9540,41000
9541,13000
9542,27000
9543,42000
9544,26000
9545,39000
9546,43000
9547,52000
9548,15000
9549,13000
9550,36000
9551,15000
9552,15000
9553,15000
9554,49000
9555,64000
9556,15000
9557,53000
9558,22000
9559,24000
9560,5000
9561,7500
9562,14000
9563,8500
9564,46000
9565,9800
9566,13000
9567,42000
9568,26000
9569,15000
9570,13000
9571,36000
9572,3800
9573,15000
9574,13000
9575,13000
9576,2700
9577,23000
9578,14000
9579,34000
9580,12000
9581,15000
9582,13000
9583,13000
9584,19000
9585,16000
9586,5900
9587,40000
9588,15000
9589,14000
9590,43000
9591,16000
9592,15000
9593,26000
9594,13000
9595,58000
9596,25000
9597,13000
9598,15000
9599,35000
9600,13000
9601,25000
9602,45000
9603,6300
9604,43000
9605,17000
9606,22000
9607,28000
9608,51000
9609,61000
9610,27000
9611,61000
9612,27000
9613,16000
9614,20000
9615,60000
9616,11000
9617,15000
9618,7000
9619,2700
9620,8500
9621,16000
9622,13000
9623,13000
9624,34000
9625,13000
9626,31000
9627,64000
9628,22000
9629,57000
9630,15000
9631,16000
9632,13000
9633,13000
9634,5600
9635,15000
9636,64000
9637,54000
9638,12000
9639,12000
9640,55000
9641,50000
9642,25000
9643,15000
9644,41000
9645,41000
9646,34000
9647,7900
9648,33000
9649,25000
9650,16000
9651,64000
9652,19000
9653,30000
9654,31000
9655,19000
9656,15000
9657,15000
9658,26000
9659,10000
9660,12000
9661,64000
9662,13000
9663,15000
9664,15000
9665,28000
9666,9100
9667,13000
9668,15000
9669,31000
9670,9000
9671,9700
9672,33000
9673,25000
9674,13000
9675,7500
9676,20000
9677,15000
9678,24000
9679,17000
9680,10000
9681,6500
9682,26000
9683,27000
9684,64000
9685,21000
9686,28000
9687,6900
9688,46000
9689,15000
9690,13000
9691,5900
9692,40000
9693,55000
9694,6000
9695,49000
9696,30000
9697,15000
9698,17000
9699,15000
9700,12000
9701,64000
9702,28000
9703,12000
9704,32000
9705,13000
9706,13000
9707,15000
9708,55000
9709,41000
9710,15000
9711,48000
9712,20000
9713,9200
9714,4600
9715,13000
9716,19000
9717,18000
9718,35000
9719,15000
9720,6700
9721,24000
9722,35000
9723,16000
9724,15000
9725,10000
9726,15000
9727,42000
9728,33000
9729,46000
9730,12000
9731,20000
9732,46000
9733,15000
9734,13000
9735,25000
9736,21000
9737,26000
9738,28000
9739,56000
9740,64000
9741,3000
9742,45000
9743,13000
9744,49000
9745,15000
9746,32000
9747,38000
9748,15000
9749,9600
9750,13000
9751,11000
9752,19000
9753,33000
9754,43000
9755,33000
9756,43000
9757,64000
9758,11000
9759,46000
9760,53000
9761,15000
9762,29000
9763,9400
9764,11000
9765,2000
9766,15000
9767,13000
9768,16000
9769,13000
9770,28000
9771,29000
9772,9700
9773,15000
9774,41000
9775,13000
9776,15000
9777,19000
9778,30000
9779,47000
9780,44000
9781,64000
9782,13000
9783,15000
9784,13000
9785,27000
9786,33000
9787,8800
9788,11000
9789,64000
9790,23000
9791,13000
9792,13000
9793,64000
9794,38000
9795,5700
9796,13000
9797,24000
9798,5000
9799,17000
9800,26000
9801,39000
9802,64000
9803,28000
9804,31000
9805,18000
9806,15000
9807,10000
9808,36000
9809,21000
9810,46000
9811,63000
9812,45000
9813,16000
9814,13000
9815,25000
9816,28000
9817,13000
9818,13000
9819,41000
9820,13000
9821,15000
9822,11000
9823,13000
9824,14000
9825,29000
9826,34000
9827,46000
9828,11000
9829,48000
9830,44000
9831,7600
9832,24000
9833,63000
9834,37000
9835,15000
9836,10000
9837,4900
9838,11000
9839,43000
9840,12000
9841,11000
9842,46000
9843,6500
9844,64000
9845,15000
9846,63000
9847,13000
9848,18000
9849,31000
9850,49000
9851,15000
9852,10000
9853,6900
9854,64000
9855,23000
9856,41000
9857,11000
9858,13000
9859,45000
9860,31000
9861,21000
9862,14000
9863,13000
9864,26000
9865,22000
9866,15000
9867,42000
9868,41000
9869,9400
9870,3700
9871,42000
9872,44000
9873,26000
9874,3500
9875,1800
9876,11000
9877,13000
9878,40000
9879,13000
9880,9100
9881,61000
9882,13000
9883,40000
9884,30000
9885,30000
9886,15000
9887,23000
9888,16000
9889,27000
9890,13000
9891,11000
9892,13000
9893,26000
9894,5700
9895,17000
9896,19000
9897,29000
9898,4900
9899,46000
9900,13000
9901,31000
9902,19000
9903,46000
9904,15000
9905,15000
9906,64000
9907,13000
9908,42000
9909,7100
9910,15000
9911,14000
9912,16000
9913,36000
9914,41000
9915,37000
9916,15000
9917,44000
9918,15000
9919,13000
9920,29000
9921,46000
9922,15000
9923,33000
9924,13000
9925,21000
9926,25000
9927,13000
9928,13000
9929,53000
9930,41000
9931,39000
9932,42000
9933,32000
9934,13000
9935,15000
9936,6400
9937,15000
9938,43000
9939,15000
9940,19000
9941,15000
9942,20000
9943,15000
9944,64000
9945,11000
9946,44000
9947,58000
9948,11000
9949,13000
9950,5700
9951,16000
9952,31000
9953,13000
9954,13000
9955,15000
9956,34000
9957,33000
9958,54000
9959,24000
9960,13000
9961,12000
9962,13000
9963,15000
9964,37000
9965,52000
9966,20000
9967,15000
9968,13000
9969,34000
9970,15000
9971,26000
9972,15000
9973,54000
9974,18000
9975,53000
9976,10000
9977,29000
9978,33000
9979,20000
9980,15000
9981,18000
9982,41000
9983,49000
9984,24000
9985,15000
9986,11000
9987,15000
9988,15000
9989,13000
9990,36000
9991,35000
9992,13000
9993,20000
9994,64000
9995,30000
9996,43000
9997,9700
9998,15000
9999,31000
