circuit_id,min_bandwidth
0,4500
1,12000
2,11000
3,18000
4,12000
5,13000
6,35000
7,41000
8,13000
9,25000
10,19000
11,12000
12,7000
13,18000
14,28000
15,12000
16,50000
17,27000
18,11000
19,13000
20,24000
21,44000
22,35000
23,34000
24,13000
25,16000
26,30000
27,39000
28,6700
29,41000
30,15000
31,25000
32,69000
33,31000
34,12000
35,52000
36,27000
37,8300
38,16000
39,57000
40,31000
41,12000
42,38000
43,12000
44,13000
45,50000
46,13000
47,12000
48,7000
49,34000
50,8800
51,13000
52,12000
53,18000
54,13000
55,13000
56,23000
57,9800
58,12000
59,12000
60,13000
61,40000
62,15000
63,41000
64,55000
65,13000
66,8600
67,31000
68,21000
69,13000
70,9100
71,13000
72,26000
73,13000
74,33000
75,1300
76,27000
77,12000
78,29000
79,2100
80,31000
81,12000
82,32000
83,66000
84,1300
85,29000
86,42000
87,45000
88,69000
89,69000
90,21000
91,9200
92,26000
93,8900
94,69000
95,7100
96,7500
97,28000
98,13000
99,13000
100,6500
101,25000
102,17000
103,37000
104,34000
105,13000
106,13000
107,51000
108,19000
109,18000
110,14000
111,37000
112,12000
113,13000
114,1900
115,32000
116,60000
117,20000
118,69000
119,7200
120,12000
121,21000
122,46000
123,12000
124,13000
125,4400
126,13000
127,19000
128,34000
129,34000
130,13000
131,3300
132,52000
133,17000
134,25000
135,12000
136,43000
137,25000
138,32000
139,24000
140,69000
141,13000
142,3900
143,13000
144,35000
145,69000
146,4900
147,38000
148,31000
149,13000
150,2800
151,12000
152,25000
153,12000
154,41000
155,32000
156,13000
157,22000
158,13000
159,12000
160,6700
161,7100
162,17000
163,15000
164,12000
165,39000
166,43000
167,31000
168,51000
169,30000
170,50000
171,13000
172,14000
173,25000
174,57000
175,31000
176,31000
177,15000
178,38000
179,52000
180,67000
181,28000
182,6600
183,13000
184,51000
185,13000
186,5900
187,12000
188,14000
189,23000
190,40000
191,12000
192,9800
193,54000
194,3100
195,12000
196,12000
197,5000
198,21000
199,13000
200,30000
201,13000
202,49000
203,14000
204,12000
205,28000
206,13000
207,38000
208,38000
209,12000
210,44000
211,50000
212,13000
213,12000
214,13000
215,4900
216,13000
217,15000
218,7700
219,16000
220,13000
221,31000
222,31000
223,52000
224,27000
225,15000
226,23000
227,32000
228,69000
229,35000
230,28000
231,40000
232,11000
233,36000
234,24000
235,23000
236,13000
237,8000
238,13000
239,40000
240,32000
241,26000
242,13000
243,69000
244,17000
245,16000
246,25000
247,12000
248,45000
249,12000
250,5800
251,15000
252,5100
253,17000
254,32000
255,34000
256,23000
257,41000
258,23000
259,16000
260,53000
261,32000
262,24000
263,28000
264,15000
265,43000
266,13000
267,17000
268,41000
269,15000
270,51000
271,9100
272,18000
273,7800
274,69000
275,13000
276,13000
277,34000
278,56000
279,26000
280,20000
281,6700
282,69000
283,12000
284,15000
285,12000
286,5200
287,12000
288,13000
289,25000
290,4700
291,12000
292,36000
293,38000
294,50000
295,13000
296,9700
297,12000
298,22000
299,12000
300,34000
301,32000
302,48000
303,27000
304,12000
305,13000
306,13000
307,13000
308,13000
309,43000
310,13000
311,26000
312,47000
313,13000
314,9300
315,6700
316,25000
317,42000
318,50000
319,25000
320,12000
321,45000
322,45000
323,22000
324,24000
325,62000
326,27000
327,39000
328,12000
329,16000
330,12000
331,13000
332,17000
333,11000
334,38000
335,39000
336,48000
337,7200
338,51000
339,25000
340,31000
341,41000
342,2900
343,8700
344,12000
345,12000
346,10000
347,33000
348,12000
349,13000
350,31000
351,41000
352,27000
353,12000
354,43000
355,51000
356,12000
357,5100
358,2700
359,16000
360,24000
361,22000
362,27000
363,35000
364,29000
365,15000
366,12000
367,53000
368,11000
369,11000
370,8800
371,3200
372,28000
373,12000
374,13000
375,21000
376,15000
377,26000
378,69000
379,4500
380,8100
381,12000
382,2500
383,25000
384,13000
385,13000
386,13000
387,31000
388,30000
389,40000
390,12000
391,37000
392,25000
393,2700
394,13000
395,13000
396,12000
397,24000
398,54000
399,3900
400,40000
401,69000
402,18000
403,12000
404,28000
405,6500
406,36000
407,5800
408,69000
409,7600
410,69000
411,12000
412,21000
413,7900
414,23000
415,29000
416,12000
417,12000
418,13000
419,41000
420,21000
421,13000
422,49000
423,13000
424,36000
425,20000
426,50000
427,24000
428,5900
429,34000
430,30000
431,13000
432,16000
433,12000
434,69000
435,12000
436,13000
437,4300
438,31000
439,55000
440,13000
441,36000
442,13000
443,35000
444,14000
445,4300
446,10000
447,17000
448,12000
449,29000
450,3900
451,13000
452,13000
453,12000
454,32000
455,26000
456,29000
457,19000
458,67000
459,22000
460,7500
461,13000
462,13000
463,9800
464,41000
465,52000
466,69000
467,14000
468,35000
469,13000
470,65000
471,13000
472,13000
473,18000
474,60000
475,6500
476,22000
477,46000
478,49000
479,19000
480,34000
481,34000
482,34000
483,29000
484,13000
485,12000
486,27000
487,12000
488,41000
489,49000
490,17000
491,66000
492,9600
493,12000
494,44000
495,69000
496,45000
497,12000
498,22000
499,12000
500,24000
501,37000
502,12000
503,17000
504,19000
505,55000
506,52000
507,18000
508,6000
509,10000
510,63000
511,12000
512,5600
513,12000
514,25000
515,13000
516,8100
517,12000
518,11000
519,12000
520,4500
521,69000
522,12000
523,12000
524,13000
525,69000
526,16000
527,5400
528,44000
529,14000
530,12000
531,13000
532,29000
533,38000
534,6100
535,12000
536,4200
537,28000
538,20000
539,13000
540,15000
541,49000
542,29000
543,13000
544,12000
545,7900
546,14000
547,42000
548,69000
549,38000
550,12000
551,9000
552,13000
553,52000
554,9200
555,21000
556,43000
557,3100
558,12000
559,15000
560,16000
561,32000
562,26000
563,28000
564,5400
565,13000
566,56000
567,29000
568,29000
569,13000
570,36000
571,12000
572,35000
573,9800
574,12000
575,50000
576,25000
577,34000
578,12000
579,10000
580,69000
581,69000
582,17000
583,17000
584,31000
585,13000
586,31000
587,12000
588,13000
589,17000
590,69000
591,50000
592,25000
593,12000
594,12000
595,39000
596,40000
597,12000
598,12000
599,12000
600,6300
601,15000
602,41000
603,12000
604,19000
605,8400
606,32000
607,6600
608,19000
609,17000
610,34000
611,10000
612,5000
613,6900
614,13000
615,23000
616,69000
617,69000
618,64000
619,29000
620,39000
621,29000
622,6300
623,31000
624,25000
625,56000
626,13000
627,15000
628,14000
629,25000
630,12000
631,41000
632,13000
633,10000
634,36000
635,13000
636,2200
637,5900
638,24000
639,6800
640,3300
641,13000
642,28000
643,4300
644,12000
645,69000
646,4300
647,27000
648,13000
649,69000
650,29000
651,41000
652,7400
653,26000
654,12000
655,12000
656,9800
657,17000
658,5900
659,15000
660,18000
661,50000
662,25000
663,4600
664,8200
665,24000
666,45000
667,25000
668,20000
669,28000
670,27000
671,22000
672,69000
673,11000
674,51000
675,12000
676,29000
677,28000
678,19000
679,60000
680,31000
681,30000
682,69000
683,30000
684,12000
685,45000
686,28000
687,26000
688,15000
689,12000
690,59000
691,47000
692,54000
693,13000
694,31000
695,34000
696,63000
697,26000
698,10000
699,5300
700,14000
701,44000
702,8500
703,13000
704,13000
705,58000
706,20000
707,18000
708,24000
709,65000
710,13000
711,19000
712,12000
713,35000
714,22000
715,13000
716,15000
717,34000
718,49000
719,6800
720,19000
721,29000
722,25000
723,52000
724,24000
725,13000
726,13000
727,59000
728,42000
729,13000
730,12000
731,13000
732,4800
733,15000
734,63000
735,16000
736,3200
737,45000
738,34000
739,69000
740,29000
741,26000
742,13000
743,39000
744,63000
745,66000
746,3800
747,12000
748,9100
749,29000
750,4800
751,13000
752,12000
753,52000
754,6100
755,21000
756,12000
757,7800
758,39000
759,48000
760,1800
761,11000
762,14000
763,6700
764,28000
765,23000
766,61000
767,9500
768,25000
769,13000
770,8300
771,34000
772,45000
773,12000
774,12000
775,41000
776,21000
777,13000
778,28000
779,24000
780,13000
781,19000
782,39000
783,24000
784,24000
785,12000
786,28000
787,12000
788,40000
789,55000
790,12000
791,40000
792,34000
793,13000
794,28000
795,26000
796,44000
797,17000
798,4600
799,12000
800,69000
801,28000
802,69000
803,12000
804,36000
805,18000
806,56000
807,69000
808,42000
809,5800
810,33000
811,12000
812,2400
813,12000
814,13000
815,13000
816,37000
817,52000
818,36000
819,69000
820,31000
821,13000
822,13000
823,28000
824,12000
825,12000
826,25000
827,13000
828,20000
829,16000
830,15000
831,25000
832,16000
833,14000
834,13000
835,33000
836,23000
837,13000
838,12000
839,11000
840,13000
841,65000
842,35000
843,43000
844,35000
845,12000
846,11000
847,52000
848,4200
849,29000
850,30000
851,24000
852,7200
853,5700
854,13000
855,26000
856,13000
857,12000
858,21000
859,32000
860,48000
861,41000
862,12000
863,13000
864,21000
865,6400
866,13000
867,14000
868,13000
869,31000
870,28000
871,69000
872,13000
873,37000
874,12000
875,1900
876,13000
877,51000
878,25000
879,12000
880,13000
881,2600
882,3500
883,34000
884,13000
885,55000
886,38000
887,12000
888,69000
889,15000
890,15000
891,12000
892,13000
893,4100
894,20000
895,69000
896,7800
897,13000
898,28000
899,42000
900,12000
901,31000
902,69000
903,69000
904,44000
905,4700
906,7100
907,29000
908,49000
909,35000
910,12000
911,9800
912,43000
913,56000
914,12000
915,27000
916,69000
917,13000
918,36000
919,56000
920,13000
921,13000
922,40000
923,31000
924,22000
925,52000
926,69000
927,13000
928,13000
929,18000
930,61000
931,26000
932,44000
933,20000
934,24000
935,13000
936,64000
937,38000
938,13000
939,62000
940,28000
941,69000
942,44000
943,33000
944,12000
945,31000
946,58000
947,11000
948,33000
949,69000
950,50000
951,49000
952,48000
953,51000
954,12000
955,15000
956,33000
957,30000
958,18000
959,12000
960,9300
961,39000
962,58000
963,20000
964,57000
965,5500
966,16000
967,45000
968,27000
969,41000
970,45000
971,22000
972,7700
973,69000
974,50000
975,69000
976,2400
977,14000
978,16000
979,25000
980,29000
981,6300
982,30000
983,13000
984,24000
985,51000
986,15000
987,12000
988,6300
989,13000
990,30000
991,22000
992,32000
993,8800
994,13000
995,12000
996,46000
997,56000
998,20000
999,8000
1000,13000
1001,69000
1002,21000
1003,15000
1004,15000
1005,27000
1006,43000
1007,12000
1008,13000
1009,43000
1010,29000
1011,49000
1012,65000
1013,36000
1014,27000
1015,13000
1016,30000
1017,33000
1018,17000
1019,5400
1020,49000
1021,8500
1022,30000
1023,13000
1024,28000
1025,47000
1026,5400
1027,20000
1028,13000
1029,20000
1030,33000
1031,10000
1032,12000
1033,52000
1034,38000
1035,12000
1036,24000
1037,69000
1038,13000
1039,11000
1040,45000
1041,22000
1042,21000
1043,9300
1044,39000
1045,13000
1046,18000
1047,12000
1048,24000
1049,16000
1050,69000
1051,22000
1052,39000
1053,13000
1054,13000
1055,69000
1056,4500
1057,29000
1058,15000
1059,60000
1060,39000
1061,69000
1062,22000
1063,43000
1064,31000
1065,19000
1066,22000
1067,12000
1068,28000
1069,13000
1070,12000
1071,3700
1072,12000
1073,20000
1074,47000
1075,41000
1076,16000
1077,16000
1078,12000
1079,13000
1080,2000
1081,9200
1082,12000
1083,13000
1084,13000
1085,65000
1086,6400
1087,12000
1088,13000
1089,17000
1090,17000
1091,41000
1092,31000
1093,44000
1094,13000
1095,52000
1096,51000
1097,24000
1098,42000
1099,13000
1100,58000
1101,40000
1102,16000
1103,13000
1104,12000
1105,6800
1106,35000
1107,8800
1108,19000
1109,14000
1110,4400
1111,9600
1112,19000
1113,5700
1114,35000
1115,2900
1116,32000
1117,37000
1118,51000
1119,12000
1120,12000
1121,13000
1122,22000
1123,4100
1124,44000
1125,18000
1126,43000
1127,20000
1128,5500
1129,16000
1130,13000
1131,35000
1132,12000
1133,37000
1134,6000
1135,27000
1136,12000
1137,17000
1138,17000
1139,69000
1140,32000
1141,12000
1142,32000
1143,45000
1144,69000
1145,18000
1146,39000
1147,53000
1148,8500
1149,12000
1150,26000
1151,12000
1152,13000
1153,69000
1154,13000
1155,24000
1156,44000
1157,69000
1158,11000
1159,20000
1160,55000
1161,12000
1162,12000
1163,33000
1164,26000
1165,69000
1166,12000
1167,2200
1168,65000
1169,12000
1170,13000
1171,51000
1172,7900
1173,53000
1174,5900
1175,12000
1176,13000
1177,13000
1178,9200
1179,52000
1180,6100
1181,12000
1182,44000
1183,30000
1184,15000
1185,12000
1186,26000
1187,32000
1188,11000
1189,22000
1190,19000
1191,34000
1192,21000
1193,13000
1194,18000
1195,5300
1196,35000
1197,55000
1198,13000
1199,46000
1200,31000
1201,13000
1202,36000
1203,38000
1204,26000
1205,38000
1206,66000
1207,24000
1208,8600
1209,47000
1210,40000
1211,23000
1212,26000
1213,1300
1214,46000
1215,21000
1216,3600
1217,55000
1218,24000
1219,12000
1220,42000
1221,34000
1222,22000
1223,13000
1224,10000
1225,23000
1226,43000
1227,34000
1228,12000
1229,69000
1230,17000
1231,69000
1232,7400
1233,47000
1234,26000
1235,69000
1236,820
1237,8600
1238,30000
1239,13000
1240,12000
1241,1800
1242,59000
1243,6400
1244,25000
1245,1400
1246,6200
1247,53000
1248,24000
1249,21000
1250,15000
1251,31000
1252,24000
1253,26000
1254,12000
1255,10000
1256,8900
1257,17000
1258,17000
1259,22000
1260,18000
1261,7900
1262,56000
1263,13000
1264,12000
1265,35000
1266,22000
1267,13000
1268,4700
1269,16000
1270,51000
1271,23000
1272,22000
1273,33000
1274,39000
1275,68000
1276,52000
1277,13000
1278,19000
1279,36000
1280,40000
1281,22000
1282,43000
1283,27000
1284,13000
1285,69000
1286,240
1287,13000
1288,13000
1289,47000
1290,16000
1291,2100
1292,51000
1293,38000
1294,15000
1295,43000
1296,16000
1297,29000
1298,13000
1299,56000
1300,17000
1301,51000
1302,69000
1303,15000
1304,69000
1305,13000
1306,33000
1307,16000
1308,24000
1309,13000
1310,12000
1311,38000
1312,13000
1313,37000
1314,69000
1315,6300
1316,38000
1317,6400
1318,20000
1319,11000
1320,18000
1321,37000
1322,43000
1323,49000
1324,9700
1325,34000
1326,40000
1327,46000
1328,43000
1329,23000
1330,64000
1331,13000
1332,34000
1333,41000
1334,55000
1335,12000
1336,27000
1337,30000
1338,7500
1339,38000
1340,24000
1341,37000
1342,5800
1343,19000
1344,45000
1345,12000
1346,69000
1347,12000
1348,23000
1349,14000
1350,13000
1351,26000
1352,34000
1353,13000
1354,25000
1355,12000
1356,55000
1357,12000
1358,5400
1359,13000
1360,28000
1361,20000
1362,23000
1363,13000
1364,69000
1365,34000
1366,13000
1367,16000
1368,4400
1369,45000
1370,13000
1371,18000
1372,26000
1373,38000
1374,43000
1375,12000
1376,4400
1377,12000
1378,12000
1379,26000
1380,57000
1381,12000
1382,22000
1383,13000
1384,51000
1385,9800
1386,63000
1387,17000
1388,12000
1389,13000
1390,4400
1391,24000
1392,12000
1393,3200
1394,21000
1395,52000
1396,13000
1397,13000
1398,12000
1399,12000
1400,40000
1401,38000
1402,36000
1403,45000
1404,52000
1405,4700
1406,1900
1407,24000
1408,15000
1409,43000
1410,19000
1411,12000
1412,12000
1413,60000
1414,15000
1415,12000
1416,12000
1417,21000
1418,3800
1419,18000
1420,22000
1421,69000
1422,45000
1423,1100
1424,12000
1425,54000
1426,63000
1427,51000
1428,47000
1429,12000
1430,9900
1431,38000
1432,21000
1433,46000
1434,30000
1435,33000
1436,13000
1437,44000
1438,27000
1439,13000
1440,12000
1441,6200
1442,28000
1443,8800
1444,63000
1445,67000
1446,12000
1447,34000
1448,49000
1449,5600
1450,3200
1451,27000
1452,13000
1453,44000
1454,7800
1455,17000
1456,3900
1457,21000
1458,37000
1459,27000
1460,24000
1461,49000
1462,6600
1463,25000
1464,19000
1465,15000
1466,13000
1467,12000
1468,47000
1469,43000
1470,33000
1471,21000
1472,31000
1473,25000
1474,21000
1475,31000
1476,15000
1477,12000
1478,22000
1479,13000
1480,33000
1481,24000
1482,69000
1483,12000
1484,13000
1485,13000
1486,63000
1487,16000
1488,44000
1489,38000
1490,12000
1491,43000
1492,57000
1493,14000
1494,42000
1495,30000
1496,26000
1497,66000
1498,19000
1499,12000
1500,12000
1501,13000
1502,13000
1503,57000
1504,66000
1505,69000
1506,69000
1507,17000
1508,34000
1509,8600
1510,23000
1511,50000
1512,32000
1513,12000
1514,12000
1515,13000
1516,35000
1517,6100
1518,27000
1519,69000
1520,32000
1521,28000
1522,9100
1523,30000
1524,66000
1525,69000
1526,13000
1527,10000
1528,8900
1529,7000
1530,13000
1531,48000
1532,12000
1533,37000
1534,53000
1535,14000
1536,10000
1537,69000
1538,35000
1539,4100
1540,13000
1541,13000
1542,10000
1543,12000
1544,23000
1545,12000
1546,13000
1547,64000
1548,43000
1549,5600
1550,13000
1551,53000
1552,11000
1553,9400
1554,19000
1555,13000
1556,25000
1557,12000
1558,7900
1559,12000
1560,50000
1561,13000
1562,56000
1563,170
1564,2200
1565,31000
1566,29000
1567,22000
1568,13000
1569,12000
1570,12000
1571,12000
1572,46000
1573,13000
1574,13000
1575,27000
1576,13000
1577,13000
1578,12000
1579,28000
1580,12000
1581,49000
1582,17000
1583,27000
1584,17000
1585,9900
1586,16000
1587,29000
1588,17000
1589,13000
1590,45000
1591,4100
1592,63000
1593,61000
1594,23000
1595,6700
1596,69000
1597,9800
1598,29000
1599,12000
1600,48000
1601,7800
1602,42000
1603,12000
1604,13000
1605,40000
1606,13000
1607,55000
1608,21000
1609,13000
1610,30000
1611,13000
1612,36000
1613,13000
1614,22000
1615,20000
1616,12000
1617,12000
1618,12000
1619,13000
1620,12000
1621,48000
1622,10000
1623,51000
1624,17000
1625,27000
1626,23000
1627,12000
1628,13000
1629,13000
1630,14000
1631,9900
1632,22000
1633,19000
1634,38000
1635,5500
1636,29000
1637,63000
1638,29000
1639,4200
1640,13000
1641,30000
1642,51000
1643,39000
1644,66000
1645,53000
1646,8000
1647,53000
1648,27000
1649,33000
1650,12000
1651,13000
1652,13000
1653,19000
1654,69000
1655,19000
1656,45000
1657,41000
1658,22000
1659,13000
1660,13000
1661,22000
1662,12000
1663,69000
1664,11000
1665,3100
1666,9200
1667,21000
1668,51000
1669,13000
1670,27000
1671,31000
1672,69000
1673,4800
1674,32000
1675,43000
1676,58000
1677,44000
1678,16000
1679,22000
1680,13000
1681,33000
1682,12000
1683,5300
1684,40000
1685,23000
1686,43000
1687,69000
1688,5300
1689,37000
1690,10000
1691,7600
1692,15000
1693,12000
1694,25000
1695,69000
1696,68000
1697,54000
1698,63000
1699,12000
1700,38000
1701,13000
1702,9700
1703,6400
1704,45000
1705,19000
1706,35000
1707,12000
1708,25000
1709,12000
1710,33000
1711,12000
1712,5200
1713,43000
1714,69000
1715,6600
1716,14000
1717,69000
1718,13000
1719,7200
1720,12000
1721,4800
1722,13000
1723,8400
1724,46000
1725,36000
1726,3900
1727,27000
1728,19000
1729,49000
1730,56000
1731,30000
1732,13000
1733,27000
1734,33000
1735,36000
1736,15000
1737,8400
1738,5900
1739,46000
1740,12000
1741,13000
1742,12000
1743,13000
1744,12000
1745,12000
1746,40000
1747,33000
1748,22000
1749,13000
1750,40000
1751,46000
1752,16000
1753,50000
1754,45000
1755,25000
1756,2500
1757,34000
1758,69000
1759,12000
1760,14000
1761,16000
1762,69000
1763,27000
1764,11000
1765,14000
1766,38000
1767,11000
1768,35000
1769,28000
1770,32000
1771,13000
1772,12000
1773,25000
1774,2000
1775,19000
1776,12000
1777,11000
1778,13000
1779,36000
1780,12000
1781,11000
1782,8800
1783,30000
1784,20000
1785,27000
1786,12000
1787,56000
1788,13000
1789,13000
1790,13000
1791,23000
1792,41000
1793,13000
1794,3600
1795,12000
1796,39000
1797,13000
1798,27000
1799,12000
1800,12000
1801,69000
1802,12000
1803,31000
1804,26000
1805,12000
1806,7900
1807,22000
1808,12000
1809,6300
1810,20000
1811,13000
1812,45000
1813,20000
1814,22000
1815,13000
1816,19000
1817,5100
1818,39000
1819,9400
1820,25000
1821,6200
1822,45000
1823,69000
1824,59000
1825,11000
1826,12000
1827,27000
1828,8400
1829,26000
1830,12000
1831,5600
1832,41000
1833,11000
1834,24000
1835,49000
1836,12000
1837,17000
1838,35000
1839,12000
1840,54000
1841,46000
1842,13000
1843,20000
1844,21000
1845,23000
1846,51000
1847,33000
1848,45000
1849,8500
1850,13000
1851,26000
1852,26000
1853,13000
1854,28000
1855,4700
1856,6900
1857,12000
1858,16000
1859,8300
1860,24000
1861,12000
1862,6000
1863,48000
1864,24000
1865,5000
1866,14000
1867,6500
1868,27000
1869,34000
1870,8500
1871,11000
1872,50000
1873,41000
1874,10000
1875,12000
1876,17000
1877,45000
1878,9400
1879,2000
1880,35000
1881,54000
1882,8000
1883,24000
1884,62000
1885,9400
1886,36000
1887,31000
1888,7700
1889,11000
1890,22000
1891,64000
1892,12000
1893,7000
1894,12000
1895,24000
1896,13000
1897,26000
1898,69000
1899,28000
1900,32000
1901,13000
1902,69000
1903,12000
1904,54000
1905,15000
1906,12000
1907,7300
1908,12000
1909,69000
1910,10000
1911,29000
1912,13000
1913,23000
1914,56000
1915,28000
1916,44000
1917,7600
1918,13000
1919,8400
1920,19000
1921,8400
1922,6500
1923,17000
1924,69000
1925,41000
1926,34000
1927,13000
1928,3000
1929,43000
1930,12000
1931,27000
1932,46000
1933,3200
1934,12000
1935,41000
1936,12000
1937,19000
1938,12000
1939,18000
1940,11000
1941,59000
1942,13000
1943,32000
1944,20000
1945,28000
1946,19000
1947,18000
1948,18000
1949,48000
1950,31000
1951,30000
1952,29000
1953,13000
1954,12000
1955,4300
1956,15000
1957,40000
1958,18000
1959,8300
1960,31000
1961,11000
1962,12000
1963,5400
1964,11000
1965,20000
1966,69000
1967,13000
1968,57000
1969,35000
1970,6700
1971,45000
1972,5900
1973,12000
1974,41000
1975,13000
1976,12000
1977,46000
1978,69000
1979,25000
1980,12000
1981,24000
1982,41000
1983,26000
1984,21000
1985,32000
1986,12000
1987,13000
1988,13000
1989,69000
1990,69000
1991,8100
1992,69000
1993,13000
1994,13000
1995,23000
1996,37000
1997,23000
1998,4500
1999,13000
2000,12000
2001,30000
2002,69000
2003,56000
2004,13000
2005,64000
2006,8700
2007,39000
2008,8300
2009,13000
2010,13000
2011,59000
2012,27000
2013,13000
2014,4200
2015,28000
2016,69000
2017,44000
2018,48000
2019,9600
2020,18000
2021,12000
2022,18000
2023,27000
2024,13000
2025,6800
2026,25000
2027,12000
2028,12000
2029,30000
2030,28000
2031,69000
2032,28000
2033,12000
2034,30000
2035,12000
2036,57000
2037,34000
2038,6700
2039,57000
2040,36000
2041,13000
2042,13000
2043,18000
2044,12000
2045,14000
2046,13000
2047,15000
2048,47000
2049,12000
2050,13000
2051,20000
2052,26000
2053,41000
2054,33000
2055,29000
2056,12000
2057,34000
2058,12000
2059,69000
2060,20000
2061,69000
2062,11000
2063,20000
2064,6300
2065,13000
2066,12000
2067,69000
2068,12000
2069,5400
2070,57000
2071,5600
2072,12000
2073,69000
2074,65000
2075,5700
2076,39000
2077,26000
2078,4700
2079,30000
2080,31000
2081,17000
2082,13000
2083,63000
2084,12000
2085,42000
2086,1400
2087,40000
2088,33000
2089,12000
2090,12000
2091,33000
2092,19000
2093,51000
2094,12000
2095,51000
2096,12000
2097,9200
2098,7300
2099,49000
2100,13000
2101,65000
2102,4900
2103,19000
2104,12000
2105,44000
2106,43000
2107,69000
2108,28000
2109,67000
2110,8000
2111,13000
2112,12000
2113,12000
2114,12000
2115,39000
2116,11000
2117,26000
2118,12000
2119,65000
2120,25000
2121,33000
2122,12000
2123,53000
2124,64000
2125,25000
2126,69000
2127,12000
2128,34000
2129,13000
2130,42000
2131,49000
2132,5700
2133,7100
2134,12000
2135,25000
2136,32000
2137,41000
2138,45000
2139,9200
2140,13000
2141,32000
2142,14000
2143,5800
2144,13000
2145,20000
2146,35000
2147,51000
2148,24000
2149,34000
2150,44000
2151,61000
2152,44000
2153,8000
2154,17000
2155,36000
2156,9700
2157,11000
2158,7400
2159,18000
2160,30000
2161,7900
2162,13000
2163,28000
2164,3000
2165,69000
2166,6500
2167,40000
2168,61000
2169,12000
2170,35000
2171,49000
2172,69000
2173,44000
2174,43000
2175,50000
2176,64000
2177,6100
2178,45000
2179,14000
2180,69000
2181,23000
2182,51000
2183,31000
2184,6300
2185,13000
2186,5000
2187,4300
2188,69000
2189,15000
2190,1700
2191,14000
2192,45000
2193,12000
2194,31000
2195,36000
2196,26000
2197,49000
2198,13000
2199,8600
2200,12000
2201,16000
2202,63000
2203,13000
2204,50000
2205,7600
2206,12000
2207,1100
2208,12000
2209,51000
2210,51000
2211,52000
2212,15000
2213,42000
2214,55000
2215,34000
2216,12000
2217,47000
2218,13000
2219,17000
2220,56000
2221,21000
2222,12000
2223,24000
2224,19000
2225,48000
2226,5800
2227,27000
2228,49000
2229,69000
2230,39000
2231,31000
2232,4900
2233,14000
2234,30000
2235,12000
2236,52000
2237,69000
2238,30000
2239,29000
2240,50000
2241,5100
2242,9700
2243,12000
2244,23000
2245,940
2246,69000
2247,8200
2248,15000
2249,44000
2250,12000
2251,13000
2252,13000
2253,31000
2254,12000
2255,32000
2256,22000
2257,47000
2258,12000
2259,21000
2260,45000
2261,52000
2262,11000
2263,37000
2264,69000
2265,12000
2266,7100
2267,69000
2268,15000
2269,27000
2270,13000
2271,12000
2272,28000
2273,49000
2274,27000
2275,9600
2276,12000
2277,27000
2278,13000
2279,7700
2280,38000
2281,18000
2282,600
2283,54000
2284,15000
2285,27000
2286,36000
2287,3800
2288,22000
2289,12000
2290,52000
2291,20000
2292,17000
2293,9200
2294,2200
2295,27000
2296,12000
2297,35000
2298,29000
2299,48000
2300,15000
2301,27000
2302,6100
2303,29000
2304,38000
2305,13000
2306,12000
2307,14000
2308,13000
2309,13000
2310,17000
2311,69000
2312,22000
2313,34000
2314,31000
2315,33000
2316,28000
2317,12000
2318,12000
2319,12000
2320,34000
2321,13000
2322,14000
2323,26000
2324,32000
2325,31000
2326,12000
2327,13000
2328,41000
2329,36000
2330,3100
2331,13000
2332,14000
2333,15000
2334,29000
2335,8600
2336,8300
2337,69000
2338,10000
2339,62000
2340,50000
2341,12000
2342,13000
2343,480
2344,58000
2345,19000
2346,3900
2347,27000
2348,18000
2349,15000
2350,69000
2351,13000
2352,47000
2353,20000
2354,12000
2355,25000
2356,35000
2357,13000
2358,26000
2359,35000
2360,58000
2361,11000
2362,15000
2363,12000
2364,5500
2365,36000
2366,69000
2367,43000
2368,12000
2369,51000
2370,13000
2371,57000
2372,19000
2373,13000
2374,52000
2375,25000
2376,37000
2377,3200
2378,17000
2379,69000
2380,23000
2381,56000
2382,33000
2383,13000
2384,13000
2385,13000
2386,14000
2387,5200
2388,10000
2389,69000
2390,42000
2391,13000
2392,12000
2393,49000
2394,47000
2395,41000
2396,25000
2397,14000
2398,21000
2399,12000
2400,19000
2401,43000
2402,12000
2403,12000
2404,27000
2405,30000
2406,25000
2407,69000
2408,53000
2409,13000
2410,30000
2411,59000
2412,19000
2413,30000
2414,13000
2415,13000
2416,12000
2417,5900
2418,12000
2419,36000
2420,45000
2421,12000
2422,13000
2423,69000
2424,37000
2425,26000
2426,3700
2427,15000
2428,42000
2429,69000
2430,51000
2431,5500
2432,69000
2433,32000
2434,27000
2435,57000
2436,12000
2437,41000
2438,12000
2439,13000
2440,18000
2441,14000
2442,4200
2443,12000
2444,4500
2445,13000
2446,12000
2447,52000
2448,69000
2449,67000
2450,4800
2451,17000
2452,50000
2453,13000
2454,12000
2455,45000
2456,15000
2457,43000
2458,28000
2459,26000
2460,13000
2461,12000
2462,23000
2463,24000
2464,13000
2465,23000
2466,13000
2467,17000
2468,41000
2469,13000
2470,13000
2471,43000
2472,21000
2473,64000
2474,35000
2475,69000
2476,26000
2477,58000
2478,22000
2479,6000
2480,30000
2481,47000
2482,13000
2483,26000
2484,31000
2485,51000
2486,20000
2487,52000
2488,2300
2489,27000
2490,35000
2491,34000
2492,2900
2493,12000
2494,5800
2495,53000
2496,39000
2497,21000
2498,12000
2499,63000
2500,12000
2501,41000
2502,8700
2503,22000
2504,12000
2505,29000
2506,28000
2507,58000
2508,52000
2509,12000
2510,40000
2511,50000
2512,51000
2513,31000
2514,8400
2515,66000
2516,69000
2517,7100
2518,59000
2519,37000
2520,20000
2521,13000
2522,26000
2523,27000
2524,48000
2525,28000
2526,54000
2527,3500
2528,28000
2529,8500
2530,33000
2531,12000
2532,31000
2533,13000
2534,14000
2535,38000
2536,12000
2537,38000
2538,55000
2539,33000
2540,8500
2541,34000
2542,13000
2543,43000
2544,41000
2545,8200
2546,33000
2547,7200
2548,13000
2549,880
2550,28000
2551,35000
2552,7900
2553,13000
2554,12000
2555,51000
2556,16000
2557,39000
2558,38000
2559,13000
2560,10000
2561,4200
2562,13000
2563,13000
2564,21000
2565,12000
2566,18000
2567,35000
2568,50000
2569,19000
2570,16000
2571,4600
2572,33000
2573,59000
2574,15000
2575,69000
2576,13000
2577,30000
2578,13000
2579,13000
2580,15000
2581,22000
2582,69000
2583,13000
2584,69000
2585,38000
2586,21000
2587,24000
2588,69000
2589,63000
2590,20000
2591,5500
2592,12000
2593,6100
2594,17000
2595,28000
2596,18000
2597,16000
2598,6000
2599,43000
2600,36000
2601,17000
2602,69000
2603,27000
2604,12000
2605,51000
2606,13000
2607,41000
2608,6400
2609,12000
2610,44000
2611,27000
2612,35000
2613,46000
2614,13000
2615,58000
2616,12000
2617,690
2618,37000
2619,41000
2620,22000
2621,18000
2622,15000
2623,20000
2624,34000
2625,15000
2626,53000
2627,23000
2628,34000
2629,16000
2630,13000
2631,8400
2632,4400
2633,12000
2634,40000
2635,23000
2636,18000
2637,7600
2638,12000
2639,13000
2640,25000
2641,13000
2642,69000
2643,7300
2644,14000
2645,13000
2646,13000
2647,12000
2648,50000
2649,22000
2650,13000
2651,69000
2652,12000
2653,28000
2654,69000
2655,13000
2656,13000
2657,12000
2658,7400
2659,69000
2660,32000
2661,26000
2662,12000
2663,43000
2664,28000
2665,9800
2666,7900
2667,51000
2668,19000
2669,18000
2670,32000
2671,40000
2672,38000
2673,7300
2674,24000
2675,69000
2676,12000
2677,13000
2678,35000
2679,42000
2680,53000
2681,38000
2682,28000
2683,24000
2684,11000
2685,13000
2686,25000
2687,11000
2688,32000
2689,12000
2690,55000
2691,30000
2692,51000
2693,65000
2694,12000
2695,17000
2696,6100
2697,14000
2698,21000
2699,12000
2700,22000
2701,63000
2702,13000
2703,12000
2704,6700
2705,12000
2706,10000
2707,7400
2708,69000
2709,12000
2710,44000
2711,42000
2712,37000
2713,13000
2714,47000
2715,44000
2716,6800
2717,12000
2718,13000
2719,33000
2720,12000
2721,13000
2722,21000
2723,69000
2724,13000
2725,40000
2726,2900
2727,12000
2728,35000
2729,29000
2730,27000
2731,11000
2732,41000
2733,12000
2734,49000
2735,13000
2736,16000
2737,22000
2738,13000
2739,2700
2740,32000
2741,13000
2742,22000
2743,26000
2744,54000
2745,9400
2746,50000
2747,28000
2748,11000
2749,12000
2750,12000
2751,12000
2752,12000
2753,36000
2754,28000
2755,19000
2756,64000
2757,9900
2758,53000
2759,5600
2760,41000
2761,14000
2762,43000
2763,48000
2764,50000
2765,13000
2766,26000
2767,40000
2768,7600
2769,12000
2770,8700
2771,12000
2772,13000
2773,10000
2774,55000
2775,11000
2776,16000
2777,25000
2778,32000
2779,62000
2780,32000
2781,35000
2782,12000
2783,13000
2784,4800
2785,7500
2786,13000
2787,14000
2788,25000
2789,48000
2790,25000
2791,33000
2792,23000
2793,23000
2794,12000
2795,14000
2796,49000
2797,24000
2798,58000
2799,5900
2800,6400
2801,12000
2802,10000
2803,13000
2804,21000
2805,49000
2806,12000
2807,28000
2808,15000
2809,1400
2810,29000
2811,58000
2812,31000
2813,12000
2814,19000
2815,13000
2816,11000
2817,12000
2818,4500
2819,22000
2820,5800
2821,28000
2822,12000
2823,13000
2824,12000
2825,39000
2826,32000
2827,13000
2828,28000
2829,55000
2830,6900
2831,51000
2832,13000
2833,9300
2834,69000
2835,3100
2836,22000
2837,12000
2838,31000
2839,27000
2840,52000
2841,25000
2842,5700
2843,2200
2844,5800
2845,23000
2846,17000
2847,13000
2848,12000
2849,12000
2850,49000
2851,47000
2852,42000
2853,15000
2854,17000
2855,31000
2856,13000
2857,34000
2858,17000
2859,12000
2860,6800
2861,13000
2862,9700
2863,1100
2864,2900
2865,13000
2866,42000
2867,26000
2868,12000
2869,12000
2870,52000
2871,17000
2872,69000
2873,46000
2874,25000
2875,38000
2876,11000
2877,13000
2878,41000
2879,13000
2880,52000
2881,11000
2882,15000
2883,7300
2884,29000
2885,37000
2886,60000
2887,3500
2888,4500
2889,27000
2890,21000
2891,19000
2892,14000
2893,13000
2894,29000
2895,18000
2896,11000
2897,12000
2898,27000
2899,12000
2900,55000
2901,12000
2902,12000
2903,44000
2904,13000
2905,28000
2906,13000
2907,30000
2908,51000
2909,48000
2910,1500
2911,27000
2912,43000
2913,54000
2914,4000
2915,18000
2916,12000
2917,23000
2918,22000
2919,13000
2920,12000
2921,29000
2922,13000
2923,43000
2924,59000
2925,38000
2926,52000
2927,52000
2928,20000
2929,1600
2930,5800
2931,39000
2932,6700
2933,69000
2934,24000
2935,13000
2936,12000
2937,30000
2938,13000
2939,53000
2940,13000
2941,38000
2942,7900
2943,37000
2944,60000
2945,13000
2946,21000
2947,12000
2948,47000
2949,35000
2950,11000
2951,13000
2952,13000
2953,31000
2954,18000
2955,53000
2956,23000
2957,42000
2958,12000
2959,9100
2960,4800
2961,69000
2962,20000
2963,35000
2964,12000
2965,13000
2966,13000
2967,31000
2968,18000
2969,19000
2970,12000
2971,12000
2972,32000
2973,50000
2974,30000
2975,27000
2976,63000
2977,12000
2978,15000
2979,35000
2980,26000
2981,37000
2982,13000
2983,11000
2984,10000
2985,65000
2986,43000
2987,8100
2988,14000
2989,59000
2990,12000
2991,40000
2992,57000
2993,720
2994,1800
2995,67000
2996,13000
2997,41000
2998,12000
2999,8700
3000,31000
3001,53000
3002,58000
3003,54000
3004,13000
3005,13000
3006,8400
3007,12000
3008,19000
3009,21000
3010,4000
3011,14000
3012,13000
3013,57000
3014,12000
3015,13000
3016,9500
3017,46000
3018,12000
3019,39000
3020,20000
3021,120
3022,36000
3023,34000
3024,6600
3025,32000
3026,6100
3027,43000
3028,6600
3029,26000
3030,13000
3031,29000
3032,9200
3033,12000
3034,26000
3035,7800
3036,31000
3037,20000
3038,23000
3039,6900
3040,13000
3041,14000
3042,12000
3043,26000
3044,30000
3045,42000
3046,69000
3047,50000
3048,69000
3049,33000
3050,12000
3051,22000
3052,35000
3053,13000
3054,13000
3055,12000
3056,44000
3057,56000
3058,13000
3059,69000
3060,23000
3061,49000
3062,10000
3063,12000
3064,33000
3065,58000
3066,8900
3067,12000
3068,9100
3069,59000
3070,63000
3071,33000
3072,19000
3073,51000
3074,28000
3075,11000
3076,13000
3077,15000
3078,12000
3079,27000
3080,13000
3081,32000
3082,69000
3083,49000
3084,50000
3085,3100
3086,21000
3087,14000
3088,62000
3089,61000
3090,63000
3091,46000
3092,18000
3093,6200
3094,26000
3095,31000
3096,12000
3097,13000
3098,63000
3099,19000
3100,13000
3101,8300
3102,48000
3103,55000
3104,38000
3105,13000
3106,13000
3107,29000
3108,12000
3109,41000
3110,13000
3111,49000
3112,55000
3113,13000
3114,9900
3115,4600
3116,31000
3117,21000
3118,40000
3119,43000
3120,23000
3121,35000
3122,24000
3123,42000
3124,12000
3125,21000
3126,49000
3127,23000
3128,20000
3129,24000
3130,13000
3131,16000
3132,55000
3133,51000
3134,36000
3135,13000
3136,5800
3137,24000
3138,69000
3139,28000
3140,25000
3141,43000
3142,17000
3143,12000
3144,64000
3145,31000
3146,12000
3147,36000
3148,13000
3149,12000
3150,13000
3151,29000
3152,12000
3153,13000
3154,32000
3155,12000
3156,26000
3157,12000
3158,13000
3159,20000
3160,48000
3161,8600
3162,23000
3163,69000
3164,48000
3165,11000
3166,58000
3167,51000
3168,1100
3169,4800
3170,12000
3171,13000
3172,16000
3173,13000
3174,42000
3175,44000
3176,25000
3177,12000
3178,68000
3179,63000
3180,28000
3181,33000
3182,13000
3183,33000
3184,4400
3185,51000
3186,20000
3187,12000
3188,12000
3189,20000
3190,32000
3191,13000
3192,49000
3193,12000
3194,17000
3195,7000
3196,40000
3197,13000
3198,16000
3199,44000
3200,49000
3201,14000
3202,14000
3203,20000
3204,12000
3205,5600
3206,63000
3207,42000
3208,12000
3209,13000
3210,21000
3211,34000
3212,5300
3213,32000
3214,26000
3215,15000
3216,29000
3217,12000
3218,12000
3219,7000
3220,4200
3221,4300
3222,17000
3223,7600
3224,6200
3225,28000
3226,4700
3227,13000
3228,15000
3229,69000
3230,12000
3231,12000
3232,27000
3233,25000
3234,52000
3235,22000
3236,41000
3237,15000
3238,6200
3239,50000
3240,22000
3241,25000
3242,14000
3243,13000
3244,29000
3245,12000
3246,24000
3247,12000
3248,13000
3249,4100
3250,17000
3251,5500
3252,13000
3253,45000
3254,69000
3255,12000
3256,35000
3257,12000
3258,23000
3259,61000
3260,48000
3261,12000
3262,16000
3263,8300
3264,13000
3265,69000
3266,4600
3267,16000
3268,57000
3269,33000
3270,25000
3271,12000
3272,12000
3273,66000
3274,19000
3275,12000
3276,52000
3277,27000
3278,22000
3279,13000
3280,23000
3281,16000
3282,4400
3283,47000
3284,12000
3285,14000
3286,24000
3287,42000
3288,11000
3289,12000
3290,69000
3291,19000
3292,50000
3293,25000
3294,24000
3295,9200
3296,25000
3297,69000
3298,12000
3299,27000
3300,13000
3301,45000
3302,12000
3303,48000
3304,13000
3305,19000
3306,7700
3307,15000
3308,9500
3309,13000
3310,18000
3311,26000
3312,13000
3313,5000
3314,12000
3315,29000
3316,13000
3317,21000
3318,68000
3319,9900
3320,22000
3321,49000
3322,51000
3323,13000
3324,53000
3325,49000
3326,19000
3327,30000
3328,51000
3329,14000
3330,29000
3331,8100
3332,14000
3333,5800
3334,17000
3335,12000
3336,12000
3337,44000
3338,32000
3339,39000
3340,16000
3341,12000
3342,8300
3343,33000
3344,12000
3345,57000
3346,35000
3347,12000
3348,25000
3349,12000
3350,14000
3351,9100
3352,12000
3353,6500
3354,12000
3355,10000
3356,15000
3357,42000
3358,6000
3359,10000
3360,35000
3361,5300
3362,25000
3363,25000
3364,27000
3365,38000
3366,30000
3367,13000
3368,20000
3369,21000
3370,7400
3371,13000
3372,12000
3373,29000
3374,17000
3375,47000
3376,13000
3377,50000
3378,5400
3379,12000
3380,18000
3381,5400
3382,5400
3383,5600
3384,69000
3385,28000
3386,9300
3387,69000
3388,19000
3389,12000
3390,69000
3391,10000
3392,22000
3393,25000
3394,5100
3395,22000
3396,40000
3397,18000
3398,22000
3399,12000
3400,13000
3401,11000
3402,23000
3403,14000
3404,49000
3405,51000
3406,38000
3407,13000
3408,41000
3409,43000
3410,12000
3411,32000
3412,30000
3413,69000
3414,31000
3415,69000
3416,14000
3417,69000
3418,21000
3419,40000
3420,12000
3421,13000
3422,4600
3423,22000
3424,47000
3425,17000
3426,26000
3427,9200
3428,29000
3429,36000
3430,2800
3431,23000
3432,16000
3433,42000
3434,38000
3435,5600
3436,31000
3437,4200
3438,13000
3439,38000
3440,13000
3441,33000
3442,13000
3443,14000
3444,22000
3445,69000
3446,57000
3447,7800
3448,26000
3449,11000
3450,38000
3451,16000
3452,57000
3453,31000
3454,53000
3455,13000
3456,7500
3457,12000
3458,28000
3459,9200
3460,26000
3461,13000
3462,48000
3463,32000
3464,14000
3465,41000
3466,29000
3467,13000
3468,9800
3469,770
3470,6100
3471,17000
3472,13000
3473,12000
3474,37000
3475,31000
3476,44000
3477,67000
3478,69000
3479,53000
3480,27000
3481,12000
3482,29000
3483,13000
3484,23000
3485,41000
3486,12000
3487,7300
3488,20000
3489,4800
3490,23000
3491,23000
3492,69000
3493,57000
3494,13000
3495,22000
3496,12000
3497,4300
3498,66000
3499,15000
3500,28000
3501,51000
3502,52000
3503,8600
3504,41000
3505,69000
3506,12000
3507,12000
3508,17000
3509,33000
3510,14000
3511,7400
3512,22000
3513,12000
3514,25000
3515,12000
3516,63000
3517,63000
3518,5200
3519,12000
3520,69000
3521,15000
3522,50000
3523,12000
3524,7300
3525,69000
3526,13000
3527,12000
3528,12000
3529,12000
3530,6400
3531,12000
3532,26000
3533,33000
3534,6300
3535,12000
3536,6100
3537,12000
3538,44000
3539,56000
3540,8300
3541,11000
3542,51000
3543,11000
3544,19000
3545,28000
3546,25000
3547,13000
3548,13000
3549,41000
3550,69000
3551,51000
3552,700
3553,38000
3554,65000
3555,35000
3556,49000
3557,26000
3558,13000
3559,55000
3560,42000
3561,11000
3562,48000
3563,12000
3564,29000
3565,32000
3566,22000
3567,52000
3568,13000
3569,8400
3570,27000
3571,32000
3572,53000
3573,23000
3574,47000
3575,3700
3576,39000
3577,49000
3578,4900
3579,28000
3580,23000
3581,61000
3582,23000
3583,5300
3584,53000
3585,10000
3586,14000
3587,12000
3588,7900
3589,43000
3590,2100
3591,13000
3592,2500
3593,6600
3594,5900
3595,52000
3596,13000
3597,13000
3598,12000
3599,8400
3600,29000
3601,700
3602,35000
3603,30000
3604,22000
3605,12000
3606,49000
3607,3900
3608,1900
3609,50000
3610,12000
3611,12000
3612,14000
3613,25000
3614,12000
3615,12000
3616,24000
3617,12000
3618,28000
3619,69000
3620,8900
3621,24000
3622,49000
3623,12000
3624,43000
3625,51000
3626,20000
3627,6300
3628,29000
3629,13000
3630,13000
3631,47000
3632,13000
3633,50000
3634,12000
3635,50000
3636,12000
3637,6400
3638,13000
3639,16000
3640,13000
3641,33000
3642,58000
3643,21000
3644,69000
3645,20000
3646,48000
3647,46000
3648,58000
3649,24000
3650,14000
3651,49000
3652,63000
3653,13000
3654,12000
3655,21000
3656,44000
3657,16000
3658,12000
3659,58000
3660,26000
3661,12000
3662,35000
3663,21000
3664,43000
3665,13000
3666,11000
3667,56000
3668,29000
3669,16000
3670,10000
3671,47000
3672,13000
3673,34000
3674,8500
3675,12000
3676,43000
3677,13000
3678,22000
3679,17000
3680,11000
3681,10000
3682,42000
3683,12000
3684,51000
3685,51000
3686,12000
3687,53000
3688,24000
3689,51000
3690,12000
3691,27000
3692,69000
3693,27000
3694,20000
3695,57000
3696,39000
3697,69000
3698,44000
3699,21000
3700,29000
3701,33000
3702,10000
3703,14000
3704,19000
3705,69000
3706,13000
3707,64000
3708,13000
3709,12000
3710,13000
3711,44000
3712,30000
3713,13000
3714,7800
3715,5000
3716,24000
3717,21000
3718,44000
3719,51000
3720,1300
3721,12000
3722,13000
3723,55000
3724,44000
3725,14000
3726,39000
3727,13000
3728,2200
3729,13000
3730,9400
3731,13000
3732,9900
3733,9200
3734,29000
3735,12000
3736,25000
3737,22000
3738,13000
3739,36000
3740,7000
3741,20000
3742,47000
3743,30000
3744,46000
3745,12000
3746,31000
3747,18000
3748,29000
3749,12000
3750,16000
3751,24000
3752,29000
3753,21000
3754,11000
3755,13000
3756,35000
3757,39000
3758,33000
3759,44000
3760,3300
3761,44000
3762,15000
3763,30000
3764,13000
3765,69000
3766,12000
3767,45000
3768,18000
3769,17000
3770,41000
3771,12000
3772,12000
3773,28000
3774,45000
3775,31000
3776,69000
3777,28000
3778,13000
3779,35000
3780,50000
3781,14000
3782,6600
3783,20000
3784,58000
3785,19000
3786,43000
3787,12000
3788,46000
3789,60000
3790,8800
3791,12000
3792,12000
3793,63000
3794,24000
3795,42000
3796,28000
3797,12000
3798,33000
3799,40000
3800,34000
3801,41000
3802,7300
3803,50000
3804,31000
3805,12000
3806,32000
3807,7000
3808,44000
3809,33000
3810,12000
3811,13000
3812,57000
3813,42000
3814,7400
3815,63000
3816,45000
3817,15000
3818,28000
3819,3700
3820,28000
3821,13000
3822,36000
3823,12000
3824,12000
3825,28000
3826,18000
3827,22000
3828,42000
3829,13000
3830,18000
3831,13000
3832,5800
3833,12000
3834,13000
3835,4200
3836,22000
3837,17000
3838,17000
3839,12000
3840,13000
3841,20000
3842,22000
3843,13000
3844,43000
3845,35000
3846,59000
3847,12000
3848,12000
3849,28000
3850,19000
3851,42000
3852,13000
3853,22000
3854,12000
3855,33000
3856,820
3857,48000
3858,13000
3859,13000
3860,12000
3861,13000
3862,13000
3863,21000
3864,13000
3865,52000
3866,43000
3867,29000
3868,52000
3869,13000
3870,13000
3871,16000
3872,13000
3873,8500
3874,20000
3875,4400
3876,69000
3877,9500
3878,30000
3879,25000
3880,8200
3881,45000
3882,60000
3883,1200
3884,12000
3885,28000
3886,14000
3887,48000
3888,29000
3889,13000
3890,37000
3891,30000
3892,69000
3893,25000
3894,12000
3895,24000
3896,12000
3897,47000
3898,5800
3899,39000
3900,12000
3901,16000
3902,32000
3903,69000
3904,42000
3905,12000
3906,22000
3907,1600
3908,43000
3909,13000
3910,45000
3911,26000
3912,13000
3913,29000
3914,69000
3915,44000
3916,22000
3917,12000
3918,13000
3919,26000
3920,13000
3921,51000
3922,23000
3923,30000
3924,62000
3925,32000
3926,13000
3927,19000
3928,38000
3929,5600
3930,5100
3931,12000
3932,13000
3933,32000
3934,12000
3935,7700
3936,53000
3937,64000
3938,33000
3939,12000
3940,13000
3941,13000
3942,3000
3943,3800
3944,12000
3945,9300
3946,59000
3947,25000
3948,210
3949,44000
3950,14000
3951,12000
3952,12000
3953,3000
3954,39000
3955,66000
3956,6400
3957,12000
3958,12000
3959,17000
3960,12000
3961,13000
3962,52000
3963,24000
3964,15000
3965,11000
3966,26000
3967,31000
3968,5400
3969,4400
3970,23000
3971,33000
3972,52000
3973,27000
3974,19000
3975,26000
3976,40000
3977,13000
3978,12000
3979,3000
3980,42000
3981,27000
3982,9700
3983,30000
3984,14000
3985,39000
3986,2300
3987,37000
3988,13000
3989,34000
3990,8500
3991,45000
3992,5100
3993,940
3994,37000
3995,35000
3996,17000
3997,14000
3998,22000
3999,52000
4000,39000
4001,25000
4002,14000
4003,21000
4004,15000
4005,940
4006,13000
4007,46000
4008,69000
4009,39000
4010,26000
4011,6700
4012,13000
4013,13000
4014,9900
4015,23000
4016,56000
4017,12000
4018,20000
4019,43000
4020,22000
4021,12000
4022,13000
4023,13000
4024,62000
4025,66000
4026,9400
4027,20000
4028,29000
4029,12000
4030,35000
4031,6500
4032,44000
4033,12000
4034,13000
4035,13000
4036,34000
4037,15000
4038,13000
4039,13000
4040,52000
4041,11000
4042,15000
4043,42000
4044,21000
4045,34000
4046,33000
4047,13000
4048,13000
4049,12000
4050,34000
4051,19000
4052,50000
4053,13000
4054,22000
4055,13000
4056,52000
4057,3300
4058,6700
4059,40000
4060,33000
4061,19000
4062,14000
4063,13000
4064,5000
4065,38000
4066,14000
4067,47000
4068,45000
4069,14000
4070,54000
4071,38000
4072,44000
4073,12000
4074,40000
4075,6100
4076,2000
4077,28000
4078,32000
4079,31000
4080,21000
4081,47000
4082,69000
4083,16000
4084,57000
4085,59000
4086,67000
4087,12000
4088,43000
4089,44000
4090,13000
4091,6900
4092,4400
4093,13000
4094,9600
4095,69000
4096,47000
4097,13000
4098,12000
4099,46000
4100,11000
4101,53000
4102,45000
4103,33000
4104,64000
4105,22000
4106,62000
4107,46000
4108,69000
4109,45000
4110,14000
4111,12000
4112,13000
4113,8200
4114,57000
4115,12000
4116,28000
4117,37000
4118,14000
4119,34000
4120,40000
4121,69000
4122,4700
4123,18000
4124,13000
4125,7400
4126,27000
4127,12000
4128,17000
4129,12000
4130,12000
4131,59000
4132,69000
4133,32000
4134,12000
4135,64000
4136,17000
4137,12000
4138,53000
4139,41000
4140,27000
4141,33000
4142,9900
4143,33000
4144,5100
4145,69000
4146,48000
4147,39000
4148,51000
4149,14000
4150,7800
4151,35000
4152,11000
4153,27000
4154,2400
4155,22000
4156,13000
4157,9600
4158,12000
4159,38000
4160,8000
4161,69000
4162,27000
4163,69000
4164,13000
4165,12000
4166,14000
4167,15000
4168,35000
4169,14000
4170,12000
4171,17000
4172,12000
4173,42000
4174,36000
4175,39000
4176,11000
4177,25000
4178,5300
4179,13000
4180,63000
4181,2500
4182,69000
4183,12000
4184,12000
4185,13000
4186,16000
4187,24000
4188,13000
4189,9300
4190,22000
4191,58000
4192,8700
4193,13000
4194,35000
4195,24000
4196,12000
4197,13000
4198,6900
4199,12000
4200,2500
4201,38000
4202,48000
4203,40000
4204,12000
4205,15000
4206,8700
4207,48000
4208,22000
4209,33000
4210,12000
4211,13000
4212,12000
4213,12000
4214,55000
4215,5900
4216,69000
4217,13000
4218,5400
4219,12000
4220,19000
4221,8100
4222,39000
4223,4100
4224,34000
4225,28000
4226,34000
4227,13000
4228,13000
4229,13000
4230,12000
4231,32000
4232,7300
4233,23000
4234,69000
4235,7800
4236,4400
4237,59000
4238,33000
4239,49000
4240,12000
4241,69000
4242,58000
4243,14000
4244,12000
4245,12000
4246,22000
4247,42000
4248,12000
4249,13000
4250,25000
4251,5700
4252,37000
4253,21000
4254,51000
4255,13000
4256,12000
4257,69000
4258,37000
4259,18000
4260,21000
4261,15000
4262,31000
4263,12000
4264,13000
4265,20000
4266,12000
4267,60000
4268,4700
4269,57000
4270,14000
4271,33000
4272,25000
4273,17000
4274,12000
4275,12000
4276,32000
4277,69000
4278,22000
4279,13000
4280,62000
4281,22000
4282,36000
4283,36000
4284,41000
4285,12000
4286,13000
4287,68000
4288,24000
4289,52000
4290,21000
4291,16000
4292,12000
4293,20000
4294,12000
4295,47000
4296,2300
4297,33000
4298,8300
4299,4600
4300,13000
4301,24000
4302,16000
4303,17000
4304,23000
4305,12000
4306,17000
4307,66000
4308,11000
4309,4300
4310,40000
4311,46000
4312,27000
4313,7800
4314,31000
4315,18000
4316,14000
4317,12000
4318,35000
4319,61000
4320,55000
4321,12000
4322,41000
4323,29000
4324,12000
4325,13000
4326,14000
4327,12000
4328,12000
4329,38000
4330,9800
4331,12000
4332,12000
4333,64000
4334,31000
4335,30000
4336,55000
4337,25000
4338,10000
4339,28000
4340,13000
4341,36000
4342,13000
4343,13000
4344,12000
4345,6700
4346,13000
4347,12000
4348,13000
4349,45000
4350,12000
4351,29000
4352,12000
4353,13000
4354,65000
4355,12000
4356,12000
4357,12000
4358,7300
4359,35000
4360,13000
4361,37000
4362,36000
4363,27000
4364,9100
4365,9500
4366,12000
4367,7800
4368,36000
4369,34000
4370,41000
4371,12000
4372,32000
4373,23000
4374,13000
4375,14000
4376,12000
4377,32000
4378,21000
4379,7400
4380,6900
4381,11000
4382,23000
4383,30000
4384,21000
4385,23000
4386,42000
4387,29000
4388,18000
4389,69000
4390,13000
4391,4300
4392,26000
4393,69000
4394,12000
4395,5600
4396,17000
4397,23000
4398,21000
4399,18000
4400,42000
4401,12000
4402,53000
4403,42000
4404,1800
4405,12000
4406,32000
4407,30000
4408,12000
4409,15000
4410,5400
4411,16000
4412,13000
4413,32000
4414,59000
4415,29000
4416,33000
4417,36000
4418,28000
4419,16000
4420,28000
4421,13000
4422,39000
4423,15000
4424,12000
4425,12000
4426,18000
4427,12000
4428,19000
4429,7900
4430,27000
4431,13000
4432,10000
4433,33000
4434,27000
4435,16000
4436,69000
4437,42000
4438,41000
4439,30000
4440,44000
4441,12000
4442,13000
4443,53000
4444,44000
4445,29000
4446,13000
4447,50000
4448,26000
4449,1700
4450,62000
4451,13000
4452,52000
4453,37000
4454,7800
4455,43000
4456,12000
4457,25000
4458,24000
4459,13000
4460,31000
4461,48000
4462,14000
4463,12000
4464,9600
4465,22000
4466,69000
4467,61000
4468,23000
4469,12000
4470,23000
4471,48000
4472,69000
4473,24000
4474,10000
4475,18000
4476,35000
4477,44000
4478,12000
4479,42000
4480,56000
4481,21000
4482,25000
4483,14000
4484,21000
4485,35000
4486,12000
4487,16000
4488,5600
4489,15000
4490,12000
4491,32000
4492,18000
4493,54000
4494,19000
4495,26000
4496,43000
4497,22000
4498,38000
4499,10000
4500,67000
4501,14000
4502,7500
4503,13000
4504,35000
4505,12000
4506,32000
4507,12000
4508,17000
4509,24000
4510,18000
4511,57000
4512,20000
4513,16000
4514,25000
4515,41000
4516,32000
4517,40000
4518,17000
4519,13000
4520,44000
4521,32000
4522,11000
4523,12000
4524,17000
4525,31000
4526,13000
4527,13000
4528,26000
4529,8300
4530,22000
4531,39000
4532,10000
4533,41000
4534,3100
4535,14000
4536,13000
4537,18000
4538,31000
4539,13000
4540,27000
4541,27000
4542,29000
4543,26000
4544,49000
4545,1800
4546,12000
4547,34000
4548,6600
4549,12000
4550,5700
4551,12000
4552,13000
4553,31000
4554,57000
4555,23000
4556,44000
4557,20000
4558,34000
4559,40000
4560,13000
4561,33000
4562,64000
4563,17000
4564,48000
4565,26000
4566,2300
4567,22000
4568,8500
4569,13000
4570,33000
4571,12000
4572,69000
4573,46000
4574,69000
4575,13000
4576,6300
4577,22000
4578,69000
4579,13000
4580,5700
4581,18000
4582,12000
4583,9300
4584,52000
4585,12000
4586,18000
4587,12000
4588,44000
4589,21000
4590,12000
4591,28000
4592,12000
4593,6600
4594,18000
4595,60000
4596,12000
4597,52000
4598,12000
4599,27000
4600,18000
4601,2600
4602,16000
4603,63000
4604,46000
4605,39000
4606,12000
4607,36000
4608,30000
4609,12000
4610,21000
4611,12000
4612,12000
4613,15000
4614,31000
4615,20000
4616,38000
4617,54000
4618,24000
4619,4300
4620,59000
4621,13000
4622,3300
4623,12000
4624,32000
4625,13000
4626,14000
4627,38000
4628,29000
4629,16000
4630,36000
4631,18000
4632,43000
4633,37000
4634,13000
4635,15000
4636,12000
4637,25000
4638,10000
4639,47000
4640,42000
4641,5500
4642,11000
4643,13000
4644,22000
4645,31000
4646,11000
4647,10000
4648,13000
4649,32000
4650,28000
4651,43000
4652,19000
4653,12000
4654,32000
4655,7300
4656,19000
4657,55000
4658,26000
4659,12000
4660,55000
4661,52000
4662,27000
4663,12000
4664,28000
4665,21000
4666,43000
4667,12000
4668,35000
4669,12000
4670,8000
4671,31000
4672,54000
4673,6100
4674,10000
4675,13000
4676,34000
4677,29000
4678,5900
4679,45000
4680,12000
4681,62000
4682,5400
4683,6100
4684,12000
4685,26000
4686,13000
4687,35000
4688,13000
4689,12000
4690,1900
4691,13000
4692,4700
4693,49000
4694,51000
4695,22000
4696,35000
4697,36000
4698,41000
4699,37000
4700,28000
4701,12000
4702,13000
4703,13000
4704,32000
4705,12000
4706,61000
4707,26000
4708,14000
4709,12000
4710,12000
4711,42000
4712,58000
4713,12000
4714,34000
4715,12000
4716,8500
4717,20000
4718,32000
4719,18000
4720,12000
4721,69000
4722,12000
4723,12000
4724,22000
4725,11000
4726,3300
4727,5900
4728,21000
4729,13000
4730,12000
4731,15000
4732,5900
4733,34000
4734,28000
4735,48000
4736,22000
4737,69000
4738,41000
4739,7600
4740,31000
4741,12000
4742,55000
4743,30000
4744,32000
4745,13000
4746,3700
4747,29000
4748,14000
4749,38000
4750,61000
4751,48000
4752,30000
4753,28000
4754,43000
4755,46000
4756,34000
4757,20000
4758,49000
4759,20000
4760,12000
4761,4800
4762,69000
4763,8700
4764,31000
4765,6400
4766,28000
4767,22000
4768,56000
4769,10000
4770,25000
4771,21000
4772,13000
4773,8900
4774,13000
4775,33000
4776,20000
4777,12000
4778,11000
4779,25000
4780,47000
4781,13000
4782,52000
4783,59000
4784,12000
4785,25000
4786,50000
4787,69000
4788,35000
4789,13000
4790,12000
4791,12000
4792,19000
4793,32000
4794,35000
4795,41000
4796,24000
4797,27000
4798,24000
4799,69000
4800,19000
4801,42000
4802,20000
4803,25000
4804,31000
4805,11000
4806,69000
4807,9600
4808,12000
4809,30000
4810,11000
4811,37000
4812,11000
4813,8600
4814,13000
4815,43000
4816,13000
4817,30000
4818,13000
4819,29000
4820,5800
4821,52000
4822,34000
4823,22000
4824,41000
4825,13000
4826,12000
4827,23000
4828,13000
4829,37000
4830,38000
4831,7400
4832,18000
4833,13000
4834,27000
4835,12000
4836,37000
4837,24000
4838,69000
4839,13000
4840,63000
4841,31000
4842,15000
4843,25000
4844,51000
4845,12000
4846,13000
4847,8100
4848,8100
4849,25000
4850,52000
4851,10000
4852,25000
4853,6600
4854,50000
4855,13000
4856,22000
4857,13000
4858,13000
4859,12000
4860,25000
4861,19000
4862,45000
4863,29000
4864,16000
4865,13000
4866,14000
4867,61000
4868,49000
4869,13000
4870,14000
4871,13000
4872,11000
4873,12000
4874,7800
4875,12000
4876,4400
4877,62000
4878,37000
4879,69000
4880,10000
4881,69000
4882,2200
4883,10000
4884,50000
4885,48000
4886,49000
4887,61000
4888,38000
4889,15000
4890,27000
4891,6300
4892,40000
4893,28000
4894,13000
4895,33000
4896,12000
4897,22000
4898,3100
4899,13000
4900,45000
4901,13000
4902,12000
4903,69000
4904,13000
4905,16000
4906,13000
4907,18000
4908,12000
4909,13000
4910,18000
4911,18000
4912,29000
4913,13000
4914,13000
4915,16000
4916,35000
4917,30000
4918,38000
4919,2100
4920,9800
4921,69000
4922,39000
4923,32000
4924,16000
4925,6700
4926,17000
4927,13000
4928,14000
4929,12000
4930,12000
4931,3300
4932,69000
4933,25000
4934,59000
4935,36000
4936,27000
4937,38000
4938,13000
4939,55000
4940,69000
4941,27000
4942,8400
4943,11000
4944,3000
4945,57000
4946,27000
4947,13000
4948,38000
4949,13000
4950,3000
4951,19000
4952,50000
4953,50000
4954,58000
4955,13000
4956,12000
4957,12000
4958,42000
4959,26000
4960,17000
4961,6700
4962,31000
4963,52000
4964,50000
4965,13000
4966,30000
4967,41000
4968,25000
4969,41000
4970,23000
4971,69000
4972,29000
4973,8000
4974,12000
4975,2000
4976,4500
4977,11000
4978,13000
4979,49000
4980,23000
4981,31000
4982,29000
4983,3800
4984,45000
4985,29000
4986,17000
4987,13000
4988,42000
4989,25000
4990,50000
4991,54000
4992,21000
4993,49000
4994,3800
4995,34000
4996,12000
4997,15000
4998,25000
4999,15000
5000,12000
5001,35000
5002,52000
5003,69000
5004,12000
5005,49000
5006,12000
5007,31000
5008,18000
5009,32000
5010,22000
5011,58000
5012,9500
5013,24000
5014,11000
5015,44000
5016,13000
5017,69000
5018,13000
5019,12000
5020,45000
5021,69000
5022,22000
5023,69000
5024,5500
5025,49000
5026,12000
5027,15000
5028,13000
5029,69000
5030,39000
5031,47000
5032,65000
5033,29000
5034,15000
5035,6900
5036,8300
5037,6700
5038,28000
5039,5100
5040,37000
5041,8300
5042,25000
5043,12000
5044,13000
5045,14000
5046,9900
5047,13000
5048,4900
5049,790
5050,50000
5051,15000
5052,28000
5053,17000
5054,31000
5055,64000
5056,12000
5057,38000
5058,38000
5059,13000
5060,12000
5061,6700
5062,13000
5063,17000
5064,22000
5065,60000
5066,12000
5067,27000
5068,16000
5069,8000
5070,38000
5071,38000
5072,15000
5073,26000
5074,28000
5075,44000
5076,13000
5077,36000
5078,12000
5079,8900
5080,12000
5081,7500
5082,69000
5083,14000
5084,18000
5085,11000
5086,17000
5087,32000
5088,20000
5089,4800
5090,12000
5091,66000
5092,41000
5093,21000
5094,15000
5095,13000
5096,25000
5097,69000
5098,19000
5099,12000
5100,33000
5101,1100
5102,26000
5103,20000
5104,13000
5105,12000
5106,13000
5107,69000
5108,13000
5109,18000
5110,18000
5111,38000
5112,38000
5113,13000
5114,57000
5115,25000
5116,38000
5117,13000
5118,6200
5119,14000
5120,50000
5121,19000
5122,11000
5123,12000
5124,6900
5125,17000
5126,22000
5127,13000
5128,12000
5129,13000
5130,25000
5131,13000
5132,24000
5133,37000
5134,13000
5135,11000
5136,31000
5137,66000
5138,13000
5139,13000
5140,11000
5141,50000
5142,15000
5143,69000
5144,19000
5145,29000
5146,17000
5147,46000
5148,13000
5149,19000
5150,13000
5151,69000
5152,6500
5153,39000
5154,36000
5155,49000
5156,11000
5157,13000
5158,13000
5159,5200
5160,13000
5161,44000
5162,34000
5163,30000
5164,13000
5165,24000
5166,13000
5167,13000
5168,9600
5169,63000
5170,12000
5171,25000
5172,25000
5173,12000
5174,17000
5175,56000
5176,69000
5177,28000
5178,25000
5179,8700
5180,52000
5181,12000
5182,50000
5183,5900
5184,13000
5185,44000
5186,3900
5187,36000
5188,20000
5189,42000
5190,26000
5191,9700
5192,46000
5193,49000
5194,13000
5195,5600
5196,41000
5197,13000
5198,12000
5199,30000
5200,50000
5201,27000
5202,30000
5203,28000
5204,56000
5205,13000
5206,57000
5207,17000
5208,18000
5209,1400
5210,31000
5211,11000
5212,12000
5213,45000
5214,44000
5215,5500
5216,69000
5217,5400
5218,62000
5219,12000
5220,13000
5221,52000
5222,41000
5223,29000
5224,48000
5225,59000
5226,37000
5227,20000
5228,29000
5229,42000
5230,15000
5231,44000
5232,13000
5233,58000
5234,57000
5235,12000
5236,17000
5237,13000
5238,12000
5239,66000
5240,26000
5241,10000
5242,31000
5243,1300
5244,40000
5245,6900
5246,8700
5247,13000
5248,5900
5249,52000
5250,41000
5251,17000
5252,12000
5253,14000
5254,32000
5255,13000
5256,65000
5257,12000
5258,2100
5259,66000
5260,9000
5261,28000
5262,16000
5263,69000
5264,3900
5265,47000
5266,43000
5267,26000
5268,30000
5269,27000
5270,49000
5271,19000
5272,17000
5273,39000
5274,7000
5275,12000
5276,44000
5277,56000
5278,13000
5279,31000
5280,21000
5281,19000
5282,3400
5283,36000
5284,15000
5285,30000
5286,32000
5287,8000
5288,47000
5289,12000
5290,18000
5291,48000
5292,53000
5293,66000
5294,6500
5295,46000
5296,69000
5297,44000
5298,69000
5299,38000
5300,5200
5301,15000
5302,8900
5303,12000
5304,27000
5305,63000
5306,38000
5307,19000
5308,22000
5309,39000
5310,23000
5311,50000
5312,20000
5313,11000
5314,8000
5315,5900
5316,30000
5317,1600
5318,13000
5319,4200
5320,12000
5321,22000
5322,69000
5323,16000
5324,13000
5325,53000
5326,47000
5327,11000
5328,13000
5329,64000
5330,12000
5331,17000
5332,27000
5333,24000
5334,14000
5335,20000
5336,13000
5337,39000
5338,69000
5339,18000
5340,10000
5341,19000
5342,12000
5343,48000
5344,27000
5345,12000
5346,51000
5347,13000
5348,41000
5349,69000
5350,9800
5351,38000
5352,31000
5353,37000
5354,32000
5355,8000
5356,8100
5357,2200
5358,28000
5359,33000
5360,35000
5361,29000
5362,4000
5363,39000
5364,52000
5365,15000
5366,13000
5367,55000
5368,19000
5369,13000
5370,69000
5371,32000
5372,43000
5373,13000
5374,62000
5375,20000
5376,11000
5377,52000
5378,45000
5379,58000
5380,52000
5381,26000
5382,7700
5383,16000
5384,3600
5385,32000
5386,47000
5387,42000
5388,13000
5389,14000
5390,12000
5391,38000
5392,13000
5393,13000
5394,20000
5395,12000
5396,26000
5397,45000
5398,9200
5399,19000
5400,12000
5401,13000
5402,9400
5403,28000
5404,49000
5405,57000
5406,43000
5407,20000
5408,52000
5409,22000
5410,10000
5411,8400
5412,13000
5413,41000
5414,38000
5415,16000
5416,13000
5417,13000
5418,11000
5419,32000
5420,40000
5421,31000
5422,69000
5423,13000
5424,65000
5425,13000
5426,40000
5427,7900
5428,11000
5429,28000
5430,45000
5431,41000
5432,31000
5433,12000
5434,37000
5435,38000
5436,43000
5437,34000
5438,6600
5439,4600
5440,13000
5441,39000
5442,12000
5443,69000
5444,8400
5445,7400
5446,47000
5447,54000
5448,3700
5449,12000
5450,51000
5451,69000
5452,2900
5453,12000
5454,28000
5455,30000
5456,34000
5457,12000
5458,13000
5459,13000
5460,19000
5461,36000
5462,12000
5463,24000
5464,22000
5465,12000
5466,13000
5467,58000
5468,69000
5469,45000
5470,12000
5471,4200
5472,25000
5473,36000
5474,12000
5475,49000
5476,37000
5477,69000
5478,55000
5479,12000
5480,27000
5481,29000
5482,7700
5483,13000
5484,31000
5485,12000
5486,12000
5487,28000
5488,5100
5489,47000
5490,27000
5491,14000
5492,13000
5493,27000
5494,20000
5495,13000
5496,13000
5497,13000
5498,69000
5499,69000
5500,64000
5501,13000
5502,41000
5503,33000
5504,13000
5505,27000
5506,7600
5507,8700
5508,66000
5509,13000
5510,28000
5511,22000
5512,4900
5513,52000
5514,20000
5515,33000
5516,13000
5517,13000
5518,16000
5519,12000
5520,44000
5521,7900
5522,29000
5523,34000
5524,10000
5525,13000
5526,38000
5527,3400
5528,25000
5529,51000
5530,13000
5531,47000
5532,32000
5533,57000
5534,14000
5535,12000
5536,20000
5537,16000
5538,12000
5539,25000
5540,12000
5541,58000
5542,69000
5543,27000
5544,28000
5545,21000
5546,7500
5547,22000
5548,44000
5549,33000
5550,18000
5551,9100
5552,13000
5553,69000
5554,13000
5555,28000
5556,13000
5557,30000
5558,12000
5559,46000
5560,12000
5561,29000
5562,35000
5563,17000
5564,6900
5565,21000
5566,13000
5567,22000
5568,32000
5569,12000
5570,15000
5571,35000
5572,12000
5573,11000
5574,13000
5575,35000
5576,69000
5577,12000
5578,10000
5579,12000
5580,14000
5581,10000
5582,13000
5583,8000
5584,13000
5585,19000
5586,5200
5587,13000
5588,4600
5589,37000
5590,18000
5591,12000
5592,49000
5593,13000
5594,7400
5595,12000
5596,20000
5597,13000
5598,23000
5599,63000
5600,19000
5601,53000
5602,5500
5603,23000
5604,46000
5605,25000
5606,12000
5607,4500
5608,31000
5609,17000
5610,35000
5611,34000
5612,31000
5613,12000
5614,19000
5615,15000
5616,43000
5617,8600
5618,13000
5619,69000
5620,3800
5621,21000
5622,28000
5623,26000
5624,13000
5625,57000
5626,6800
5627,1700
5628,2400
5629,67000
5630,58000
5631,12000
5632,69000
5633,21000
5634,61000
5635,27000
5636,12000
5637,29000
5638,23000
5639,13000
5640,5100
5641,12000
5642,12000
5643,13000
5644,6700
5645,11000
5646,37000
5647,57000
5648,22000
5649,13000
5650,69000
5651,27000
5652,17000
5653,2200
5654,21000
5655,33000
5656,10000
5657,69000
5658,35000
5659,25000
5660,40000
5661,13000
5662,57000
5663,63000
5664,12000
5665,16000
5666,47000
5667,52000
5668,16000
5669,6500
5670,9700
5671,50000
5672,12000
5673,17000
5674,68000
5675,42000
5676,39000
5677,32000
5678,12000
5679,13000
5680,60000
5681,15000
5682,32000
5683,14000
5684,53000
5685,3400
5686,12000
5687,28000
5688,57000
5689,38000
5690,8400
5691,60000
5692,52000
5693,69000
5694,69000
5695,14000
5696,13000
5697,13000
5698,32000
5699,69000
5700,42000
5701,25000
5702,12000
5703,5300
5704,42000
5705,17000
5706,36000
5707,6100
5708,35000
5709,28000
5710,20000
5711,13000
5712,28000
5713,39000
5714,360
5715,13000
5716,10000
5717,8400
5718,13000
5719,13000
5720,14000
5721,15000
5722,57000
5723,11000
5724,8400
5725,15000
5726,27000
5727,13000
5728,26000
5729,12000
5730,40000
5731,12000
5732,25000
5733,14000
5734,12000
5735,12000
5736,22000
5737,69000
5738,24000
5739,34000
5740,13000
5741,69000
5742,10000
5743,33000
5744,11000
5745,59000
5746,35000
5747,7800
5748,35000
5749,39000
5750,13000
5751,38000
5752,19000
5753,21000
5754,17000
5755,13000
5756,4400
5757,63000
5758,44000
5759,12000
5760,43000
5761,42000
5762,12000
5763,34000
5764,13000
5765,8800
5766,32000
5767,55000
5768,28000
5769,12000
5770,12000
5771,12000
5772,51000
5773,27000
5774,11000
5775,18000
5776,20000
5777,27000
5778,12000
5779,12000
5780,22000
5781,46000
5782,41000
5783,44000
5784,15000
5785,23000
5786,54000
5787,12000
5788,13000
5789,30000
5790,33000
5791,12000
5792,11000
5793,40000
5794,51000
5795,30000
5796,41000
5797,42000
5798,10000
5799,31000
5800,18000
5801,28000
5802,7100
5803,13000
5804,12000
5805,13000
5806,24000
5807,2500
5808,69000
5809,13000
5810,13000
5811,13000
5812,15000
5813,23000
5814,19000
5815,38000
5816,5500
5817,22000
5818,9100
5819,13000
5820,12000
5821,29000
5822,22000
5823,46000
5824,10000
5825,29000
5826,26000
5827,7300
5828,40000
5829,27000
5830,13000
5831,36000
5832,12000
5833,57000
5834,16000
5835,18000
5836,13000
5837,12000
5838,12000
5839,69000
5840,58000
5841,44000
5842,30000
5843,8400
5844,12000
5845,12000
5846,19000
5847,24000
5848,26000
5849,12000
5850,60000
5851,69000
5852,13000
5853,13000
5854,12000
5855,41000
5856,40000
5857,32000
5858,51000
5859,12000
5860,69000
5861,5100
5862,13000
5863,11000
5864,7100
5865,52000
5866,13000
5867,12000
5868,49000
5869,44000
5870,50000
5871,4200
5872,15000
5873,13000
5874,19000
5875,69000
5876,27000
5877,43000
5878,4500
5879,13000
5880,12000
5881,27000
5882,42000
5883,12000
5884,12000
5885,12000
5886,42000
5887,69000
5888,22000
5889,24000
5890,13000
5891,52000
5892,39000
5893,25000
5894,13000
5895,13000
5896,12000
5897,19000
5898,25000
5899,13000
5900,35000
5901,5300
5902,16000
5903,13000
5904,35000
5905,66000
5906,13000
5907,28000
5908,51000
5909,30000
5910,7900
5911,12000
5912,7000
5913,22000
5914,35000
5915,17000
5916,14000
5917,30000
5918,1600
5919,23000
5920,12000
5921,45000
5922,3800
5923,64000
5924,4800
5925,11000
5926,3000
5927,14000
5928,19000
5929,28000
5930,62000
5931,27000
5932,12000
5933,13000
5934,13000
5935,12000
5936,26000
5937,12000
5938,21000
5939,12000
5940,12000
5941,26000
5942,6100
5943,65000
5944,12000
5945,69000
5946,39000
5947,13000
5948,14000
5949,12000
5950,56000
5951,21000
5952,11000
5953,52000
5954,46000
5955,35000
5956,29000
5957,69000
5958,24000
5959,41000
5960,12000
5961,13000
5962,69000
5963,28000
5964,22000
5965,69000
5966,23000
5967,6700
5968,18000
5969,20000
5970,44000
5971,53000
5972,13000
5973,37000
5974,33000
5975,9900
5976,17000
5977,23000
5978,56000
5979,17000
5980,43000
5981,59000
5982,48000
5983,26000
5984,28000
5985,11000
5986,31000
5987,49000
5988,18000
5989,37000
5990,3800
5991,45000
5992,25000
5993,41000
5994,21000
5995,69000
5996,24000
5997,13000
5998,9900
5999,13000
6000,12000
6001,7300
6002,12000
6003,32000
6004,43000
6005,5500
6006,12000
6007,28000
6008,66000
6009,11000
6010,12000
6011,69000
6012,7600
6013,31000
6014,7100
6015,5600
6016,24000
6017,28000
6018,31000
6019,21000
6020,20000
6021,63000
6022,44000
6023,38000
6024,43000
6025,16000
6026,37000
6027,23000
6028,50000
6029,4300
6030,66000
6031,29000
6032,34000
6033,44000
6034,13000
6035,30000
6036,40000
6037,21000
6038,14000
6039,34000
6040,63000
6041,7700
6042,1900
6043,69000
6044,12000
6045,44000
6046,4100
6047,42000
6048,43000
6049,12000
6050,27000
6051,5500
6052,26000
6053,69000
6054,12000
6055,12000
6056,43000
6057,69000
6058,18000
6059,13000
6060,13000
6061,17000
6062,40000
6063,40000
6064,32000
6065,65000
6066,31000
6067,44000
6068,42000
6069,27000
6070,31000
6071,43000
6072,13000
6073,8000
6074,12000
6075,5600
6076,13000
6077,32000
6078,12000
6079,25000
6080,24000
6081,3100
6082,30000
6083,7300
6084,30000
6085,4200
6086,56000
6087,33000
6088,11000
6089,13000
6090,43000
6091,34000
6092,56000
6093,41000
6094,12000
6095,69000
6096,13000
6097,18000
6098,8000
6099,12000
6100,47000
6101,29000
6102,13000
6103,21000
6104,12000
6105,69000
6106,37000
6107,47000
6108,45000
6109,22000
6110,18000
6111,12000
6112,30000
6113,69000
6114,9700
6115,9000
6116,21000
6117,62000
6118,69000
6119,44000
6120,12000
6121,13000
6122,42000
6123,30000
6124,69000
6125,7000
6126,13000
6127,9300
6128,12000
6129,15000
6130,6500
6131,12000
6132,28000
6133,28000
6134,29000
6135,25000
6136,12000
6137,33000
6138,43000
6139,6000
6140,63000
6141,12000
6142,56000
6143,3600
6144,15000
6145,13000
6146,32000
6147,39000
6148,12000
6149,45000
6150,13000
6151,13000
6152,31000
6153,9200
6154,51000
6155,39000
6156,44000
6157,35000
6158,29000
6159,18000
6160,15000
6161,46000
6162,59000
6163,10000
6164,13000
6165,9300
6166,13000
6167,13000
6168,15000
6169,13000
6170,55000
6171,26000
6172,4900
6173,13000
6174,13000
6175,38000
6176,40000
6177,52000
6178,13000
6179,8700
6180,28000
6181,57000
6182,27000
6183,10000
6184,54000
6185,12000
6186,23000
6187,16000
6188,46000
6189,14000
6190,4700
6191,41000
6192,18000
6193,27000
6194,28000
6195,13000
6196,13000
6197,8700
6198,32000
6199,12000
6200,24000
6201,20000
6202,69000
6203,23000
6204,2000
6205,43000
6206,33000
6207,24000
6208,54000
6209,25000
6210,7600
6211,51000
6212,13000
6213,7900
6214,6700
6215,48000
6216,11000
6217,7800
6218,13000
6219,51000
6220,18000
6221,33000
6222,8700
6223,20000
6224,25000
6225,16000
6226,16000
6227,13000
6228,11000
6229,17000
6230,27000
6231,50000
6232,9800
6233,25000
6234,5700
6235,25000
6236,27000
6237,15000
6238,12000
6239,42000
6240,69000
6241,12000
6242,37000
6243,12000
6244,14000
6245,13000
6246,17000
6247,66000
6248,42000
6249,27000
6250,44000
6251,14000
6252,56000
6253,11000
6254,51000
6255,7600
6256,4500
6257,19000
6258,12000
6259,12000
6260,13000
6261,13000
6262,13000
6263,24000
6264,4900
6265,15000
6266,15000
6267,12000
6268,33000
6269,43000
6270,42000
6271,21000
6272,28000
6273,12000
6274,7000
6275,30000
6276,9400
6277,41000
6278,36000
6279,17000
6280,69000
6281,33000
6282,69000
6283,29000
6284,56000
6285,36000
6286,54000
6287,13000
6288,23000
6289,13000
6290,17000
6291,18000
6292,13000
6293,14000
6294,27000
6295,4500
6296,21000
6297,13000
6298,21000
6299,14000
6300,10000
6301,43000
6302,12000
6303,47000
6304,31000
6305,13000
6306,42000
6307,51000
6308,12000
6309,69000
6310,11000
6311,18000
6312,38000
6313,12000
6314,27000
6315,49000
6316,11000
6317,32000
6318,41000
6319,15000
6320,12000
6321,29000
6322,12000
6323,13000
6324,12000
6325,12000
6326,21000
6327,66000
6328,62000
6329,33000
6330,1200
6331,15000
6332,13000
6333,5500
6334,29000
6335,42000
6336,26000
6337,20000
6338,12000
6339,69000
6340,12000
6341,69000
6342,62000
6343,12000
6344,21000
6345,11000
6346,19000
6347,14000
6348,34000
6349,12000
6350,13000
6351,52000
6352,25000
6353,26000
6354,52000
6355,13000
6356,55000
6357,13000
6358,9100
6359,43000
6360,56000
6361,32000
6362,13000
6363,48000
6364,12000
6365,15000
6366,9400
6367,13000
6368,56000
6369,41000
6370,22000
6371,4500
6372,8000
6373,12000
6374,62000
6375,13000
6376,13000
6377,13000
6378,6700
6379,7700
6380,9100
6381,13000
6382,12000
6383,9500
6384,12000
6385,13000
6386,16000
6387,12000
6388,31000
6389,51000
6390,69000
6391,69000
6392,20000
6393,38000
6394,42000
6395,19000
6396,4700
6397,20000
6398,42000
6399,20000
6400,23000
6401,69000
6402,21000
6403,15000
6404,28000
6405,19000
6406,20000
6407,13000
6408,13000
6409,10000
6410,69000
6411,43000
6412,53000
6413,9300
6414,21000
6415,26000
6416,66000
6417,8900
6418,19000
6419,45000
6420,45000
6421,66000
6422,44000
6423,6700
6424,31000
6425,4000
6426,11000
6427,30000
6428,57000
6429,51000
6430,57000
6431,69000
6432,12000
6433,33000
6434,14000
6435,40000
6436,53000
6437,69000
6438,13000
6439,17000
6440,14000
6441,13000
6442,7300
6443,12000
6444,42000
6445,10000
6446,12000
6447,45000
6448,13000
6449,43000
6450,22000
6451,7300
6452,12000
6453,2300
6454,14000
6455,17000
6456,25000
6457,2900
6458,28000
6459,13000
6460,12000
6461,20000
6462,68000
6463,38000
6464,43000
6465,6100
6466,38000
6467,37000
6468,5100
6469,15000
6470,11000
6471,13000
6472,13000
6473,23000
6474,11000
6475,38000
6476,5600
6477,1900
6478,55000
6479,12000
6480,6500
6481,44000
6482,7600
6483,39000
6484,9200
6485,11000
6486,41000
6487,13000
6488,23000
6489,28000
6490,15000
6491,13000
6492,40000
6493,69000
6494,37000
6495,14000
6496,69000
6497,2600
6498,19000
6499,41000
6500,13000
6501,13000
6502,12000
6503,13000
6504,12000
6505,25000
6506,41000
6507,8400
6508,21000
6509,8800
6510,12000
6511,22000
6512,69000
6513,42000
6514,2600
6515,4500
6516,69000
6517,24000
6518,5700
6519,9200
6520,34000
6521,7600
6522,26000
6523,23000
6524,16000
6525,10000
6526,33000
6527,11000
6528,69000
6529,8700
6530,13000
6531,40000
6532,13000
6533,36000
6534,13000
6535,20000
6536,12000
6537,23000
6538,49000
6539,14000
6540,22000
6541,22000
6542,38000
6543,27000
6544,21000
6545,7100
6546,13000
6547,33000
6548,13000
6549,3000
6550,9100
6551,12000
6552,50000
6553,51000
6554,6900
6555,13000
6556,12000
6557,13000
6558,13000
6559,14000
6560,20000
6561,2800
6562,17000
6563,33000
6564,12000
6565,12000
6566,12000
6567,56000
6568,12000
6569,69000
6570,69000
6571,33000
6572,40000
6573,59000
6574,41000
6575,12000
6576,9200
6577,12000
6578,12000
6579,12000
6580,5000
6581,12000
6582,38000
6583,12000
6584,33000
6585,42000
6586,52000
6587,69000
6588,12000
6589,13000
6590,12000
6591,19000
6592,9200
6593,38000
6594,12000
6595,11000
6596,16000
6597,12000
6598,2900
6599,31000
6600,33000
6601,19000
6602,26000
6603,27000
6604,18000
6605,12000
6606,10000
6607,12000
6608,10000
6609,24000
6610,25000
6611,12000
6612,6100
6613,4000
6614,13000
6615,21000
6616,28000
6617,13000
6618,5100
6619,12000
6620,12000
6621,3500
6622,14000
6623,34000
6624,52000
6625,33000
6626,23000
6627,13000
6628,24000
6629,43000
6630,32000
6631,8100
6632,63000
6633,18000
6634,42000
6635,24000
6636,47000
6637,69000
6638,12000
6639,39000
6640,3000
6641,58000
6642,27000
6643,37000
6644,31000
6645,46000
6646,69000
6647,21000
6648,38000
6649,13000
6650,12000
6651,1500
6652,12000
6653,50000
6654,17000
6655,64000
6656,41000
6657,35000
6658,22000
6659,6400
6660,12000
6661,13000
6662,26000
6663,13000
6664,9800
6665,69000
6666,69000
6667,16000
6668,4900
6669,12000
6670,12000
6671,30000
6672,5900
6673,12000
6674,8500
6675,46000
6676,31000
6677,5200
6678,26000
6679,43000
6680,12000
6681,52000
6682,13000
6683,4200
6684,41000
6685,10000
6686,48000
6687,48000
6688,27000
6689,18000
6690,13000
6691,24000
6692,22000
6693,17000
6694,59000
6695,12000
6696,42000
6697,68000
6698,56000
6699,5700
6700,12000
6701,31000
6702,33000
6703,7800
6704,7800
6705,21000
6706,36000
6707,13000
6708,51000
6709,28000
6710,41000
6711,4100
6712,13000
6713,13000
6714,13000
6715,20000
6716,13000
6717,21000
6718,69000
6719,15000
6720,69000
6721,30000
6722,50000
6723,15000
6724,11000
6725,21000
6726,5300
6727,13000
6728,21000
6729,7300
6730,37000
6731,31000
6732,13000
6733,12000
6734,6300
6735,13000
6736,13000
6737,12000
6738,12000
6739,12000
6740,30000
6741,14000
6742,30000
6743,28000
6744,14000
6745,12000
6746,13000
6747,40000
6748,58000
6749,13000
6750,66000
6751,41000
6752,52000
6753,43000
6754,2200
6755,14000
6756,28000
6757,13000
6758,6200
6759,14000
6760,13000
6761,42000
6762,12000
6763,5500
6764,19000
6765,8900
6766,69000
6767,47000
6768,41000
6769,12000
6770,30000
6771,54000
6772,17000
6773,16000
6774,11000
6775,69000
6776,42000
6777,9600
6778,28000
6779,60000
6780,2500
6781,28000
6782,30000
6783,12000
6784,25000
6785,17000
6786,12000
6787,39000
6788,33000
6789,50000
6790,13000
6791,30000
6792,13000
6793,35000
6794,14000
6795,12000
6796,31000
6797,24000
6798,40000
6799,69000
6800,880
6801,24000
6802,29000
6803,13000
6804,13000
6805,11000
6806,68000
6807,19000
6808,40000
6809,12000
6810,20000
6811,21000
6812,13000
6813,34000
6814,12000
6815,69000
6816,12000
6817,49000
6818,51000
6819,39000
6820,24000
6821,43000
6822,7200
6823,26000
6824,61000
6825,9100
6826,14000
6827,55000
6828,58000
6829,22000
6830,13000
6831,17000
6832,35000
6833,39000
6834,10000
6835,12000
6836,13000
6837,6400
6838,43000
6839,41000
6840,41000
6841,7600
6842,23000
6843,34000
6844,13000
6845,60000
6846,28000
6847,28000
6848,31000
6849,20000
6850,17000
6851,37000
6852,25000
6853,13000
6854,43000
6855,14000
6856,49000
6857,69000
6858,14000
6859,28000
6860,61000
6861,13000
6862,13000
6863,12000
6864,21000
6865,55000
6866,69000
6867,44000
6868,12000
6869,25000
6870,49000
6871,35000
6872,23000
6873,44000
6874,12000
6875,1400
6876,33000
6877,1800
6878,55000
6879,27000
6880,59000
6881,12000
6882,25000
6883,12000
6884,13000
6885,10000
6886,4000
6887,12000
6888,13000
6889,16000
6890,14000
6891,21000
6892,34000
6893,62000
6894,52000
6895,12000
6896,12000
6897,14000
6898,27000
6899,5900
6900,53000
6901,12000
6902,23000
6903,12000
6904,41000
6905,38000
6906,300
6907,13000
6908,13000
6909,24000
6910,25000
6911,22000
6912,41000
6913,12000
6914,13000
6915,25000
6916,38000
6917,12000
6918,19000
6919,12000
6920,12000
6921,25000
6922,28000
6923,31000
6924,31000
6925,52000
6926,39000
6927,25000
6928,3400
6929,12000
6930,4400
6931,12000
6932,12000
6933,13000
6934,29000
6935,36000
6936,41000
6937,25000
6938,20000
6939,37000
6940,11000
6941,49000
6942,58000
6943,41000
6944,69000
6945,13000
6946,52000
6947,69000
6948,69000
6949,59000
6950,13000
6951,13000
6952,8000
6953,6300
6954,58000
6955,12000
6956,11000
6957,11000
6958,19000
6959,9700
6960,24000
6961,27000
6962,17000
6963,13000
6964,63000
6965,25000
6966,13000
6967,13000
6968,37000
6969,13000
6970,46000
6971,8700
6972,45000
6973,12000
6974,17000
6975,13000
6976,55000
6977,12000
6978,19000
6979,39000
6980,33000
6981,6400
6982,45000
6983,48000
6984,2700
6985,69000
6986,22000
6987,4300
6988,52000
6989,48000
6990,41000
6991,26000
6992,7400
6993,21000
6994,14000
6995,18000
6996,31000
6997,51000
6998,46000
6999,13000
7000,28000
7001,69000
7002,2200
7003,13000
7004,35000
7005,23000
7006,4900
7007,2000
7008,31000
7009,1200
7010,24000
7011,61000
7012,12000
7013,31000
7014,27000
7015,11000
7016,19000
7017,38000
7018,42000
7019,12000
7020,36000
7021,21000
7022,49000
7023,12000
7024,44000
7025,2900
7026,43000
7027,30000
7028,44000
7029,13000
7030,52000
7031,34000
7032,13000
7033,24000
7034,25000
7035,12000
7036,25000
7037,12000
7038,59000
7039,39000
7040,9100
7041,38000
7042,42000
7043,13000
7044,37000
7045,1900
7046,12000
7047,44000
7048,23000
7049,35000
7050,30000
7051,32000
7052,5400
7053,18000
7054,5200
7055,3400
7056,4700
7057,22000
7058,36000
7059,5100
7060,34000
7061,13000
7062,12000
7063,24000
7064,5900
7065,42000
7066,9400
7067,13000
7068,6000
7069,3900
7070,17000
7071,3000
7072,19000
7073,12000
7074,44000
7075,31000
7076,5500
7077,29000
7078,8300
7079,13000
7080,42000
7081,12000
7082,41000
7083,13000
7084,27000
7085,9700
7086,17000
7087,13000
7088,12000
7089,7300
7090,47000
7091,13000
7092,62000
7093,13000
7094,20000
7095,16000
7096,38000
7097,48000
7098,4900
7099,12000
7100,20000
7101,12000
7102,12000
7103,34000
7104,37000
7105,53000
7106,47000
7107,28000
7108,28000
7109,69000
7110,8400
7111,41000
7112,9700
7113,32000
7114,33000
7115,11000
7116,43000
7117,47000
7118,12000
7119,43000
7120,12000
7121,37000
7122,37000
7123,18000
7124,16000
7125,12000
7126,40000
7127,27000
7128,6700
7129,13000
7130,54000
7131,6300
7132,12000
7133,14000
7134,12000
7135,7000
7136,23000
7137,41000
7138,25000
7139,20000
7140,14000
7141,12000
7142,11000
7143,32000
7144,29000
7145,11000
7146,35000
7147,35000
7148,4600
7149,17000
7150,7100
7151,15000
7152,13000
7153,69000
7154,43000
7155,12000
7156,17000
7157,39000
7158,13000
7159,15000
7160,13000
7161,43000
7162,28000
7163,31000
7164,30000
7165,13000
7166,13000
7167,13000
7168,12000
7169,21000
7170,41000
7171,13000
7172,13000
7173,5800
7174,69000
7175,17000
7176,69000
7177,13000
7178,25000
7179,41000
7180,32000
7181,21000
7182,7900
7183,12000
7184,13000
7185,69000
7186,21000
7187,50000
7188,11000
7189,31000
7190,13000
7191,6800
7192,50000
7193,13000
7194,44000
7195,16000
7196,38000
7197,24000
7198,7000
7199,41000
7200,49000
7201,10000
7202,23000
7203,12000
7204,66000
7205,30000
7206,33000
7207,20000
7208,20000
7209,69000
7210,12000
7211,55000
7212,69000
7213,5600
7214,43000
7215,12000
7216,57000
7217,14000
7218,30000
7219,37000
7220,12000
7221,41000
7222,50000
7223,12000
7224,48000
7225,9800
7226,17000
7227,12000
7228,2100
7229,31000
7230,4900
7231,19000
7232,53000
7233,41000
7234,28000
7235,13000
7236,13000
7237,44000
7238,12000
7239,34000
7240,3100
7241,21000
7242,31000
7243,62000
7244,26000
7245,44000
7246,32000
7247,28000
7248,24000
7249,6000
7250,7100
7251,45000
7252,12000
7253,53000
7254,5300
7255,7500
7256,41000
7257,49000
7258,69000
7259,43000
7260,12000
7261,7800
7262,50000
7263,13000
7264,60000
7265,58000
7266,13000
7267,69000
7268,50000
7269,11000
7270,63000
7271,12000
7272,11000
7273,69000
7274,55000
7275,7800
7276,69000
7277,3300
7278,13000
7279,69000
7280,17000
7281,14000
7282,12000
7283,35000
7284,14000
7285,10000
7286,18000
7287,20000
7288,37000
7289,13000
7290,12000
7291,23000
7292,13000
7293,13000
7294,23000
7295,36000
7296,13000
7297,13000
7298,13000
7299,49000
7300,3300
7301,13000
7302,13000
7303,53000
7304,23000
7305,13000
7306,9300
7307,9200
7308,17000
7309,4100
7310,1900
7311,25000
7312,13000
7313,25000
7314,47000
7315,13000
7316,35000
7317,12000
7318,36000
7319,35000
7320,3000
7321,29000
7322,20000
7323,69000
7324,69000
7325,43000
7326,21000
7327,24000
7328,58000
7329,21000
7330,14000
7331,13000
7332,12000
7333,25000
7334,17000
7335,12000
7336,12000
7337,27000
7338,12000
7339,12000
7340,26000
7341,5600
7342,13000
7343,39000
7344,54000
7345,25000
7346,17000
7347,28000
7348,26000
7349,7600
7350,50000
7351,15000
7352,8900
7353,41000
7354,45000
7355,56000
7356,6300
7357,12000
7358,41000
7359,13000
7360,51000
7361,3600
7362,44000
7363,24000
7364,12000
7365,13000
7366,49000
7367,30000
7368,48000
7369,12000
7370,11000
7371,55000
7372,4000
7373,7700
7374,22000
7375,27000
7376,19000
7377,13000
7378,33000
7379,30000
7380,69000
7381,16000
7382,25000
7383,31000
7384,43000
7385,4400
7386,69000
7387,6700
7388,8000
7389,38000
7390,53000
7391,27000
7392,13000
7393,13000
7394,25000
7395,14000
7396,7100
7397,26000
7398,45000
7399,69000
7400,31000
7401,16000
7402,25000
7403,3800
7404,16000
7405,16000
7406,48000
7407,12000
7408,6500
7409,32000
7410,37000
7411,28000
7412,10000
7413,9100
7414,51000
7415,32000
7416,5700
7417,25000
7418,32000
7419,12000
7420,27000
7421,32000
7422,34000
7423,13000
7424,21000
7425,13000
7426,30000
7427,52000
7428,69000
7429,12000
7430,13000
7431,23000
7432,12000
7433,27000
7434,11000
7435,38000
7436,39000
7437,31000
7438,5500
7439,12000
7440,57000
7441,25000
7442,12000
7443,5100
7444,45000
7445,11000
7446,15000
7447,30000
7448,12000
7449,24000
7450,51000
7451,52000
7452,31000
7453,22000
7454,5900
7455,14000
7456,43000
7457,13000
7458,29000
7459,11000
7460,27000
7461,59000
7462,37000
7463,12000
7464,17000
7465,13000
7466,12000
7467,13000
7468,12000
7469,11000
7470,33000
7471,28000
7472,33000
7473,13000
7474,28000
7475,13000
7476,33000
7477,13000
7478,19000
7479,21000
7480,2900
7481,33000
7482,12000
7483,15000
7484,13000
7485,62000
7486,12000
7487,49000
7488,27000
7489,55000
7490,40000
7491,5000
7492,7400
7493,13000
7494,7700
7495,12000
7496,7900
7497,2600
7498,13000
7499,12000
7500,60000
7501,13000
7502,12000
7503,61000
7504,14000
7505,13000
7506,69000
7507,15000
7508,36000
7509,22000
7510,13000
7511,12000
7512,22000
7513,23000
7514,28000
7515,7200
7516,13000
7517,41000
7518,11000
7519,27000
7520,31000
7521,13000
7522,26000
7523,13000
7524,21000
7525,37000
7526,12000
7527,69000
7528,33000
7529,20000
7530,8700
7531,50000
7532,12000
7533,13000
7534,44000
7535,13000
7536,16000
7537,69000
7538,27000
7539,29000
7540,28000
7541,13000
7542,31000
7543,22000
7544,11000
7545,54000
7546,18000
7547,26000
7548,55000
7549,12000
7550,32000
7551,55000
7552,33000
7553,12000
7554,12000
7555,40000
7556,20000
7557,12000
7558,15000
7559,12000
7560,8000
7561,11000
7562,12000
7563,26000
7564,13000
7565,36000
7566,9900
7567,39000
7568,50000
7569,43000
7570,24000
7571,38000
7572,13000
7573,13000
7574,51000
7575,12000
7576,17000
7577,12000
7578,28000
7579,22000
7580,9400
7581,20000
7582,12000
7583,33000
7584,27000
7585,11000
7586,5500
7587,43000
7588,12000
7589,5700
7590,69000
7591,9900
7592,22000
7593,13000
7594,13000
7595,10000
7596,15000
7597,12000
7598,12000
7599,11000
7600,9700
7601,52000
7602,19000
7603,13000
7604,12000
7605,32000
7606,18000
7607,41000
7608,29000
7609,5500
7610,7200
7611,31000
7612,13000
7613,12000
7614,21000
7615,41000
7616,14000
7617,69000
7618,13000
7619,36000
7620,12000
7621,35000
7622,40000
7623,45000
7624,9700
7625,17000
7626,5400
7627,32000
7628,6800
7629,12000
7630,48000
7631,32000
7632,47000
7633,42000
7634,12000
7635,14000
7636,13000
7637,12000
7638,19000
7639,31000
7640,15000
7641,10000
7642,18000
7643,6700
7644,69000
7645,13000
7646,13000
7647,12000
7648,40000
7649,69000
7650,13000
7651,13000
7652,69000
7653,24000
7654,59000
7655,31000
7656,23000
7657,25000
7658,3300
7659,61000
7660,27000
7661,25000
7662,11000
7663,17000
7664,8600
7665,4700
7666,12000
7667,28000
7668,34000
7669,20000
7670,32000
7671,59000
7672,37000
7673,13000
7674,18000
7675,22000
7676,43000
7677,3400
7678,6800
7679,13000
7680,38000
7681,38000
7682,12000
7683,18000
7684,21000
7685,2100
7686,47000
7687,33000
7688,69000
7689,15000
7690,16000
7691,13000
7692,3800
7693,12000
7694,25000
7695,52000
7696,69000
7697,13000
7698,17000
7699,11000
7700,43000
7701,13000
7702,12000
7703,14000
7704,10000
7705,33000
7706,13000
7707,21000
7708,12000
7709,12000
7710,10000
7711,13000
7712,49000
7713,17000
7714,21000
7715,42000
7716,33000
7717,17000
7718,45000
7719,12000
7720,7600
7721,12000
7722,11000
7723,27000
7724,27000
7725,12000
7726,20000
7727,4600
7728,40000
7729,13000
7730,22000
7731,27000
7732,43000
7733,22000
7734,13000
7735,28000
7736,12000
7737,36000
7738,31000
7739,65000
7740,24000
7741,13000
7742,41000
7743,35000
7744,13000
7745,5100
7746,17000
7747,16000
7748,6400
7749,14000
7750,370
7751,11000
7752,12000
7753,21000
7754,48000
7755,11000
7756,31000
7757,12000
7758,21000
7759,14000
7760,27000
7761,66000
7762,13000
7763,12000
7764,8400
7765,9100
7766,3400
7767,29000
7768,34000
7769,11000
7770,12000
7771,26000
7772,38000
7773,7800
7774,18000
7775,650
7776,6700
7777,2800
7778,13000
7779,58000
7780,13000
7781,54000
7782,25000
7783,13000
7784,56000
7785,13000
7786,26000
7787,68000
7788,37000
7789,3700
7790,13000
7791,6300
7792,42000
7793,12000
7794,5000
7795,14000
7796,13000
7797,59000
7798,25000
7799,40000
7800,13000
7801,44000
7802,44000
7803,29000
7804,31000
7805,12000
7806,30000
7807,12000
7808,6600
7809,32000
7810,69000
7811,44000
7812,3200
7813,53000
7814,8400
7815,33000
7816,5000
7817,31000
7818,25000
7819,13000
7820,12000
7821,14000
7822,24000
7823,13000
7824,37000
7825,4300
7826,36000
7827,5800
7828,14000
7829,17000
7830,12000
7831,69000
7832,8900
7833,12000
7834,20000
7835,31000
7836,21000
7837,9000
7838,13000
7839,28000
7840,17000
7841,30000
7842,12000
7843,13000
7844,12000
7845,45000
7846,26000
7847,23000
7848,13000
7849,13000
7850,28000
7851,19000
7852,39000
7853,12000
7854,19000
7855,36000
7856,4700
7857,17000
7858,29000
7859,69000
7860,13000
7861,13000
7862,51000
7863,5100
7864,24000
7865,13000
7866,12000
7867,13000
7868,43000
7869,28000
7870,2900
7871,32000
7872,27000
7873,12000
7874,13000
7875,54000
7876,56000
7877,34000
7878,5700
7879,62000
7880,32000
7881,11000
7882,43000
7883,14000
7884,16000
7885,12000
7886,48000
7887,48000
7888,27000
7889,51000
7890,35000
7891,24000
7892,12000
7893,25000
7894,20000
7895,2000
7896,34000
7897,36000
7898,23000
7899,9400
7900,6500
7901,53000
7902,5800
7903,16000
7904,44000
7905,25000
7906,7700
7907,29000
7908,23000
7909,42000
7910,19000
7911,55000
7912,330
7913,24000
7914,16000
7915,20000
7916,40000
7917,66000
7918,3500
7919,13000
7920,12000
7921,48000
7922,34000
7923,34000
7924,47000
7925,37000
7926,13000
7927,32000
7928,24000
7929,37000
7930,6500
7931,12000
7932,4700
7933,21000
7934,13000
7935,12000
7936,30000
7937,6800
7938,12000
7939,8000
7940,5000
7941,17000
7942,40000
7943,33000
7944,49000
7945,52000
7946,4700
7947,44000
7948,1700
7949,20000
7950,13000
7951,41000
7952,10000
7953,12000
7954,32000
7955,12000
7956,13000
7957,12000
7958,69000
7959,39000
7960,49000
7961,30000
7962,13000
7963,19000
7964,4100
7965,11000
7966,13000
7967,25000
7968,33000
7969,22000
7970,13000
7971,39000
7972,45000
7973,39000
7974,14000
7975,12000
7976,49000
7977,40000
7978,12000
7979,36000
7980,32000
7981,12000
7982,12000
7983,69000
7984,45000
7985,6800
7986,61000
7987,2000
7988,41000
7989,12000
7990,43000
7991,43000
7992,7500
7993,12000
7994,17000
7995,3900
7996,27000
7997,12000
7998,32000
7999,22000
8000,13000
8001,3300
8002,29000
8003,5600
8004,42000
8005,54000
8006,12000
8007,45000
8008,44000
8009,12000
8010,40000
8011,47000
8012,12000
8013,62000
8014,13000
8015,31000
8016,6300
8017,12000
8018,35000
8019,13000
8020,35000
8021,4500
8022,12000
8023,8900
8024,20000
8025,50000
8026,7100
8027,59000
8028,64000
8029,16000
8030,3500
8031,57000
8032,25000
8033,12000
8034,23000
8035,12000
8036,14000
8037,19000
8038,12000
8039,5100
8040,13000
8041,27000
8042,50000
8043,12000
8044,15000
8045,43000
8046,69000
8047,12000
8048,35000
8049,69000
8050,23000
8051,12000
8052,12000
8053,45000
8054,37000
8055,13000
8056,12000
8057,67000
8058,34000
8059,23000
8060,12000
8061,38000
8062,14000
8063,13000
8064,2300
8065,27000
8066,13000
8067,61000
8068,6100
8069,26000
8070,22000
8071,39000
8072,12000
8073,6800
8074,12000
8075,69000
8076,31000
8077,12000
8078,42000
8079,45000
8080,53000
8081,33000
8082,12000
8083,5200
8084,12000
8085,13000
8086,64000
8087,13000
8088,33000
8089,3500
8090,37000
8091,33000
8092,13000
8093,12000
8094,4700
8095,26000
8096,3000
8097,28000
8098,7700
8099,31000
8100,16000
8101,12000
8102,22000
8103,51000
8104,11000
8105,18000
8106,69000
8107,12000
8108,19000
8109,9700
8110,12000
8111,24000
8112,43000
8113,12000
8114,1200
8115,43000
8116,13000
8117,66000
8118,6500
8119,40000
8120,13000
8121,13000
8122,4500
8123,7200
8124,12000
8125,12000
8126,13000
8127,55000
8128,17000
8129,39000
8130,25000
8131,18000
8132,12000
8133,14000
8134,38000
8135,35000
8136,12000
8137,33000
8138,18000
8139,13000
8140,51000
8141,12000
8142,13000
8143,12000
8144,13000
8145,41000
8146,21000
8147,47000
8148,21000
8149,13000
8150,6400
8151,69000
8152,12000
8153,12000
8154,35000
8155,52000
8156,42000
8157,60000
8158,25000
8159,23000
8160,43000
8161,13000
8162,6300
8163,10000
8164,11000
8165,13000
8166,13000
8167,12000
8168,39000
8169,12000
8170,52000
8171,13000
8172,15000
8173,69000
8174,2200
8175,30000
8176,52000
8177,13000
8178,25000
8179,31000
8180,12000
8181,27000
8182,5200
8183,45000
8184,6500
8185,13000
8186,12000
8187,28000
8188,45000
8189,13000
8190,13000
8191,35000
8192,47000
8193,43000
8194,39000
8195,12000
8196,13000
8197,20000
8198,69000
8199,21000
8200,38000
8201,12000
8202,29000
8203,13000
8204,15000
8205,44000
8206,31000
8207,13000
8208,44000
8209,35000
8210,13000
8211,13000
8212,12000
8213,47000
8214,8100
8215,35000
8216,4900
8217,12000
8218,62000
8219,22000
8220,12000
8221,4100
8222,13000
8223,12000
8224,51000
8225,29000
8226,39000
8227,42000
8228,39000
8229,56000
8230,69000
8231,10000
8232,7300
8233,63000
8234,29000
8235,5900
8236,52000
8237,22000
8238,32000
8239,20000
8240,45000
8241,51000
8242,13000
8243,1200
8244,12000
8245,24000
8246,2100
8247,7100
8248,12000
8249,12000
8250,22000
8251,13000
8252,30000
8253,30000
8254,42000
8255,14000
8256,13000
8257,4300
8258,16000
8259,31000
8260,43000
8261,24000
8262,4700
8263,8100
8264,34000
8265,24000
8266,19000
8267,6700
8268,9700
8269,13000
8270,20000
8271,12000
8272,51000
8273,1900
8274,9800
8275,43000
8276,12000
8277,61000
8278,4200
8279,12000
8280,49000
8281,69000
8282,12000
8283,13000
8284,69000
8285,16000
8286,8400
8287,31000
8288,50000
8289,28000
8290,17000
8291,7000
8292,9700
8293,21000
8294,4300
8295,11000
8296,44000
8297,12000
8298,43000
8299,23000
8300,8700
8301,5400
8302,35000
8303,25000
8304,33000
8305,38000
8306,10000
8307,1600
8308,52000
8309,39000
8310,43000
8311,12000
8312,17000
8313,69000
8314,69000
8315,12000
8316,4700
8317,13000
8318,14000
8319,30000
8320,26000
8321,16000
8322,52000
8323,49000
8324,38000
8325,12000
8326,13000
8327,69000
8328,37000
8329,41000
8330,4500
8331,22000
8332,8400
8333,55000
8334,12000
8335,7000
8336,8700
8337,51000
8338,8900
8339,30000
8340,12000
8341,41000
8342,13000
8343,13000
8344,17000
8345,23000
8346,13000
8347,29000
8348,53000
8349,24000
8350,29000
8351,64000
8352,13000
8353,22000
8354,49000
8355,6600
8356,25000
8357,69000
8358,52000
8359,17000
8360,7100
8361,13000
8362,13000
8363,4100
8364,47000
8365,41000
8366,15000
8367,13000
8368,12000
8369,28000
8370,22000
8371,12000
8372,66000
8373,31000
8374,29000
8375,13000
8376,68000
8377,13000
8378,56000
8379,69000
8380,29000
8381,33000
8382,13000
8383,12000
8384,4600
8385,13000
8386,17000
8387,24000
8388,40000
8389,13000
8390,13000
8391,32000
8392,32000
8393,4700
8394,22000
8395,69000
8396,13000
8397,14000
8398,13000
8399,13000
8400,6900
8401,9800
8402,12000
8403,42000
8404,13000
8405,12000
8406,23000
8407,40000
8408,13000
8409,16000
8410,69000
8411,13000
8412,12000
8413,13000
8414,12000
8415,12000
8416,13000
8417,13000
8418,36000
8419,44000
8420,69000
8421,20000
8422,7100
8423,3900
8424,69000
8425,21000
8426,13000
8427,12000
8428,17000
8429,13000
8430,38000
8431,26000
8432,22000
8433,59000
8434,44000
8435,17000
8436,13000
8437,13000
8438,12000
8439,45000
8440,9800
8441,13000
8442,12000
8443,12000
8444,4000
8445,12000
8446,69000
8447,17000
8448,40000
8449,39000
8450,11000
8451,13000
8452,8400
8453,13000
8454,18000
8455,41000
8456,20000
8457,12000
8458,13000
8459,17000
8460,12000
8461,5200
8462,68000
8463,69000
8464,6700
8465,28000
8466,20000
8467,6100
8468,12000
8469,58000
8470,29000
8471,34000
8472,12000
8473,24000
8474,8000
8475,52000
8476,28000
8477,31000
8478,12000
8479,13000
8480,58000
8481,3000
8482,28000
8483,50000
8484,50000
8485,69000
8486,13000
8487,20000
8488,26000
8489,13000
8490,13000
8491,12000
8492,9600
8493,36000
8494,41000
8495,10000
8496,51000
8497,9200
8498,13000
8499,49000
8500,43000
8501,13000
8502,11000
8503,13000
8504,13000
8505,480
8506,13000
8507,6300
8508,13000
8509,13000
8510,12000
8511,6800
8512,12000
8513,58000
8514,20000
8515,17000
8516,21000
8517,6400
8518,8300
8519,12000
8520,12000
8521,28000
8522,31000
8523,34000
8524,5500
8525,23000
8526,49000
8527,12000
8528,12000
8529,46000
8530,9200
8531,34000
8532,36000
8533,13000
8534,26000
8535,13000
8536,12000
8537,49000
8538,33000
8539,30000
8540,10000
8541,11000
8542,32000
8543,13000
8544,12000
8545,1800
8546,13000
8547,44000
8548,8100
8549,26000
8550,11000
8551,3200
8552,15000
8553,12000
8554,11000
8555,51000
8556,40000
8557,42000
8558,16000
8559,12000
8560,61000
8561,12000
8562,12000
8563,20000
8564,38000
8565,29000
8566,49000
8567,25000
8568,41000
8569,69000
8570,19000
8571,17000
8572,5900
8573,13000
8574,12000
8575,66000
8576,28000
8577,25000
8578,40000
8579,53000
8580,13000
8581,5000
8582,5100
8583,12000
8584,32000
8585,28000
8586,48000
8587,30000
8588,12000
8589,13000
8590,18000
8591,28000
8592,13000
8593,13000
8594,59000
8595,43000
8596,1900
8597,3900
8598,42000
8599,24000
8600,55000
8601,5900
8602,13000
8603,39000
8604,32000
8605,13000
8606,20000
8607,52000
8608,34000
8609,12000
8610,16000
8611,51000
8612,17000
8613,13000
8614,22000
8615,39000
8616,52000
8617,40000
8618,36000
8619,21000
8620,13000
8621,25000
8622,30000
8623,12000
8624,12000
8625,20000
8626,13000
8627,23000
8628,51000
8629,13000
8630,12000
8631,10000
8632,12000
8633,5400
8634,39000
8635,61000
8636,43000
8637,35000
8638,10000
8639,22000
8640,43000
8641,13000
8642,12000
8643,15000
8644,40000
8645,33000
8646,12000
8647,12000
8648,26000
8649,69000
8650,51000
8651,6800
8652,52000
8653,13000
8654,13000
8655,38000
8656,11000
8657,19000
8658,12000
8659,50000
8660,30000
8661,17000
8662,20000
8663,69000
8664,6500
8665,26000
8666,33000
8667,44000
8668,44000
8669,31000
8670,20000
8671,22000
8672,43000
8673,33000
8674,13000
8675,16000
8676,44000
8677,45000
8678,20000
8679,13000
8680,13000
8681,12000
8682,55000
8683,43000
8684,13000
8685,13000
8686,12000
8687,8700
8688,16000
8689,51000
8690,22000
8691,69000
8692,13000
8693,25000
8694,13000
8695,9800
8696,12000
8697,6800
8698,49000
8699,25000
8700,29000
8701,29000
8702,17000
8703,22000
8704,29000
8705,57000
8706,23000
8707,9100
8708,21000
8709,13000
8710,13000
8711,12000
8712,30000
8713,12000
8714,43000
8715,24000
8716,27000
8717,13000
8718,19000
8719,28000
8720,37000
8721,28000
8722,13000
8723,45000
8724,12000
8725,69000
8726,12000
8727,13000
8728,27000
8729,61000
8730,30000
8731,69000
8732,13000
8733,51000
8734,43000
8735,8000
8736,12000
8737,12000
8738,37000
8739,24000
8740,22000
8741,20000
8742,4800
8743,12000
8744,13000
8745,10000
8746,13000
8747,13000
8748,61000
8749,15000
8750,12000
8751,46000
8752,26000
8753,19000
8754,35000
8755,18000
8756,1800
8757,15000
8758,33000
8759,17000
8760,10000
8761,52000
8762,12000
8763,13000
8764,22000
8765,9800
8766,28000
8767,34000
8768,51000
8769,12000
8770,19000
8771,25000
8772,50000
8773,10000
8774,28000
8775,6300
8776,23000
8777,12000
8778,13000
8779,13000
8780,51000
8781,13000
8782,69000
8783,31000
8784,3900
8785,34000
8786,33000
8787,27000
8788,5000
8789,29000
8790,13000
8791,57000
8792,13000
8793,49000
8794,12000
8795,10000
8796,69000
8797,40000
8798,13000
8799,65000
8800,44000
8801,22000
8802,68000
8803,13000
8804,13000
8805,40000
8806,13000
8807,23000
8808,13000
8809,56000
8810,55000
8811,44000
8812,62000
8813,8200
8814,27000
8815,68000
8816,43000
8817,4100
8818,67000
8819,36000
8820,7800
8821,52000
8822,6500
8823,13000
8824,13000
8825,42000
8826,12000
8827,38000
8828,28000
8829,33000
8830,12000
8831,14000
8832,69000
8833,15000
8834,5100
8835,44000
8836,35000
8837,20000
8838,25000
8839,13000
8840,11000
8841,56000
8842,45000
8843,5500
8844,13000
8845,12000
8846,12000
8847,17000
8848,25000
8849,20000
8850,58000
8851,69000
8852,12000
8853,40000
8854,49000
8855,66000
8856,13000
8857,6000
8858,20000
8859,69000
8860,12000
8861,68000
8862,69000
8863,69000
8864,12000
8865,27000
8866,13000
8867,52000
8868,2000
8869,12000
8870,34000
8871,35000
8872,6000
8873,13000
8874,21000
8875,31000
8876,13000
8877,12000
8878,44000
8879,20000
8880,13000
8881,8800
8882,12000
8883,6600
8884,12000
8885,22000
8886,5100
8887,15000
8888,44000
8889,12000
8890,17000
8891,13000
8892,12000
8893,60000
8894,39000
8895,14000
8896,69000
8897,58000
8898,12000
8899,12000
8900,9800
8901,36000
8902,41000
8903,7500
8904,11000
8905,12000
8906,15000
8907,13000
8908,12000
8909,11000
8910,3700
8911,12000
8912,55000
8913,31000
8914,31000
8915,17000
8916,13000
8917,55000
8918,13000
8919,32000
8920,17000
8921,49000
8922,52000
8923,13000
8924,13000
8925,18000
8926,13000
8927,33000
8928,20000
8929,4800
8930,960
8931,61000
8932,21000
8933,24000
8934,12000
8935,42000
8936,13000
8937,13000
8938,28000
8939,45000
8940,12000
8941,44000
8942,7500
8943,29000
8944,50000
8945,69000
8946,13000
8947,13000
8948,38000
8949,13000
8950,12000
8951,13000
8952,12000
8953,19000
8954,9800
8955,26000
8956,13000
8957,52000
8958,9900
8959,13000
8960,33000
8961,69000
8962,3300
8963,12000
8964,57000
8965,49000
8966,58000
8967,11000
8968,25000
8969,13000
8970,18000
8971,69000
8972,69000
8973,4800
8974,8400
8975,41000
8976,47000
8977,69000
8978,18000
8979,13000
8980,40000
8981,44000
8982,4800
8983,13000
8984,21000
8985,13000
8986,30000
8987,58000
8988,24000
8989,13000
8990,48000
8991,68000
8992,12000
8993,44000
8994,27000
8995,31000
8996,28000
8997,13000
8998,12000
8999,13000
9000,22000
9001,5000
9002,9100
9003,12000
9004,13000
9005,12000
9006,48000
9007,43000
9008,23000
9009,31000
9010,7800
9011,38000
9012,50000
9013,26000
9014,28000
9015,56000
9016,23000
9017,27000
9018,69000
9019,35000
9020,69000
9021,34000
9022,29000
9023,12000
9024,12000
9025,13000
9026,25000
9027,47000
9028,18000
9029,69000
9030,13000
9031,37000
9032,11000
9033,12000
9034,17000
9035,27000
9036,11000
9037,32000
9038,13000
9039,26000
9040,69000
9041,13000
9042,19000
9043,34000
9044,35000
9045,31000
9046,16000
9047,12000
9048,12000
9049,24000
9050,43000
9051,10000
9052,26000
9053,69000
9054,13000
9055,41000
9056,48000
9057,13000
9058,1600
9059,39000
9060,13000
9061,17000
9062,13000
9063,13000
9064,47000
9065,12000
9066,40000
9067,14000
9068,13000
9069,6400
9070,29000
9071,19000
9072,31000
9073,15000
9074,7300
9075,27000
9076,43000
9077,24000
9078,13000
9079,13000
9080,30000
9081,66000
9082,39000
9083,19000
9084,11000
9085,50000
9086,45000
9087,27000
9088,28000
9089,5200
9090,44000
9091,12000
9092,12000
9093,48000
9094,4200
9095,2400
9096,15000
9097,14000
9098,16000
9099,64000
9100,11000
9101,9100
9102,11000
9103,9600
9104,47000
9105,17000
9106,13000
9107,29000
9108,8600
9109,16000
9110,36000
9111,13000
9112,27000
9113,57000
9114,44000
9115,12000
9116,12000
9117,13000
9118,59000
9119,13000
9120,12000
9121,37000
9122,11000
9123,69000
9124,42000
9125,15000
9126,12000
9127,29000
9128,53000
9129,13000
9130,25000
9131,13000
9132,11000
9133,35000
9134,69000
9135,33000
9136,39000
9137,13000
9138,13000
9139,2700
9140,13000
9141,6500
9142,8900
9143,12000
9144,9300
9145,6800
9146,7100
9147,28000
9148,13000
9149,48000
9150,53000
9151,40000
9152,12000
9153,13000
9154,13000
9155,12000
9156,6300
9157,29000
9158,42000
9159,27000
9160,56000
9161,64000
9162,57000
9163,16000
9164,13000
9165,21000
9166,30000
9167,20000
9168,57000
9169,31000
9170,29000
9171,10000
9172,9700
9173,13000
9174,2400
9175,11000
9176,12000
9177,25000
9178,26000
9179,8000
9180,69000
9181,19000
9182,22000
9183,9200
9184,69000
9185,11000
9186,40000
9187,16000
9188,17000
9189,22000
9190,14000
9191,62000
9192,12000
9193,7000
9194,16000
9195,38000
9196,50000
9197,69000
9198,53000
9199,13000
9200,12000
9201,5200
9202,11000
9203,13000
9204,12000
9205,11000
9206,41000
9207,16000
9208,20000
9209,22000
9210,12000
9211,49000
9212,22000
9213,24000
9214,35000
9215,12000
9216,13000
9217,22000
9218,12000
9219,6400
9220,11000
9221,9800
9222,64000
9223,69000
9224,5500
9225,53000
9226,21000
9227,39000
9228,49000
9229,5600
9230,26000
9231,7000
9232,61000
9233,12000
9234,12000
9235,30000
9236,12000
9237,22000
9238,2500
9239,26000
9240,20000
9241,12000
9242,11000
9243,41000
9244,38000
9245,22000
9246,40000
9247,29000
9248,13000
9249,25000
9250,13000
9251,13000
9252,28000
9253,42000
9254,65000
9255,29000
9256,12000
9257,12000
9258,13000
9259,29000
9260,4300
9261,12000
9262,42000
9263,69000
9264,48000
9265,42000
9266,44000
9267,13000
9268,2700
9269,28000
9270,29000
9271,35000
9272,13000
9273,57000
9274,51000
9275,13000
9276,42000
9277,13000
9278,20000
9279,10000
9280,55000
9281,12000
9282,18000
9283,12000
9284,69000
9285,10000
9286,18000
9287,3500
9288,29000
9289,15000
9290,4900
9291,14000
9292,12000
9293,5900
9294,31000
9295,21000
9296,45000
9297,13000
9298,14000
9299,31000
9300,33000
9301,30000
9302,69000
9303,28000
9304,33000
9305,8700
9306,12000
9307,13000
9308,52000
9309,41000
9310,11000
9311,3900
9312,8000
9313,17000
9314,12000
9315,25000
9316,15000
9317,69000
9318,19000
9319,66000
9320,9600
9321,13000
9322,69000
9323,12000
9324,7800
9325,8400
9326,36000
9327,12000
9328,50000
9329,32000
9330,26000
9331,39000
9332,5500
9333,42000
9334,41000
9335,12000
9336,6000
9337,9900
9338,69000
9339,33000
9340,2700
9341,8400
9342,13000
9343,13000
9344,18000
9345,12000
9346,51000
9347,12000
9348,9900
9349,35000
9350,15000
9351,46000
9352,13000
9353,13000
9354,12000
9355,13000
9356,4800
9357,28000
9358,22000
9359,31000
9360,13000
9361,13000
9362,5700
9363,18000
9364,29000
9365,21000
9366,6600
9367,17000
9368,7700
9369,12000
9370,32000
9371,25000
9372,12000
9373,2000
9374,13000
9375,45000
9376,64000
9377,13000
9378,13000
9379,13000
9380,12000
9381,14000
9382,11000
9383,12000
9384,35000
9385,3700
9386,42000
9387,47000
9388,6600
9389,59000
9390,11000
9391,31000
9392,69000
9393,7300
9394,63000
9395,55000
9396,19000
9397,13000
9398,26000
9399,12000
9400,32000
9401,12000
9402,28000
9403,13000
9404,13000
9405,13000
9406,12000
9407,47000
9408,42000
9409,42000
9410,20000
9411,12000
9412,27000
9413,22000
9414,11000
9415,49000
9416,18000
9417,14000
9418,13000
9419,3700
9420,69000
9421,3900
9422,7000
9423,55000
9424,53000
9425,12000
9426,18000
9427,31000
9428,19000
9429,6500
9430,54000
9431,16000
9432,35000
9433,58000
9434,910
9435,13000
9436,35000
9437,62000
9438,35000
9439,12000
9440,4700
9441,11000
9442,17000
9443,13000
9444,13000
9445,42000
9446,52000
9447,24000
9448,13000
9449,46000
9450,24000
9451,12000
9452,12000
9453,47000
9454,69000
9455,21000
9456,66000
9457,13000
9458,39000
9459,12000
9460,12000
9461,50000
9462,22000
9463,5600
9464,69000
9465,20000
9466,21000
9467,25000
9468,7300
9469,38000
9470,9800
9471,15000
9472,22000
9473,20000
9474,12000
9475,43000
9476,26000
9477,13000
9478,19000
9479,27000
9480,21000
9481,46000
9482,19000
9483,4200
9484,40000
9485,19000
9486,30000
9487,13000
9488,48000
9489,18000
9490,8900
9491,44000
9492,13000
9493,6700
9494,24000
9495,30000
9496,12000
9497,17000
9498,28000
9499,35000
9500,47000
9501,12000
9502,6000
9503,11000
9504,13000
9505,52000
9506,21000
9507,5600
9508,21000
9509,12000
9510,13000
9511,44000
9512,2500
9513,2500
9514,13000
9515,32000
9516,52000
9517,24000
9518,50000
9519,19000
9520,54000
9521,18000
9522,13000
9523,29000
9524,23000
9525,28000
9526,12000
9527,13000
9528,35000
9529,13000
9530,21000
9531,34000
9532,25000
9533,30000
9534,3800
9535,20000
9536,38000
9537,39000
9538,12000
9539,12000
9540,32000
9541,20000
9542,49000
9543,67000
9544,7900
9545,4300
9546,13000
9547,39000
9548,15000
9549,24000
9550,58000
9551,34000
9552,51000
9553,38000
9554,46000
9555,13000
9556,40000
9557,25000
9558,11000
9559,12000
9560,35000
9561,19000
9562,29000
9563,5600
9564,25000
9565,50000
9566,32000
9567,19000
9568,17000
9569,12000
9570,5100
9571,63000
9572,69000
9573,36000
9574,56000
9575,69000
9576,19000
9577,36000
9578,14000
9579,32000
9580,50000
9581,35000
9582,13000
9583,45000
9584,13000
9585,30000
9586,37000
9587,6700
9588,5900
9589,69000
9590,13000
9591,54000
9592,13000
9593,27000
9594,6300
9595,12000
9596,36000
9597,13000
9598,12000
9599,58000
9600,7000
9601,22000
9602,13000
9603,46000
9604,33000
9605,52000
9606,46000
9607,69000
9608,8300
9609,33000
9610,13000
9611,29000
9612,46000
9613,5300
9614,29000
9615,51000
9616,12000
9617,13000
9618,12000
9619,12000
9620,47000
9621,13000
9622,34000
9623,67000
9624,44000
9625,57000
9626,39000
9627,65000
9628,50000
9629,12000
9630,38000
9631,36000
9632,20000
9633,18000
9634,7900
9635,12000
9636,56000
9637,41000
9638,40000
9639,55000
9640,13000
9641,41000
9642,51000
9643,28000
9644,12000
9645,12000
9646,47000
9647,15000
9648,12000
9649,15000
9650,25000
9651,59000
9652,5900
9653,16000
9654,5600
9655,12000
9656,28000
9657,47000
9658,7800
9659,66000
9660,12000
9661,16000
9662,3500
9663,47000
9664,13000
9665,12000
9666,12000
9667,31000
9668,47000
9669,41000
9670,20000
9671,33000
9672,31000
9673,23000
9674,61000
9675,25000
9676,58000
9677,13000
9678,8700
9679,42000
9680,37000
9681,6400
9682,30000
9683,13000
9684,29000
9685,32000
9686,14000
9687,32000
9688,11000
9689,69000
9690,21000
9691,13000
9692,31000
9693,8300
9694,11000
9695,12000
9696,31000
9697,12000
9698,38000
9699,12000
9700,28000
9701,39000
9702,2000
9703,30000
9704,33000
9705,2500
9706,32000
9707,69000
9708,13000
9709,42000
9710,7800
9711,69000
9712,44000
9713,4300
9714,4600
9715,57000
9716,24000
9717,40000
9718,53000
9719,4900
9720,3000
9721,50000
9722,19000
9723,61000
9724,22000
9725,35000
9726,48000
9727,49000
9728,2100
9729,44000
9730,31000
9731,25000
9732,44000
9733,9800
9734,12000
9735,39000
9736,12000
9737,12000
9738,31000
9739,19000
9740,12000
9741,12000
9742,56000
9743,1100
9744,4100
9745,4200
9746,22000
9747,18000
9748,64000
9749,13000
9750,5000
9751,41000
9752,12000
9753,13000
9754,22000
9755,4600
9756,21000
9757,51000
9758,9300
9759,39000
9760,69000
9761,69000
9762,44000
9763,6800
9764,31000
9765,18000
9766,19000
9767,12000
9768,24000
9769,67000
9770,48000
9771,8600
9772,13000
9773,22000
9774,12000
9775,12000
9776,19000
9777,12000
9778,23000
9779,11000
9780,13000
9781,69000
9782,20000
9783,53000
9784,59000
9785,38000
9786,42000
9787,1100
9788,64000
9789,39000
9790,11000
9791,3600
9792,40000
9793,43000
9794,55000
9795,31000
9796,12000
9797,69000
9798,13000
9799,12000
9800,13000
9801,50000
9802,12000
9803,52000
9804,2300
9805,13000
9806,13000
9807,9400
9808,13000
9809,32000
9810,13000
9811,35000
9812,10000
9813,34000
9814,28000
9815,13000
9816,12000
9817,12000
9818,35000
9819,29000
9820,51000
9821,22000
9822,28000
9823,17000
9824,32000
9825,12000
9826,32000
9827,49000
9828,69000
9829,69000
9830,12000
9831,46000
9832,11000
9833,13000
9834,12000
9835,25000
9836,13000
9837,15000
9838,16000
9839,19000
9840,28000
9841,28000
9842,41000
9843,69000
9844,30000
9845,50000
9846,64000
9847,13000
9848,19000
9849,47000
9850,13000
9851,4400
9852,31000
9853,13000
9854,24000
9855,32000
9856,27000
9857,5200
9858,26000
9859,6400
9860,51000
9861,22000
9862,14000
9863,32000
9864,29000
9865,46000
9866,13000
9867,15000
9868,34000
9869,24000
9870,47000
9871,48000
9872,43000
9873,13000
9874,52000
9875,47000
9876,30000
9877,12000
9878,21000
9879,23000
9880,34000
9881,12000
9882,53000
9883,13000
9884,47000
9885,32000
9886,22000
9887,50000
9888,27000
9889,6100
9890,6100
9891,7500
9892,44000
9893,19000
9894,60000
9895,7400
9896,1600
9897,69000
9898,44000
9899,25000
9900,43000
9901,16000
9902,11000
9903,49000
9904,15000
9905,15000
9906,7000
9907,48000
9908,42000
9909,19000
9910,4500
9911,28000
9912,12000
9913,12000
9914,30000
9915,54000
9916,13000
9917,15000
9918,44000
9919,8700
9920,13000
9921,13000
9922,16000
9923,15000
9924,40000
9925,19000
9926,25000
9927,11000
9928,61000
9929,43000
9930,25000
9931,69000
9932,5600
9933,22000
9934,49000
9935,31000
9936,6800
9937,13000
9938,13000
9939,25000
9940,33000
9941,39000
9942,44000
9943,9500
9944,31000
9945,36000
9946,28000
9947,710
9948,12000
9949,12000
9950,43000
9951,12000
9952,32000
9953,13000
9954,12000
9955,66000
9956,69000
9957,23000
9958,16000
9959,13000
9960,45000
9961,31000
9962,13000
9963,28000
9964,17000
9965,12000
9966,12000
9967,12000
9968,12000
9969,2800
9970,24000
9971,14000
9972,34000
9973,57000
9974,50000
9975,13000
9976,38000
9977,11000
9978,46000
9979,17000
9980,30000
9981,12000
9982,10000
9983,6600
9984,12000
9985,51000
9986,13000
9987,6400
9988,45000
9989,9300
9990,13000
9991,34000
9992,27000
9993,24000
9994,13000
9995,5800
9996,5900
9997,11000
9998,41000
9999,30000
