circuit_id,min_bandwidth
0,32000
1,5900
2,62000
3,19000
4,32000
5,11000
6,8600
7,31000
8,39000
9,64000
10,19000
11,47000
12,13000
13,12000
14,25000
15,11000
16,38000
17,7900
18,24000
19,52000
20,47000
21,11000
22,12000
23,19000
24,38000
25,12000
26,36000
27,31000
28,9500
29,63000
30,25000
31,52000
32,12000
33,18000
34,66000
35,13000
36,32000
37,35000
38,5500
39,28000
40,21000
41,52000
42,49000
43,49000
44,21000
45,13000
46,13000
47,12000
48,44000
49,48000
50,6800
51,9700
52,13000
53,7100
54,36000
55,13000
56,12000
57,12000
58,12000
59,12000
60,38000
61,13000
62,17000
63,37000
64,3700
65,12000
66,20000
67,12000
68,11000
69,44000
70,34000
71,12000
72,61000
73,44000
74,36000
75,33000
76,13000
77,40000
78,5600
79,6000
80,12000
81,13000
82,15000
83,12000
84,27000
85,13000
86,69000
87,52000
88,52000
89,12000
90,16000
91,6200
92,43000
93,25000
94,5500
95,69000
96,33000
97,12000
98,13000
99,49000
100,5500
101,34000
102,20000
103,12000
104,63000
105,12000
106,31000
107,30000
108,18000
109,23000
110,7000
111,18000
112,10000
113,63000
114,17000
115,12000
116,34000
117,12000
118,32000
119,9300
120,30000
121,43000
122,30000
123,31000
124,45000
125,13000
126,55000
127,14000
128,54000
129,12000
130,11000
131,28000
132,51000
133,51000
134,32000
135,22000
136,44000
137,3200
138,19000
139,32000
140,13000
141,12000
142,24000
143,51000
144,22000
145,13000
146,14000
147,4400
148,13000
149,25000
150,29000
151,12000
152,12000
153,17000
154,20000
155,12000
156,12000
157,9900
158,19000
159,3400
160,13000
161,41000
162,34000
163,69000
164,33000
165,26000
166,13000
167,31000
168,58000
169,14000
170,12000
171,25000
172,7600
173,12000
174,33000
175,13000
176,5100
177,35000
178,38000
179,13000
180,19000
181,580
182,25000
183,13000
184,32000
185,35000
186,13000
187,39000
188,33000
189,26000
190,39000
191,25000
192,13000
193,51000
194,63000
195,13000
196,25000
197,44000
198,6900
199,15000
200,39000
201,13000
202,42000
203,13000
204,13000
205,33000
206,12000
207,31000
208,15000
209,6800
210,51000
211,12000
212,30000
213,44000
214,15000
215,27000
216,31000
217,16000
218,65000
219,11000
220,69000
221,28000
222,12000
223,2800
224,37000
225,12000
226,5600
227,12000
228,31000
229,44000
230,69000
231,17000
232,12000
233,58000
234,370
235,14000
236,9900
237,9200
238,13000
239,36000
240,13000
241,42000
242,12000
243,13000
244,31000
245,64000
246,16000
247,12000
248,11000
249,46000
250,51000
251,33000
252,13000
253,69000
254,12000
255,13000
256,22000
257,36000
258,11000
259,41000
260,68000
261,12000
262,5600
263,7000
264,13000
265,57000
266,11000
267,35000
268,39000
269,63000
270,48000
271,1800
272,15000
273,15000
274,13000
275,17000
276,13000
277,19000
278,6400
279,18000
280,13000
281,65000
282,12000
283,13000
284,12000
285,12000
286,9900
287,43000
288,30000
289,29000
290,12000
291,53000
292,69000
293,12000
294,35000
295,11000
296,18000
297,47000
298,43000
299,41000
300,27000
301,31000
302,14000
303,28000
304,8900
305,13000
306,12000
307,13000
308,45000
309,5500
310,60000
311,35000
312,16000
313,21000
314,5200
315,5300
316,58000
317,16000
318,46000
319,8700
320,12000
321,30000
322,63000
323,46000
324,10000
325,12000
326,5600
327,12000
328,13000
329,46000
330,32000
331,50000
332,29000
333,12000
334,18000
335,13000
336,21000
337,21000
338,12000
339,13000
340,13000
341,44000
342,45000
343,20000
344,51000
345,9700
346,7700
347,25000
348,8300
349,45000
350,40000
351,28000
352,29000
353,3800
354,69000
355,17000
356,16000
357,24000
358,13000
359,12000
360,13000
361,28000
362,14000
363,28000
364,13000
365,21000
366,13000
367,13000
368,44000
369,12000
370,8800
371,22000
372,4400
373,20000
374,24000
375,30000
376,16000
377,12000
378,29000
379,4100
380,17000
381,34000
382,53000
383,14000
384,11000
385,51000
386,12000
387,37000
388,18000
389,33000
390,12000
391,35000
392,3900
393,20000
394,8400
395,12000
396,22000
397,25000
398,68000
399,69000
400,12000
401,69000
402,16000
403,5500
404,11000
405,24000
406,23000
407,15000
408,12000
409,31000
410,54000
411,50000
412,26000
413,66000
414,21000
415,22000
416,7800
417,39000
418,27000
419,13000
420,55000
421,8600
422,13000
423,12000
424,53000
425,55000
426,12000
427,69000
428,12000
429,3800
430,19000
431,69000
432,39000
433,33000
434,10000
435,53000
436,42000
437,13000
438,13000
439,31000
440,23000
441,13000
442,21000
443,30000
444,44000
445,69000
446,58000
447,69000
448,6100
449,12000
450,19000
451,13000
452,11000
453,23000
454,14000
455,52000
456,69000
457,28000
458,12000
459,46000
460,45000
461,20000
462,4900
463,13000
464,12000
465,13000
466,13000
467,12000
468,38000
469,32000
470,21000
471,8100
472,45000
473,12000
474,24000
475,13000
476,12000
477,10000
478,69000
479,53000
480,3800
481,17000
482,63000
483,19000
484,31000
485,69000
486,43000
487,24000
488,5200
489,43000
490,16000
491,6000
492,38000
493,24000
494,44000
495,16000
496,20000
497,12000
498,30000
499,69000
500,50000
501,23000
502,42000
503,13000
504,13000
505,36000
506,4200
507,47000
508,46000
509,24000
510,36000
511,18000
512,58000
513,69000
514,17000
515,38000
516,2000
517,21000
518,11000
519,51000
520,66000
521,11000
522,4400
523,8000
524,44000
525,22000
526,16000
527,10000
528,69000
529,5600
530,37000
531,67000
532,31000
533,12000
534,25000
535,13000
536,31000
537,33000
538,13000
539,6900
540,8300
541,9200
542,44000
543,30000
544,17000
545,26000
546,13000
547,63000
548,17000
549,50000
550,35000
551,33000
552,27000
553,13000
554,14000
555,39000
556,13000
557,13000
558,13000
559,25000
560,34000
561,39000
562,26000
563,16000
564,12000
565,33000
566,50000
567,22000
568,41000
569,21000
570,13000
571,12000
572,33000
573,26000
574,13000
575,13000
576,64000
577,13000
578,42000
579,13000
580,24000
581,13000
582,57000
583,18000
584,13000
585,17000
586,44000
587,13000
588,15000
589,36000
590,69000
591,24000
592,31000
593,12000
594,15000
595,5800
596,69000
597,42000
598,32000
599,4300
600,43000
601,2700
602,26000
603,42000
604,12000
605,33000
606,49000
607,25000
608,36000
609,12000
610,68000
611,35000
612,50000
613,55000
614,52000
615,37000
616,60000
617,30000
618,5600
619,52000
620,57000
621,39000
622,30000
623,38000
624,13000
625,33000
626,23000
627,19000
628,13000
629,12000
630,35000
631,12000
632,12000
633,40000
634,69000
635,69000
636,51000
637,13000
638,17000
639,9500
640,28000
641,12000
642,65000
643,12000
644,69000
645,43000
646,12000
647,17000
648,13000
649,10000
650,12000
651,51000
652,11000
653,67000
654,69000
655,9700
656,38000
657,21000
658,35000
659,34000
660,18000
661,15000
662,16000
663,56000
664,6700
665,20000
666,13000
667,5400
668,13000
669,30000
670,41000
671,38000
672,42000
673,23000
674,13000
675,13000
676,12000
677,42000
678,13000
679,4700
680,25000
681,7500
682,13000
683,19000
684,37000
685,5300
686,42000
687,13000
688,23000
689,14000
690,49000
691,9400
692,15000
693,31000
694,69000
695,12000
696,14000
697,50000
698,27000
699,9500
700,8900
701,4900
702,25000
703,8900
704,29000
705,8400
706,10000
707,12000
708,12000
709,51000
710,32000
711,67000
712,40000
713,26000
714,12000
715,69000
716,58000
717,12000
718,40000
719,44000
720,13000
721,50000
722,23000
723,45000
724,5000
725,12000
726,69000
727,33000
728,24000
729,13000
730,12000
731,16000
732,8000
733,36000
734,43000
735,13000
736,33000
737,13000
738,50000
739,24000
740,30000
741,11000
742,24000
743,53000
744,8100
745,16000
746,11000
747,35000
748,24000
749,13000
750,4400
751,58000
752,29000
753,19000
754,11000
755,6300
756,13000
757,35000
758,56000
759,13000
760,20000
761,20000
762,13000
763,7600
764,63000
765,34000
766,22000
767,18000
768,10000
769,7400
770,69000
771,7800
772,37000
773,12000
774,35000
775,13000
776,2900
777,69000
778,13000
779,3500
780,42000
781,5900
782,25000
783,29000
784,6800
785,12000
786,15000
787,43000
788,23000
789,17000
790,12000
791,46000
792,13000
793,52000
794,11000
795,20000
796,13000
797,27000
798,13000
799,9700
800,12000
801,27000
802,39000
803,18000
804,13000
805,13000
806,50000
807,13000
808,17000
809,44000
810,23000
811,51000
812,12000
813,25000
814,69000
815,17000
816,6500
817,17000
818,15000
819,13000
820,26000
821,11000
822,12000
823,6300
824,28000
825,6400
826,8300
827,51000
828,24000
829,14000
830,8400
831,12000
832,25000
833,20000
834,21000
835,69000
836,33000
837,33000
838,9800
839,25000
840,3000
841,12000
842,55000
843,29000
844,22000
845,28000
846,66000
847,25000
848,12000
849,12000
850,18000
851,12000
852,13000
853,6700
854,49000
855,12000
856,12000
857,33000
858,69000
859,32000
860,13000
861,26000
862,11000
863,13000
864,29000
865,54000
866,13000
867,44000
868,15000
869,35000
870,59000
871,28000
872,50000
873,12000
874,5400
875,29000
876,48000
877,13000
878,21000
879,25000
880,12000
881,12000
882,30000
883,12000
884,13000
885,13000
886,21000
887,12000
888,13000
889,13000
890,13000
891,35000
892,12000
893,7800
894,28000
895,15000
896,42000
897,7900
898,43000
899,17000
900,38000
901,24000
902,13000
903,13000
904,12000
905,28000
906,21000
907,32000
908,16000
909,25000
910,12000
911,46000
912,34000
913,38000
914,6100
915,30000
916,48000
917,10000
918,4500
919,12000
920,25000
921,11000
922,12000
923,17000
924,13000
925,12000
926,12000
927,12000
928,47000
929,13000
930,4700
931,4800
932,12000
933,17000
934,35000
935,43000
936,12000
937,12000
938,16000
939,37000
940,30000
941,48000
942,12000
943,27000
944,26000
945,13000
946,12000
947,37000
948,13000
949,13000
950,63000
951,40000
952,13000
953,22000
954,13000
955,42000
956,31000
957,2600
958,9700
959,11000
960,27000
961,5300
962,4700
963,6300
964,50000
965,5500
966,42000
967,14000
968,13000
969,5000
970,38000
971,13000
972,27000
973,41000
974,30000
975,5100
976,31000
977,6100
978,45000
979,3400
980,47000
981,20000
982,42000
983,12000
984,55000
985,25000
986,12000
987,13000
988,63000
989,7100
990,34000
991,13000
992,16000
993,12000
994,13000
995,32000
996,20000
997,45000
998,12000
999,55000
1000,31000
1001,32000
1002,40000
1003,48000
1004,54000
1005,13000
1006,38000
1007,20000
1008,13000
1009,48000
1010,28000
1011,7000
1012,69000
1013,29000
1014,20000
1015,12000
1016,30000
1017,18000
1018,24000
1019,42000
1020,13000
1021,46000
1022,16000
1023,51000
1024,25000
1025,7500
1026,13000
1027,6600
1028,12000
1029,13000
1030,54000
1031,29000
1032,13000
1033,41000
1034,48000
1035,12000
1036,51000
1037,28000
1038,12000
1039,56000
1040,35000
1041,13000
1042,10000
1043,25000
1044,58000
1045,13000
1046,5500
1047,13000
1048,13000
1049,33000
1050,37000
1051,13000
1052,13000
1053,18000
1054,39000
1055,13000
1056,12000
1057,13000
1058,24000
1059,64000
1060,9200
1061,35000
1062,50000
1063,12000
1064,12000
1065,27000
1066,54000
1067,32000
1068,13000
1069,44000
1070,32000
1071,13000
1072,10000
1073,8000
1074,44000
1075,43000
1076,4300
1077,26000
1078,6100
1079,32000
1080,9500
1081,28000
1082,13000
1083,33000
1084,9900
1085,12000
1086,39000
1087,16000
1088,21000
1089,64000
1090,12000
1091,41000
1092,20000
1093,39000
1094,69000
1095,20000
1096,44000
1097,6300
1098,20000
1099,22000
1100,9600
1101,12000
1102,42000
1103,45000
1104,12000
1105,51000
1106,22000
1107,50000
1108,34000
1109,36000
1110,49000
1111,1200
1112,27000
1113,29000
1114,13000
1115,18000
1116,22000
1117,13000
1118,13000
1119,34000
1120,12000
1121,14000
1122,33000
1123,44000
1124,13000
1125,12000
1126,13000
1127,23000
1128,22000
1129,39000
1130,25000
1131,35000
1132,45000
1133,18000
1134,14000
1135,29000
1136,35000
1137,19000
1138,21000
1139,41000
1140,34000
1141,6000
1142,33000
1143,43000
1144,69000
1145,4300
1146,23000
1147,28000
1148,41000
1149,38000
1150,3800
1151,46000
1152,13000
1153,33000
1154,51000
1155,13000
1156,53000
1157,48000
1158,24000
1159,13000
1160,23000
1161,66000
1162,35000
1163,47000
1164,7900
1165,13000
1166,22000
1167,17000
1168,34000
1169,7200
1170,30000
1171,7000
1172,55000
1173,2900
1174,13000
1175,12000
1176,51000
1177,69000
1178,69000
1179,69000
1180,4000
1181,5000
1182,12000
1183,13000
1184,13000
1185,22000
1186,7500
1187,13000
1188,12000
1189,47000
1190,26000
1191,5600
1192,27000
1193,27000
1194,36000
1195,12000
1196,69000
1197,69000
1198,12000
1199,35000
1200,12000
1201,26000
1202,9100
1203,69000
1204,51000
1205,8000
1206,11000
1207,12000
1208,13000
1209,8000
1210,42000
1211,13000
1212,34000
1213,12000
1214,49000
1215,12000
1216,63000
1217,13000
1218,33000
1219,52000
1220,27000
1221,63000
1222,37000
1223,12000
1224,69000
1225,11000
1226,13000
1227,26000
1228,3800
1229,12000
1230,12000
1231,38000
1232,12000
1233,23000
1234,49000
1235,31000
1236,18000
1237,7300
1238,1900
1239,51000
1240,69000
1241,13000
1242,51000
1243,22000
1244,13000
1245,13000
1246,13000
1247,15000
1248,24000
1249,13000
1250,13000
1251,31000
1252,12000
1253,6300
1254,2900
1255,30000
1256,12000
1257,17000
1258,13000
1259,35000
1260,13000
1261,1500
1262,2200
1263,23000
1264,29000
1265,14000
1266,25000
1267,6700
1268,53000
1269,12000
1270,36000
1271,31000
1272,17000
1273,44000
1274,14000
1275,29000
1276,12000
1277,55000
1278,30000
1279,27000
1280,8100
1281,12000
1282,12000
1283,12000
1284,39000
1285,30000
1286,6700
1287,44000
1288,25000
1289,17000
1290,61000
1291,5600
1292,12000
1293,13000
1294,13000
1295,31000
1296,48000
1297,12000
1298,21000
1299,6900
1300,4600
1301,40000
1302,12000
1303,33000
1304,5500
1305,46000
1306,13000
1307,46000
1308,34000
1309,27000
1310,26000
1311,28000
1312,33000
1313,69000
1314,69000
1315,20000
1316,16000
1317,14000
1318,25000
1319,7500
1320,13000
1321,26000
1322,12000
1323,69000
1324,52000
1325,12000
1326,29000
1327,13000
1328,21000
1329,13000
1330,36000
1331,13000
1332,28000
1333,15000
1334,69000
1335,4600
1336,31000
1337,43000
1338,69000
1339,17000
1340,26000
1341,13000
1342,53000
1343,26000
1344,43000
1345,8400
1346,12000
1347,12000
1348,20000
1349,29000
1350,12000
1351,15000
1352,24000
1353,43000
1354,7600
1355,29000
1356,12000
1357,12000
1358,13000
1359,23000
1360,21000
1361,4800
1362,35000
1363,43000
1364,8000
1365,69000
1366,4900
1367,69000
1368,13000
1369,11000
1370,69000
1371,25000
1372,28000
1373,39000
1374,12000
1375,30000
1376,19000
1377,36000
1378,31000
1379,30000
1380,13000
1381,31000
1382,51000
1383,9100
1384,63000
1385,13000
1386,69000
1387,39000
1388,13000
1389,18000
1390,12000
1391,12000
1392,20000
1393,63000
1394,13000
1395,24000
1396,12000
1397,13000
1398,7500
1399,13000
1400,13000
1401,40000
1402,22000
1403,27000
1404,13000
1405,2700
1406,13000
1407,12000
1408,22000
1409,6000
1410,12000
1411,50000
1412,35000
1413,5600
1414,13000
1415,4600
1416,68000
1417,12000
1418,13000
1419,5800
1420,16000
1421,13000
1422,68000
1423,13000
1424,69000
1425,51000
1426,12000
1427,4300
1428,11000
1429,28000
1430,2000
1431,3600
1432,41000
1433,13000
1434,43000
1435,57000
1436,5100
1437,47000
1438,60000
1439,13000
1440,69000
1441,49000
1442,51000
1443,20000
1444,58000
1445,13000
1446,33000
1447,9400
1448,13000
1449,57000
1450,34000
1451,3100
1452,13000
1453,13000
1454,37000
1455,27000
1456,11000
1457,12000
1458,47000
1459,24000
1460,4700
1461,4300
1462,21000
1463,26000
1464,12000
1465,13000
1466,46000
1467,13000
1468,44000
1469,61000
1470,13000
1471,19000
1472,15000
1473,33000
1474,18000
1475,50000
1476,48000
1477,3800
1478,13000
1479,20000
1480,7500
1481,29000
1482,44000
1483,15000
1484,6700
1485,6600
1486,15000
1487,13000
1488,69000
1489,28000
1490,13000
1491,16000
1492,29000
1493,13000
1494,12000
1495,11000
1496,36000
1497,5900
1498,7500
1499,12000
1500,26000
1501,60000
1502,35000
1503,8000
1504,26000
1505,27000
1506,13000
1507,49000
1508,26000
1509,39000
1510,40000
1511,43000
1512,22000
1513,480
1514,7500
1515,20000
1516,34000
1517,26000
1518,23000
1519,18000
1520,50000
1521,12000
1522,7500
1523,17000
1524,35000
1525,12000
1526,68000
1527,31000
1528,12000
1529,12000
1530,12000
1531,40000
1532,21000
1533,13000
1534,20000
1535,33000
1536,37000
1537,13000
1538,13000
1539,69000
1540,38000
1541,19000
1542,13000
1543,69000
1544,9900
1545,15000
1546,15000
1547,30000
1548,38000
1549,15000
1550,11000
1551,8800
1552,52000
1553,4700
1554,24000
1555,12000
1556,6700
1557,33000
1558,24000
1559,13000
1560,12000
1561,7200
1562,6400
1563,22000
1564,44000
1565,12000
1566,45000
1567,37000
1568,26000
1569,13000
1570,13000
1571,21000
1572,24000
1573,12000
1574,13000
1575,4700
1576,45000
1577,30000
1578,10000
1579,32000
1580,8900
1581,12000
1582,18000
1583,12000
1584,13000
1585,13000
1586,31000
1587,69000
1588,56000
1589,11000
1590,30000
1591,13000
1592,5800
1593,35000
1594,46000
1595,69000
1596,13000
1597,12000
1598,12000
1599,13000
1600,6700
1601,23000
1602,57000
1603,13000
1604,69000
1605,25000
1606,12000
1607,12000
1608,4500
1609,13000
1610,13000
1611,58000
1612,13000
1613,41000
1614,3800
1615,51000
1616,12000
1617,57000
1618,24000
1619,13000
1620,12000
1621,39000
1622,28000
1623,69000
1624,13000
1625,4500
1626,13000
1627,21000
1628,13000
1629,13000
1630,6100
1631,11000
1632,39000
1633,33000
1634,12000
1635,11000
1636,13000
1637,12000
1638,13000
1639,12000
1640,69000
1641,29000
1642,38000
1643,56000
1644,31000
1645,12000
1646,12000
1647,20000
1648,69000
1649,13000
1650,13000
1651,53000
1652,31000
1653,48000
1654,44000
1655,17000
1656,31000
1657,12000
1658,61000
1659,27000
1660,23000
1661,50000
1662,20000
1663,10000
1664,14000
1665,16000
1666,13000
1667,30000
1668,22000
1669,11000
1670,12000
1671,5500
1672,13000
1673,40000
1674,12000
1675,7900
1676,52000
1677,16000
1678,12000
1679,30000
1680,38000
1681,6300
1682,13000
1683,12000
1684,23000
1685,36000
1686,5100
1687,13000
1688,11000
1689,4800
1690,17000
1691,65000
1692,12000
1693,12000
1694,40000
1695,14000
1696,29000
1697,16000
1698,6200
1699,14000
1700,52000
1701,51000
1702,12000
1703,13000
1704,1200
1705,13000
1706,13000
1707,14000
1708,13000
1709,5500
1710,51000
1711,28000
1712,11000
1713,10000
1714,14000
1715,28000
1716,25000
1717,13000
1718,8700
1719,16000
1720,33000
1721,27000
1722,39000
1723,13000
1724,52000
1725,22000
1726,12000
1727,20000
1728,44000
1729,14000
1730,12000
1731,7400
1732,48000
1733,38000
1734,29000
1735,11000
1736,12000
1737,11000
1738,22000
1739,12000
1740,12000
1741,25000
1742,28000
1743,32000
1744,13000
1745,12000
1746,26000
1747,13000
1748,12000
1749,60000
1750,8400
1751,23000
1752,15000
1753,27000
1754,24000
1755,46000
1756,11000
1757,12000
1758,31000
1759,68000
1760,12000
1761,15000
1762,40000
1763,5600
1764,17000
1765,13000
1766,13000
1767,13000
1768,39000
1769,43000
1770,15000
1771,26000
1772,8400
1773,35000
1774,52000
1775,4200
1776,39000
1777,13000
1778,45000
1779,69000
1780,56000
1781,30000
1782,65000
1783,26000
1784,15000
1785,65000
1786,49000
1787,42000
1788,12000
1789,13000
1790,4600
1791,28000
1792,22000
1793,20000
1794,22000
1795,9700
1796,13000
1797,63000
1798,26000
1799,12000
1800,10000
1801,13000
1802,18000
1803,65000
1804,47000
1805,13000
1806,8000
1807,38000
1808,12000
1809,9200
1810,5500
1811,13000
1812,25000
1813,5800
1814,13000
1815,12000
1816,6000
1817,14000
1818,12000
1819,69000
1820,5800
1821,20000
1822,10000
1823,20000
1824,51000
1825,10000
1826,2200
1827,6000
1828,30000
1829,12000
1830,12000
1831,19000
1832,13000
1833,47000
1834,6800
1835,32000
1836,25000
1837,29000
1838,12000
1839,29000
1840,19000
1841,12000
1842,24000
1843,13000
1844,62000
1845,48000
1846,10000
1847,4900
1848,20000
1849,24000
1850,45000
1851,31000
1852,55000
1853,52000
1854,9000
1855,13000
1856,27000
1857,15000
1858,44000
1859,45000
1860,5500
1861,22000
1862,27000
1863,42000
1864,8600
1865,49000
1866,33000
1867,24000
1868,7900
1869,13000
1870,34000
1871,18000
1872,12000
1873,69000
1874,32000
1875,19000
1876,49000
1877,13000
1878,27000
1879,11000
1880,14000
1881,40000
1882,21000
1883,24000
1884,51000
1885,6000
1886,3400
1887,69000
1888,69000
1889,12000
1890,34000
1891,6500
1892,13000
1893,5500
1894,9600
1895,27000
1896,31000
1897,69000
1898,12000
1899,2400
1900,23000
1901,67000
1902,43000
1903,32000
1904,20000
1905,9900
1906,13000
1907,50000
1908,12000
1909,17000
1910,13000
1911,35000
1912,41000
1913,37000
1914,20000
1915,12000
1916,8300
1917,16000
1918,43000
1919,26000
1920,25000
1921,42000
1922,2100
1923,12000
1924,13000
1925,38000
1926,13000
1927,28000
1928,12000
1929,12000
1930,40000
1931,17000
1932,50000
1933,48000
1934,23000
1935,12000
1936,69000
1937,67000
1938,21000
1939,13000
1940,12000
1941,13000
1942,12000
1943,66000
1944,13000
1945,47000
1946,17000
1947,9100
1948,38000
1949,56000
1950,40000
1951,12000
1952,28000
1953,69000
1954,26000
1955,450
1956,27000
1957,19000
1958,13000
1959,52000
1960,18000
1961,8300
1962,32000
1963,52000
1964,20000
1965,6400
1966,5800
1967,56000
1968,13000
1969,52000
1970,9100
1971,12000
1972,40000
1973,45000
1974,12000
1975,13000
1976,22000
1977,7700
1978,16000
1979,42000
1980,13000
1981,49000
1982,29000
1983,42000
1984,25000
1985,270
1986,33000
1987,44000
1988,12000
1989,9100
1990,20000
1991,13000
1992,32000
1993,35000
1994,11000
1995,13000
1996,9400
1997,12000
1998,19000
1999,34000
2000,41000
2001,12000
2002,13000
2003,65000
2004,8700
2005,40000
2006,13000
2007,17000
2008,52000
2009,16000
2010,38000
2011,6300
2012,45000
2013,13000
2014,21000
2015,47000
2016,4600
2017,27000
2018,44000
2019,33000
2020,14000
2021,22000
2022,69000
2023,50000
2024,59000
2025,6800
2026,13000
2027,21000
2028,22000
2029,13000
2030,12000
2031,41000
2032,16000
2033,9100
2034,12000
2035,7200
2036,12000
2037,25000
2038,37000
2039,9400
2040,12000
2041,22000
2042,33000
2043,47000
2044,5500
2045,13000
2046,13000
2047,69000
2048,45000
2049,21000
2050,15000
2051,12000
2052,30000
2053,13000
2054,69000
2055,13000
2056,41000
2057,4700
2058,12000
2059,33000
2060,12000
2061,27000
2062,45000
2063,8100
2064,13000
2065,32000
2066,25000
2067,8400
2068,39000
2069,25000
2070,13000
2071,34000
2072,12000
2073,13000
2074,30000
2075,12000
2076,39000
2077,12000
2078,58000
2079,35000
2080,24000
2081,23000
2082,25000
2083,28000
2084,55000
2085,12000
2086,7200
2087,49000
2088,63000
2089,13000
2090,29000
2091,31000
2092,50000
2093,35000
2094,25000
2095,43000
2096,38000
2097,32000
2098,32000
2099,43000
2100,43000
2101,50000
2102,48000
2103,25000
2104,63000
2105,52000
2106,60000
2107,9400
2108,50000
2109,43000
2110,38000
2111,12000
2112,4500
2113,36000
2114,48000
2115,13000
2116,12000
2117,13000
2118,41000
2119,31000
2120,27000
2121,31000
2122,5900
2123,13000
2124,28000
2125,22000
2126,12000
2127,3500
2128,6000
2129,12000
2130,20000
2131,7500
2132,12000
2133,16000
2134,66000
2135,7900
2136,35000
2137,17000
2138,18000
2139,17000
2140,15000
2141,12000
2142,12000
2143,14000
2144,40000
2145,65000
2146,1600
2147,46000
2148,69000
2149,19000
2150,5900
2151,12000
2152,3700
2153,69000
2154,5900
2155,17000
2156,50000
2157,12000
2158,12000
2159,18000
2160,9100
2161,31000
2162,31000
2163,12000
2164,12000
2165,23000
2166,38000
2167,9300
2168,1900
2169,3800
2170,8000
2171,53000
2172,18000
2173,56000
2174,47000
2175,6100
2176,17000
2177,40000
2178,12000
2179,26000
2180,16000
2181,13000
2182,11000
2183,12000
2184,13000
2185,9100
2186,15000
2187,13000
2188,5600
2189,19000
2190,20000
2191,12000
2192,38000
2193,29000
2194,17000
2195,50000
2196,4500
2197,55000
2198,21000
2199,9700
2200,47000
2201,19000
2202,41000
2203,17000
2204,21000
2205,69000
2206,39000
2207,43000
2208,42000
2209,26000
2210,13000
2211,8400
2212,12000
2213,8000
2214,38000
2215,29000
2216,13000
2217,13000
2218,4700
2219,27000
2220,11000
2221,45000
2222,12000
2223,24000
2224,5900
2225,7400
2226,49000
2227,15000
2228,5600
2229,20000
2230,29000
2231,56000
2232,13000
2233,3500
2234,15000
2235,13000
2236,12000
2237,28000
2238,12000
2239,10000
2240,56000
2241,26000
2242,43000
2243,19000
2244,41000
2245,69000
2246,8500
2247,33000
2248,27000
2249,44000
2250,48000
2251,13000
2252,12000
2253,8000
2254,24000
2255,69000
2256,12000
2257,12000
2258,23000
2259,55000
2260,14000
2261,28000
2262,7400
2263,8100
2264,8600
2265,13000
2266,15000
2267,700
2268,33000
2269,51000
2270,12000
2271,4800
2272,45000
2273,26000
2274,23000
2275,9900
2276,12000
2277,13000
2278,13000
2279,12000
2280,20000
2281,11000
2282,12000
2283,41000
2284,12000
2285,51000
2286,43000
2287,69000
2288,45000
2289,12000
2290,24000
2291,910
2292,30000
2293,4600
2294,66000
2295,12000
2296,12000
2297,64000
2298,13000
2299,42000
2300,25000
2301,13000
2302,41000
2303,43000
2304,51000
2305,28000
2306,12000
2307,25000
2308,13000
2309,20000
2310,13000
2311,13000
2312,10000
2313,31000
2314,12000
2315,13000
2316,9800
2317,13000
2318,12000
2319,13000
2320,13000
2321,13000
2322,53000
2323,10000
2324,69000
2325,13000
2326,13000
2327,12000
2328,41000
2329,11000
2330,69000
2331,5600
2332,20000
2333,13000
2334,12000
2335,40000
2336,25000
2337,69000
2338,13000
2339,49000
2340,13000
2341,29000
2342,9700
2343,28000
2344,35000
2345,38000
2346,12000
2347,37000
2348,22000
2349,43000
2350,13000
2351,13000
2352,12000
2353,56000
2354,18000
2355,13000
2356,25000
2357,12000
2358,20000
2359,12000
2360,7700
2361,18000
2362,69000
2363,12000
2364,23000
2365,15000
2366,24000
2367,12000
2368,11000
2369,13000
2370,35000
2371,25000
2372,12000
2373,34000
2374,40000
2375,15000
2376,16000
2377,6000
2378,21000
2379,47000
2380,63000
2381,31000
2382,43000
2383,17000
2384,56000
2385,41000
2386,30000
2387,11000
2388,33000
2389,35000
2390,40000
2391,3600
2392,12000
2393,53000
2394,14000
2395,26000
2396,8300
2397,5900
2398,46000
2399,53000
2400,6900
2401,1100
2402,14000
2403,13000
2404,13000
2405,23000
2406,17000
2407,69000
2408,19000
2409,13000
2410,28000
2411,69000
2412,13000
2413,11000
2414,25000
2415,69000
2416,5900
2417,26000
2418,13000
2419,52000
2420,48000
2421,48000
2422,69000
2423,4600
2424,16000
2425,7700
2426,22000
2427,12000
2428,16000
2429,9200
2430,52000
2431,12000
2432,13000
2433,69000
2434,6300
2435,37000
2436,46000
2437,47000
2438,12000
2439,13000
2440,14000
2441,32000
2442,16000
2443,5900
2444,24000
2445,43000
2446,29000
2447,36000
2448,31000
2449,12000
2450,11000
2451,48000
2452,50000
2453,5900
2454,13000
2455,42000
2456,25000
2457,15000
2458,69000
2459,15000
2460,35000
2461,60000
2462,27000
2463,21000
2464,38000
2465,12000
2466,36000
2467,45000
2468,31000
2469,21000
2470,280
2471,12000
2472,28000
2473,13000
2474,13000
2475,51000
2476,23000
2477,22000
2478,13000
2479,4800
2480,13000
2481,32000
2482,16000
2483,7500
2484,12000
2485,16000
2486,18000
2487,45000
2488,13000
2489,38000
2490,32000
2491,12000
2492,1500
2493,7300
2494,66000
2495,32000
2496,63000
2497,22000
2498,22000
2499,43000
2500,12000
2501,13000
2502,24000
2503,12000
2504,37000
2505,12000
2506,13000
2507,13000
2508,13000
2509,13000
2510,30000
2511,3400
2512,27000
2513,13000
2514,22000
2515,42000
2516,37000
2517,37000
2518,12000
2519,12000
2520,12000
2521,14000
2522,45000
2523,5800
2524,43000
2525,69000
2526,19000
2527,29000
2528,32000
2529,42000
2530,11000
2531,10000
2532,8100
2533,33000
2534,11000
2535,12000
2536,12000
2537,26000
2538,13000
2539,12000
2540,28000
2541,12000
2542,58000
2543,43000
2544,12000
2545,56000
2546,49000
2547,69000
2548,57000
2549,13000
2550,13000
2551,52000
2552,43000
2553,7700
2554,13000
2555,13000
2556,11000
2557,22000
2558,12000
2559,12000
2560,24000
2561,45000
2562,18000
2563,9800
2564,11000
2565,4800
2566,5000
2567,30000
2568,36000
2569,37000
2570,13000
2571,69000
2572,34000
2573,13000
2574,31000
2575,24000
2576,12000
2577,27000
2578,16000
2579,15000
2580,12000
2581,39000
2582,12000
2583,15000
2584,8700
2585,61000
2586,15000
2587,19000
2588,9800
2589,63000
2590,13000
2591,69000
2592,51000
2593,50000
2594,31000
2595,34000
2596,6100
2597,46000
2598,33000
2599,25000
2600,27000
2601,30000
2602,13000
2603,9300
2604,64000
2605,69000
2606,44000
2607,12000
2608,44000
2609,13000
2610,10000
2611,5900
2612,12000
2613,2200
2614,3000
2615,30000
2616,32000
2617,16000
2618,22000
2619,26000
2620,27000
2621,31000
2622,57000
2623,25000
2624,54000
2625,27000
2626,13000
2627,450
2628,12000
2629,2800
2630,36000
2631,47000
2632,69000
2633,38000
2634,4600
2635,4800
2636,32000
2637,41000
2638,32000
2639,36000
2640,22000
2641,13000
2642,6400
2643,12000
2644,31000
2645,38000
2646,29000
2647,17000
2648,33000
2649,49000
2650,47000
2651,12000
2652,13000
2653,17000
2654,13000
2655,12000
2656,4700
2657,5500
2658,34000
2659,57000
2660,7100
2661,12000
2662,42000
2663,20000
2664,6400
2665,53000
2666,20000
2667,21000
2668,12000
2669,8000
2670,41000
2671,13000
2672,13000
2673,69000
2674,8400
2675,13000
2676,35000
2677,9700
2678,13000
2679,25000
2680,43000
2681,12000
2682,31000
2683,27000
2684,10000
2685,12000
2686,35000
2687,12000
2688,4600
2689,12000
2690,19000
2691,45000
2692,40000
2693,25000
2694,6000
2695,13000
2696,16000
2697,25000
2698,12000
2699,47000
2700,30000
2701,20000
2702,44000
2703,10000
2704,5100
2705,12000
2706,58000
2707,34000
2708,12000
2709,56000
2710,12000
2711,12000
2712,27000
2713,15000
2714,13000
2715,12000
2716,6500
2717,12000
2718,9900
2719,69000
2720,13000
2721,52000
2722,18000
2723,13000
2724,13000
2725,13000
2726,38000
2727,53000
2728,17000
2729,24000
2730,60000
2731,30000
2732,13000
2733,26000
2734,30000
2735,13000
2736,13000
2737,12000
2738,19000
2739,12000
2740,12000
2741,69000
2742,7800
2743,34000
2744,42000
2745,46000
2746,13000
2747,28000
2748,25000
2749,9400
2750,12000
2751,17000
2752,12000
2753,51000
2754,21000
2755,12000
2756,67000
2757,13000
2758,19000
2759,49000
2760,63000
2761,27000
2762,12000
2763,30000
2764,31000
2765,34000
2766,25000
2767,17000
2768,12000
2769,43000
2770,47000
2771,13000
2772,24000
2773,13000
2774,13000
2775,9200
2776,6100
2777,5900
2778,13000
2779,16000
2780,26000
2781,12000
2782,12000
2783,13000
2784,38000
2785,8300
2786,5900
2787,33000
2788,13000
2789,69000
2790,5200
2791,23000
2792,10000
2793,54000
2794,12000
2795,18000
2796,12000
2797,69000
2798,12000
2799,51000
2800,20000
2801,57000
2802,13000
2803,42000
2804,42000
2805,13000
2806,17000
2807,12000
2808,35000
2809,35000
2810,23000
2811,5600
2812,36000
2813,27000
2814,11000
2815,12000
2816,50000
2817,20000
2818,13000
2819,23000
2820,41000
2821,3200
2822,15000
2823,22000
2824,18000
2825,54000
2826,26000
2827,43000
2828,12000
2829,13000
2830,12000
2831,8500
2832,12000
2833,45000
2834,32000
2835,12000
2836,39000
2837,32000
2838,14000
2839,14000
2840,7900
2841,8000
2842,12000
2843,21000
2844,11000
2845,33000
2846,41000
2847,18000
2848,16000
2849,3700
2850,13000
2851,28000
2852,12000
2853,12000
2854,31000
2855,12000
2856,13000
2857,67000
2858,6000
2859,36000
2860,40000
2861,11000
2862,35000
2863,9300
2864,13000
2865,41000
2866,21000
2867,13000
2868,43000
2869,12000
2870,14000
2871,44000
2872,5400
2873,5300
2874,63000
2875,37000
2876,15000
2877,8000
2878,7900
2879,12000
2880,11000
2881,13000
2882,12000
2883,30000
2884,20000
2885,51000
2886,69000
2887,43000
2888,23000
2889,30000
2890,48000
2891,32000
2892,13000
2893,36000
2894,12000
2895,15000
2896,36000
2897,13000
2898,4800
2899,13000
2900,27000
2901,49000
2902,12000
2903,65000
2904,21000
2905,35000
2906,7200
2907,35000
2908,43000
2909,13000
2910,31000
2911,7000
2912,28000
2913,18000
2914,59000
2915,22000
2916,18000
2917,17000
2918,13000
2919,27000
2920,25000
2921,16000
2922,13000
2923,19000
2924,53000
2925,51000
2926,21000
2927,11000
2928,13000
2929,15000
2930,5100
2931,54000
2932,12000
2933,12000
2934,12000
2935,12000
2936,21000
2937,58000
2938,47000
2939,26000
2940,14000
2941,65000
2942,34000
2943,26000
2944,12000
2945,13000
2946,32000
2947,13000
2948,12000
2949,28000
2950,12000
2951,69000
2952,8700
2953,42000
2954,32000
2955,12000
2956,13000
2957,69000
2958,12000
2959,4600
2960,11000
2961,13000
2962,15000
2963,5400
2964,37000
2965,12000
2966,6500
2967,13000
2968,13000
2969,51000
2970,13000
2971,36000
2972,12000
2973,13000
2974,13000
2975,3500
2976,15000
2977,12000
2978,25000
2979,12000
2980,47000
2981,58000
2982,30000
2983,51000
2984,2800
2985,12000
2986,22000
2987,13000
2988,44000
2989,25000
2990,13000
2991,13000
2992,21000
2993,69000
2994,29000
2995,18000
2996,69000
2997,37000
2998,19000
2999,5800
3000,12000
3001,25000
3002,20000
3003,13000
3004,39000
3005,8300
3006,12000
3007,41000
3008,24000
3009,30000
3010,27000
3011,6900
3012,52000
3013,28000
3014,31000
3015,4500
3016,3800
3017,27000
3018,12000
3019,56000
3020,36000
3021,35000
3022,6800
3023,6300
3024,13000
3025,10000
3026,46000
3027,26000
3028,12000
3029,29000
3030,9900
3031,17000
3032,12000
3033,12000
3034,43000
3035,19000
3036,13000
3037,56000
3038,32000
3039,47000
3040,12000
3041,9200
3042,41000
3043,33000
3044,1200
3045,28000
3046,5300
3047,25000
3048,3800
3049,18000
3050,31000
3051,32000
3052,12000
3053,8000
3054,24000
3055,12000
3056,43000
3057,13000
3058,12000
3059,38000
3060,13000
3061,55000
3062,22000
3063,13000
3064,48000
3065,13000
3066,37000
3067,21000
3068,16000
3069,52000
3070,4200
3071,5600
3072,67000
3073,13000
3074,36000
3075,47000
3076,21000
3077,18000
3078,61000
3079,27000
3080,12000
3081,12000
3082,69000
3083,10000
3084,42000
3085,69000
3086,12000
3087,52000
3088,20000
3089,25000
3090,8400
3091,21000
3092,37000
3093,12000
3094,5200
3095,30000
3096,11000
3097,36000
3098,56000
3099,34000
3100,17000
3101,56000
3102,29000
3103,19000
3104,21000
3105,18000
3106,6400
3107,21000
3108,29000
3109,43000
3110,12000
3111,15000
3112,13000
3113,8600
3114,12000
3115,5200
3116,29000
3117,61000
3118,2100
3119,45000
3120,13000
3121,30000
3122,42000
3123,12000
3124,17000
3125,66000
3126,34000
3127,40000
3128,17000
3129,1600
3130,13000
3131,12000
3132,2600
3133,12000
3134,10000
3135,42000
3136,13000
3137,20000
3138,42000
3139,48000
3140,30000
3141,14000
3142,69000
3143,12000
3144,13000
3145,12000
3146,13000
3147,19000
3148,13000
3149,69000
3150,12000
3151,47000
3152,19000
3153,15000
3154,12000
3155,12000
3156,6100
3157,5400
3158,12000
3159,2700
3160,6400
3161,47000
3162,10000
3163,12000
3164,28000
3165,17000
3166,53000
3167,2100
3168,3700
3169,8600
3170,53000
3171,27000
3172,37000
3173,31000
3174,13000
3175,26000
3176,10000
3177,13000
3178,13000
3179,8600
3180,13000
3181,13000
3182,6700
3183,33000
3184,56000
3185,51000
3186,2500
3187,15000
3188,23000
3189,7000
3190,5000
3191,32000
3192,5900
3193,33000
3194,16000
3195,3900
3196,13000
3197,9900
3198,13000
3199,48000
3200,12000
3201,7700
3202,43000
3203,41000
3204,19000
3205,13000
3206,25000
3207,23000
3208,12000
3209,42000
3210,26000
3211,69000
3212,13000
3213,69000
3214,69000
3215,12000
3216,52000
3217,7000
3218,59000
3219,27000
3220,1400
3221,31000
3222,69000
3223,820
3224,69000
3225,12000
3226,11000
3227,6300
3228,3600
3229,16000
3230,12000
3231,22000
3232,20000
3233,5900
3234,39000
3235,34000
3236,14000
3237,69000
3238,15000
3239,12000
3240,22000
3241,16000
3242,16000
3243,12000
3244,15000
3245,7400
3246,24000
3247,5800
3248,5900
3249,13000
3250,24000
3251,13000
3252,15000
3253,1800
3254,12000
3255,12000
3256,1400
3257,7200
3258,6700
3259,14000
3260,6100
3261,13000
3262,12000
3263,24000
3264,35000
3265,26000
3266,53000
3267,63000
3268,13000
3269,29000
3270,17000
3271,43000
3272,18000
3273,6700
3274,39000
3275,9800
3276,69000
3277,29000
3278,32000
3279,11000
3280,50000
3281,13000
3282,4100
3283,52000
3284,37000
3285,56000
3286,31000
3287,12000
3288,12000
3289,12000
3290,32000
3291,9400
3292,23000
3293,5400
3294,2800
3295,15000
3296,10000
3297,11000
3298,12000
3299,12000
3300,5800
3301,27000
3302,57000
3303,69000
3304,48000
3305,24000
3306,50000
3307,12000
3308,16000
3309,12000
3310,12000
3311,9600
3312,69000
3313,13000
3314,20000
3315,12000
3316,41000
3317,43000
3318,46000
3319,21000
3320,69000
3321,13000
3322,13000
3323,67000
3324,12000
3325,49000
3326,12000
3327,4400
3328,40000
3329,23000
3330,13000
3331,13000
3332,22000
3333,41000
3334,39000
3335,69000
3336,12000
3337,6000
3338,2000
3339,52000
3340,12000
3341,4200
3342,24000
3343,13000
3344,25000
3345,18000
3346,24000
3347,29000
3348,53000
3349,13000
3350,23000
3351,20000
3352,12000
3353,16000
3354,12000
3355,1900
3356,28000
3357,6900
3358,28000
3359,26000
3360,13000
3361,69000
3362,50000
3363,16000
3364,12000
3365,12000
3366,28000
3367,11000
3368,16000
3369,31000
3370,8600
3371,13000
3372,32000
3373,26000
3374,39000
3375,52000
3376,55000
3377,25000
3378,35000
3379,12000
3380,23000
3381,12000
3382,12000
3383,56000
3384,16000
3385,13000
3386,12000
3387,34000
3388,51000
3389,51000
3390,69000
3391,7000
3392,12000
3393,12000
3394,21000
3395,19000
3396,8300
3397,9300
3398,12000
3399,7600
3400,13000
3401,14000
3402,25000
3403,12000
3404,12000
3405,12000
3406,38000
3407,33000
3408,8000
3409,12000
3410,12000
3411,49000
3412,49000
3413,20000
3414,41000
3415,39000
3416,19000
3417,5400
3418,13000
3419,13000
3420,69000
3421,16000
3422,32000
3423,16000
3424,37000
3425,12000
3426,13000
3427,12000
3428,69000
3429,4100
3430,35000
3431,12000
3432,2200
3433,47000
3434,7900
3435,5200
3436,25000
3437,44000
3438,18000
3439,58000
3440,11000
3441,13000
3442,7400
3443,31000
3444,13000
3445,15000
3446,30000
3447,8100
3448,62000
3449,13000
3450,45000
3451,32000
3452,2700
3453,69000
3454,53000
3455,38000
3456,69000
3457,35000
3458,8100
3459,13000
3460,34000
3461,28000
3462,11000
3463,13000
3464,13000
3465,32000
3466,13000
3467,46000
3468,69000
3469,41000
3470,24000
3471,15000
3472,5200
3473,21000
3474,52000
3475,21000
3476,13000
3477,27000
3478,28000
3479,19000
3480,13000
3481,23000
3482,29000
3483,19000
3484,17000
3485,58000
3486,7200
3487,13000
3488,64000
3489,9200
3490,31000
3491,29000
3492,6100
3493,56000
3494,13000
3495,45000
3496,13000
3497,50000
3498,69000
3499,20000
3500,69000
3501,22000
3502,13000
3503,4500
3504,15000
3505,29000
3506,13000
3507,32000
3508,22000
3509,12000
3510,39000
3511,8400
3512,49000
3513,9500
3514,13000
3515,19000
3516,29000
3517,12000
3518,19000
3519,40000
3520,20000
3521,49000
3522,41000
3523,44000
3524,12000
3525,31000
3526,13000
3527,13000
3528,38000
3529,36000
3530,5500
3531,12000
3532,11000
3533,13000
3534,7900
3535,24000
3536,28000
3537,69000
3538,7000
3539,25000
3540,3200
3541,21000
3542,13000
3543,56000
3544,17000
3545,18000
3546,13000
3547,2400
3548,28000
3549,69000
3550,14000
3551,13000
3552,51000
3553,33000
3554,62000
3555,2900
3556,19000
3557,11000
3558,28000
3559,12000
3560,36000
3561,12000
3562,13000
3563,27000
3564,17000
3565,12000
3566,7800
3567,11000
3568,10000
3569,69000
3570,15000
3571,7800
3572,43000
3573,12000
3574,32000
3575,48000
3576,69000
3577,23000
3578,7700
3579,27000
3580,13000
3581,6700
3582,31000
3583,13000
3584,12000
3585,35000
3586,58000
3587,21000
3588,14000
3589,40
3590,13000
3591,13000
3592,12000
3593,24000
3594,13000
3595,32000
3596,10000
3597,37000
3598,35000
3599,29000
3600,6100
3601,30000
3602,8700
3603,31000
3604,20000
3605,29000
3606,33000
3607,13000
3608,25000
3609,7400
3610,43000
3611,6700
3612,13000
3613,3100
3614,4600
3615,12000
3616,33000
3617,33000
3618,55000
3619,37000
3620,27000
3621,7600
3622,5600
3623,69000
3624,43000
3625,19000
3626,13000
3627,15000
3628,21000
3629,43000
3630,16000
3631,18000
3632,24000
3633,69000
3634,50000
3635,12000
3636,8400
3637,28000
3638,39000
3639,60000
3640,16000
3641,27000
3642,22000
3643,34000
3644,7800
3645,20000
3646,19000
3647,36000
3648,44000
3649,69000
3650,69000
3651,13000
3652,7400
3653,12000
3654,30000
3655,13000
3656,44000
3657,12000
3658,17000
3659,4900
3660,13000
3661,48000
3662,13000
3663,13000
3664,8900
3665,35000
3666,32000
3667,10000
3668,5300
3669,3000
3670,24000
3671,40000
3672,4900
3673,12000
3674,23000
3675,25000
3676,21000
3677,8500
3678,23000
3679,42000
3680,33000
3681,12000
3682,12000
3683,6700
3684,5200
3685,370
3686,12000
3687,4900
3688,17000
3689,30000
3690,3700
3691,40000
3692,12000
3693,39000
3694,33000
3695,13000
3696,23000
3697,13000
3698,28000
3699,35000
3700,19000
3701,5700
3702,31000
3703,10000
3704,43000
3705,35000
3706,13000
3707,13000
3708,57000
3709,2000
3710,12000
3711,2100
3712,28000
3713,13000
3714,4700
3715,30000
3716,12000
3717,55000
3718,26000
3719,17000
3720,21000
3721,15000
3722,12000
3723,12000
3724,13000
3725,24000
3726,30000
3727,33000
3728,64000
3729,42000
3730,49000
3731,12000
3732,8500
3733,10000
3734,9300
3735,39000
3736,8400
3737,13000
3738,15000
3739,13000
3740,28000
3741,25000
3742,24000
3743,12000
3744,13000
3745,42000
3746,60000
3747,53000
3748,2000
3749,12000
3750,23000
3751,31000
3752,12000
3753,25000
3754,15000
3755,5500
3756,69000
3757,13000
3758,41000
3759,47000
3760,59000
3761,34000
3762,52000
3763,12000
3764,13000
3765,19000
3766,65000
3767,18000
3768,12000
3769,13000
3770,8900
3771,12000
3772,31000
3773,13000
3774,24000
3775,43000
3776,68000
3777,69000
3778,5900
3779,23000
3780,23000
3781,32000
3782,33000
3783,27000
3784,13000
3785,39000
3786,28000
3787,42000
3788,15000
3789,15000
3790,48000
3791,22000
3792,12000
3793,53000
3794,38000
3795,13000
3796,12000
3797,51000
3798,27000
3799,12000
3800,28000
3801,62000
3802,5900
3803,54000
3804,2400
3805,42000
3806,30000
3807,69000
3808,36000
3809,24000
3810,32000
3811,25000
3812,12000
3813,39000
3814,16000
3815,55000
3816,2200
3817,15000
3818,85
3819,21000
3820,45000
3821,28000
3822,21000
3823,12000
3824,47000
3825,8400
3826,39000
3827,13000
3828,14000
3829,24000
3830,9100
3831,11000
3832,12000
3833,8400
3834,13000
3835,13000
3836,8900
3837,38000
3838,25000
3839,42000
3840,12000
3841,69000
3842,7600
3843,13000
3844,4700
3845,48000
3846,41000
3847,7300
3848,42000
3849,5300
3850,5900
3851,23000
3852,17000
3853,8000
3854,13000
3855,7400
3856,29000
3857,9200
3858,9200
3859,26000
3860,5800
3861,12000
3862,19000
3863,12000
3864,13000
3865,49000
3866,12000
3867,12000
3868,28000
3869,58000
3870,13000
3871,16000
3872,13000
3873,21000
3874,12000
3875,13000
3876,41000
3877,4600
3878,25000
3879,51000
3880,12000
3881,34000
3882,12000
3883,16000
3884,13000
3885,38000
3886,36000
3887,45000
3888,13000
3889,40000
3890,64000
3891,30000
3892,11000
3893,16000
3894,13000
3895,35000
3896,10000
3897,12000
3898,10000
3899,45000
3900,12000
3901,24000
3902,4300
3903,38000
3904,30000
3905,33000
3906,11000
3907,47000
3908,6800
3909,13000
3910,23000
3911,63000
3912,14000
3913,65000
3914,17000
3915,29000
3916,18000
3917,11000
3918,23000
3919,25000
3920,12000
3921,13000
3922,20000
3923,36000
3924,39000
3925,13000
3926,22000
3927,28000
3928,16000
3929,37000
3930,7000
3931,11000
3932,13000
3933,52000
3934,25000
3935,12000
3936,13000
3937,4800
3938,22000
3939,8400
3940,13000
3941,13000
3942,68000
3943,12000
3944,30000
3945,26000
3946,32000
3947,19000
3948,45000
3949,27000
3950,22000
3951,16000
3952,12000
3953,13000
3954,12000
3955,13000
3956,29000
3957,14000
3958,12000
3959,12000
3960,32000
3961,29000
3962,13000
3963,13000
3964,49000
3965,3800
3966,21000
3967,16000
3968,19000
3969,31000
3970,15000
3971,40000
3972,4100
3973,12000
3974,51000
3975,13000
3976,47000
3977,12000
3978,9500
3979,16000
3980,41000
3981,69000
3982,15000
3983,13000
3984,13000
3985,51000
3986,11000
3987,13000
3988,25000
3989,25000
3990,50000
3991,4600
3992,26000
3993,40000
3994,52000
3995,39000
3996,13000
3997,4800
3998,69000
3999,42000
4000,20000
4001,33000
4002,57000
4003,31000
4004,13000
4005,28000
4006,12000
4007,26000
4008,1300
4009,15000
4010,50000
4011,51000
4012,48000
4013,6100
4014,17000
4015,7600
4016,21000
4017,52000
4018,11000
4019,40000
4020,39000
4021,25000
4022,40000
4023,13000
4024,20000
4025,33000
4026,69000
4027,19000
4028,12000
4029,19000
4030,20000
4031,7100
4032,18000
4033,57000
4034,12000
4035,22000
4036,11000
4037,36000
4038,28000
4039,36000
4040,12000
4041,29000
4042,44000
4043,6200
4044,7000
4045,29000
4046,12000
4047,34000
4048,20000
4049,4700
4050,44000
4051,32000
4052,41000
4053,32000
4054,12000
4055,12000
4056,62000
4057,12000
4058,17000
4059,14000
4060,24000
4061,13000
4062,31000
4063,7200
4064,42000
4065,31000
4066,13000
4067,61000
4068,26000
4069,43000
4070,12000
4071,12000
4072,34000
4073,4900
4074,38000
4075,12000
4076,69000
4077,19000
4078,34000
4079,32000
4080,24000
4081,30000
4082,13000
4083,14000
4084,9400
4085,45000
4086,38000
4087,13000
4088,12000
4089,15000
4090,12000
4091,36000
4092,14000
4093,29000
4094,51000
4095,12000
4096,16000
4097,13000
4098,17000
4099,25000
4100,8000
4101,28000
4102,9700
4103,12000
4104,69000
4105,8700
4106,13000
4107,5600
4108,9700
4109,46000
4110,35000
4111,16000
4112,47000
4113,17000
4114,35000
4115,13000
4116,13000
4117,14000
4118,18000
4119,5700
4120,5800
4121,20000
4122,37000
4123,43000
4124,6900
4125,12000
4126,13000
4127,13000
4128,20000
4129,13000
4130,29000
4131,42000
4132,52000
4133,34000
4134,9400
4135,22000
4136,38000
4137,51000
4138,12000
4139,48000
4140,30000
4141,11000
4142,39000
4143,33000
4144,12000
4145,50000
4146,59000
4147,12000
4148,46000
4149,20000
4150,30000
4151,9000
4152,16000
4153,24000
4154,9700
4155,12000
4156,13000
4157,9500
4158,13000
4159,12000
4160,19000
4161,50000
4162,950
4163,28000
4164,42000
4165,30000
4166,39000
4167,23000
4168,15000
4169,66000
4170,12000
4171,32000
4172,8300
4173,13000
4174,44000
4175,4900
4176,13000
4177,11000
4178,13000
4179,22000
4180,13000
4181,66000
4182,12000
4183,45000
4184,27000
4185,22000
4186,47000
4187,13000
4188,13000
4189,17000
4190,17000
4191,12000
4192,48000
4193,51000
4194,35000
4195,15000
4196,12000
4197,15000
4198,4700
4199,44000
4200,48000
4201,28000
4202,13000
4203,30000
4204,12000
4205,30000
4206,54000
4207,22000
4208,12000
4209,12000
4210,65000
4211,14000
4212,49000
4213,45000
4214,32000
4215,50000
4216,7400
4217,12000
4218,13000
4219,25000
4220,35000
4221,13000
4222,52000
4223,13000
4224,13000
4225,50000
4226,19000
4227,13000
4228,51000
4229,9400
4230,39000
4231,12000
4232,13000
4233,44000
4234,58000
4235,13000
4236,2000
4237,12000
4238,12000
4239,39000
4240,12000
4241,11000
4242,52000
4243,52000
4244,12000
4245,25000
4246,12000
4247,26000
4248,20000
4249,20000
4250,43000
4251,16000
4252,26000
4253,13000
4254,24000
4255,13000
4256,39000
4257,19000
4258,36000
4259,13000
4260,6500
4261,17000
4262,48000
4263,39000
4264,13000
4265,16000
4266,24000
4267,13000
4268,27000
4269,7500
4270,33000
4271,29000
4272,24000
4273,12000
4274,19000
4275,43000
4276,8700
4277,11000
4278,16000
4279,69000
4280,24000
4281,9900
4282,20000
4283,42000
4284,12000
4285,12000
4286,69000
4287,13000
4288,21000
4289,69000
4290,39000
4291,16000
4292,55000
4293,9400
4294,42000
4295,63000
4296,69000
4297,17000
4298,11000
4299,57000
4300,30000
4301,4200
4302,6700
4303,69000
4304,9100
4305,19000
4306,20000
4307,3300
4308,7100
4309,40000
4310,41000
4311,36000
4312,11000
4313,33000
4314,9500
4315,38000
4316,19000
4317,17000
4318,8900
4319,21000
4320,7700
4321,13000
4322,34000
4323,18000
4324,9000
4325,7500
4326,12000
4327,30000
4328,33000
4329,9800
4330,11000
4331,13000
4332,12000
4333,13000
4334,24000
4335,20000
4336,69000
4337,69000
4338,29000
4339,12000
4340,13000
4341,31000
4342,40000
4343,12000
4344,13000
4345,7400
4346,43000
4347,18000
4348,38000
4349,5800
4350,13000
4351,69000
4352,13000
4353,12000
4354,13000
4355,34000
4356,57000
4357,1300
4358,25000
4359,1400
4360,2200
4361,25000
4362,26000
4363,4400
4364,15000
4365,8400
4366,69000
4367,12000
4368,12000
4369,30000
4370,51000
4371,6500
4372,13000
4373,29000
4374,32000
4375,27000
4376,31000
4377,12000
4378,34000
4379,5000
4380,5900
4381,29000
4382,25000
4383,4200
4384,12000
4385,56000
4386,23000
4387,10000
4388,14000
4389,27000
4390,9800
4391,7100
4392,9200
4393,55000
4394,31000
4395,55000
4396,18000
4397,35000
4398,37000
4399,52000
4400,13000
4401,12000
4402,34000
4403,1900
4404,37000
4405,26000
4406,43000
4407,45000
4408,39000
4409,69000
4410,10000
4411,22000
4412,13000
4413,55000
4414,12000
4415,13000
4416,37000
4417,11000
4418,25000
4419,11000
4420,18000
4421,7600
4422,47000
4423,35000
4424,27000
4425,22000
4426,18000
4427,34000
4428,26000
4429,34000
4430,44000
4431,24000
4432,31000
4433,69000
4434,5900
4435,28000
4436,12000
4437,12000
4438,21000
4439,12000
4440,12000
4441,37000
4442,13000
4443,14000
4444,7100
4445,35000
4446,13000
4447,12000
4448,6100
4449,12000
4450,12000
4451,15000
4452,23000
4453,12000
4454,25000
4455,60000
4456,13000
4457,9500
4458,31000
4459,42000
4460,13000
4461,20000
4462,35000
4463,13000
4464,12000
4465,12000
4466,13000
4467,13000
4468,14000
4469,12000
4470,7800
4471,21000
4472,1600
4473,43000
4474,64000
4475,21000
4476,6400
4477,20000
4478,1400
4479,30000
4480,8000
4481,21000
4482,17000
4483,10000
4484,30000
4485,12000
4486,12000
4487,15000
4488,12000
4489,12000
4490,7900
4491,17000
4492,12000
4493,13000
4494,69000
4495,23000
4496,13000
4497,13000
4498,24000
4499,12000
4500,51000
4501,50000
4502,36000
4503,13000
4504,16000
4505,50000
4506,47000
4507,13000
4508,24000
4509,22000
4510,46000
4511,2700
4512,12000
4513,15000
4514,63000
4515,43000
4516,69000
4517,9400
4518,26000
4519,40000
4520,42000
4521,13000
4522,13000
4523,22000
4524,69000
4525,43000
4526,12000
4527,12000
4528,5300
4529,12000
4530,12000
4531,13000
4532,21000
4533,36000
4534,69000
4535,13000
4536,17000
4537,55000
4538,12000
4539,7300
4540,42000
4541,13000
4542,52000
4543,44000
4544,55000
4545,4500
4546,22000
4547,20000
4548,20000
4549,13000
4550,8700
4551,69000
4552,28000
4553,54000
4554,13000
4555,12000
4556,69000
4557,39000
4558,26000
4559,28000
4560,6100
4561,63000
4562,62000
4563,28000
4564,12000
4565,12000
4566,24000
4567,40000
4568,41000
4569,5300
4570,13000
4571,13000
4572,29000
4573,6100
4574,69000
4575,12000
4576,28000
4577,32000
4578,13000
4579,54000
4580,22000
4581,7900
4582,49000
4583,28000
4584,20000
4585,18000
4586,5600
4587,12000
4588,32000
4589,12000
4590,57000
4591,7100
4592,40000
4593,7800
4594,13000
4595,51000
4596,41000
4597,13000
4598,48000
4599,42000
4600,2000
4601,21000
4602,13000
4603,7200
4604,52000
4605,4400
4606,12000
4607,17000
4608,69000
4609,18000
4610,38000
4611,31000
4612,15000
4613,12000
4614,10000
4615,48000
4616,5400
4617,56000
4618,38000
4619,2100
4620,53000
4621,13000
4622,28000
4623,37000
4624,32000
4625,17000
4626,13000
4627,29000
4628,12000
4629,1500
4630,13000
4631,26000
4632,23000
4633,52000
4634,12000
4635,12000
4636,31000
4637,24000
4638,12000
4639,12000
4640,57000
4641,13000
4642,13000
4643,13000
4644,40000
4645,7500
4646,2800
4647,52000
4648,13000
4649,12000
4650,21000
4651,4600
4652,32000
4653,13000
4654,30000
4655,32000
4656,12000
4657,20000
4658,42000
4659,54000
4660,69000
4661,19000
4662,5800
4663,8700
4664,5200
4665,4100
4666,13000
4667,38000
4668,7800
4669,12000
4670,12000
4671,44000
4672,12000
4673,64000
4674,45000
4675,12000
4676,49000
4677,5900
4678,57000
4679,13000
4680,45000
4681,12000
4682,43000
4683,6100
4684,13000
4685,6500
4686,31000
4687,37000
4688,13000
4689,12000
4690,13000
4691,42000
4692,69000
4693,31000
4694,7400
4695,13000
4696,12000
4697,69000
4698,13000
4699,18000
4700,11000
4701,31000
4702,38000
4703,5600
4704,31000
4705,69000
4706,12000
4707,13000
4708,14000
4709,13000
4710,20000
4711,66000
4712,12000
4713,29000
4714,7500
4715,12000
4716,16000
4717,9100
4718,27000
4719,47000
4720,48000
4721,13000
4722,15000
4723,48000
4724,20000
4725,16000
4726,930
4727,12000
4728,4700
4729,12000
4730,8100
4731,57000
4732,5700
4733,35000
4734,19000
4735,13000
4736,30000
4737,13000
4738,67000
4739,10000
4740,12000
4741,12000
4742,29000
4743,69000
4744,13000
4745,43000
4746,30000
4747,22000
4748,5500
4749,11000
4750,8300
4751,9400
4752,42000
4753,39000
4754,12000
4755,48000
4756,12000
4757,19000
4758,18000
4759,13000
4760,18000
4761,14000
4762,15000
4763,33000
4764,52000
4765,69000
4766,22000
4767,30000
4768,50000
4769,45000
4770,11000
4771,12000
4772,12000
4773,51000
4774,22000
4775,32000
4776,26000
4777,13000
4778,20000
4779,41000
4780,34000
4781,13000
4782,12000
4783,1500
4784,28000
4785,3900
4786,65000
4787,28000
4788,17000
4789,43000
4790,28000
4791,27000
4792,29000
4793,6300
4794,45000
4795,25000
4796,5200
4797,12000
4798,13000
4799,20000
4800,13000
4801,13000
4802,20000
4803,15000
4804,43000
4805,22000
4806,18000
4807,16000
4808,3700
4809,25000
4810,1400
4811,7700
4812,45000
4813,5500
4814,12000
4815,13000
4816,12000
4817,13000
4818,5800
4819,37000
4820,13000
4821,16000
4822,11000
4823,12000
4824,6700
4825,31000
4826,22000
4827,12000
4828,12000
4829,39000
4830,15000
4831,30000
4832,42000
4833,41000
4834,22000
4835,13000
4836,12000
4837,4100
4838,28000
4839,29000
4840,15000
4841,17000
4842,21000
4843,42000
4844,9800
4845,12000
4846,61000
4847,25000
4848,50000
4849,13000
4850,12000
4851,13000
4852,16000
4853,19000
4854,12000
4855,8300
4856,46000
4857,44000
4858,12000
4859,28000
4860,25000
4861,13000
4862,8300
4863,20000
4864,40000
4865,46000
4866,15000
4867,39000
4868,12000
4869,19000
4870,57000
4871,13000
4872,9400
4873,12000
4874,11000
4875,35000
4876,13000
4877,68000
4878,42000
4879,23000
4880,36000
4881,16000
4882,42000
4883,14000
4884,9600
4885,20000
4886,17000
4887,12000
4888,69000
4889,26000
4890,6900
4891,12000
4892,5900
4893,69000
4894,13000
4895,16000
4896,5400
4897,41000
4898,18000
4899,62000
4900,12000
4901,44000
4902,12000
4903,24000
4904,8300
4905,10000
4906,34000
4907,12000
4908,3000
4909,33000
4910,13000
4911,12000
4912,1200
4913,13000
4914,11000
4915,53000
4916,48000
4917,6000
4918,13000
4919,25000
4920,44000
4921,11000
4922,69000
4923,8900
4924,15000
4925,12000
4926,35000
4927,40000
4928,18000
4929,12000
4930,3200
4931,17000
4932,12000
4933,24000
4934,12000
4935,19000
4936,17000
4937,69000
4938,13000
4939,12000
4940,35000
4941,42000
4942,12000
4943,13000
4944,9900
4945,45000
4946,46000
4947,41000
4948,14000
4949,23000
4950,18000
4951,7900
4952,25000
4953,4300
4954,12000
4955,24000
4956,13000
4957,4900
4958,57000
4959,13000
4960,12000
4961,13000
4962,24000
4963,40000
4964,12000
4965,43000
4966,31000
4967,13000
4968,39000
4969,29000
4970,49000
4971,20000
4972,3800
4973,13000
4974,63000
4975,22000
4976,69000
4977,37000
4978,5100
4979,9800
4980,26000
4981,31000
4982,12000
4983,1600
4984,7200
4985,28000
4986,12000
4987,5200
4988,33000
4989,1600
4990,9500
4991,8400
4992,12000
4993,2200
4994,9200
4995,12000
4996,22000
4997,8900
4998,33000
4999,23000
5000,13000
5001,12000
5002,4800
5003,13000
5004,41000
5005,66000
5006,49000
5007,29000
5008,25000
5009,12000
5010,19000
5011,26000
5012,13000
5013,42000
5014,13000
5015,11000
5016,25000
5017,11000
5018,5900
5019,36000
5020,22000
5021,25000
5022,69000
5023,12000
5024,14000
5025,2600
5026,16000
5027,22000
5028,51000
5029,13000
5030,25000
5031,12000
5032,16000
5033,6000
5034,12000
5035,28000
5036,69000
5037,32000
5038,36000
5039,7300
5040,43000
5041,12000
5042,12000
5043,9700
5044,69000
5045,4500
5046,6200
5047,48000
5048,25000
5049,6800
5050,30000
5051,47000
5052,8700
5053,69000
5054,57000
5055,12000
5056,17000
5057,25000
5058,8100
5059,41000
5060,12000
5061,30000
5062,40000
5063,23000
5064,13000
5065,6000
5066,23000
5067,14000
5068,24000
5069,16000
5070,11000
5071,58000
5072,41000
5073,45000
5074,62000
5075,52000
5076,19000
5077,39000
5078,13000
5079,48000
5080,38000
5081,5500
5082,51000
5083,13000
5084,35000
5085,51000
5086,12000
5087,6400
5088,17000
5089,12000
5090,27000
5091,12000
5092,46000
5093,69000
5094,12000
5095,40000
5096,19000
5097,1200
5098,3600
5099,13000
5100,17000
5101,4600
5102,24000
5103,48000
5104,9200
5105,12000
5106,26000
5107,55000
5108,20000
5109,28000
5110,38000
5111,16000
5112,15000
5113,24000
5114,49000
5115,12000
5116,33000
5117,12000
5118,58000
5119,13000
5120,15000
5121,7400
5122,12000
5123,6400
5124,10000
5125,13000
5126,22000
5127,15000
5128,12000
5129,49000
5130,50000
5131,4800
5132,39000
5133,8300
5134,28000
5135,43000
5136,33000
5137,2800
5138,8900
5139,33000
5140,12000
5141,10000
5142,13000
5143,13000
5144,5000
5145,11000
5146,12000
5147,26000
5148,12000
5149,69000
5150,32000
5151,39000
5152,13000
5153,8300
5154,12000
5155,16000
5156,11000
5157,16000
5158,13000
5159,15000
5160,1100
5161,52000
5162,17000
5163,13000
5164,8300
5165,69000
5166,13000
5167,16000
5168,30000
5169,12000
5170,22000
5171,45000
5172,12000
5173,25000
5174,28000
5175,48000
5176,9600
5177,25000
5178,11000
5179,32000
5180,48000
5181,13000
5182,12000
5183,12000
5184,40000
5185,2500
5186,51000
5187,32000
5188,36000
5189,13000
5190,13000
5191,44000
5192,11000
5193,51000
5194,13000
5195,49000
5196,5800
5197,13000
5198,43000
5199,12000
5200,18000
5201,2100
5202,12000
5203,2500
5204,51000
5205,4300
5206,43000
5207,13000
5208,39000
5209,39000
5210,13000
5211,27000
5212,13000
5213,4700
5214,26000
5215,24000
5216,8200
5217,1400
5218,28000
5219,62000
5220,7400
5221,46000
5222,15000
5223,27000
5224,13000
5225,5800
5226,12000
5227,1600
5228,13000
5229,53000
5230,14000
5231,18000
5232,13000
5233,12000
5234,5900
5235,25000
5236,19000
5237,45000
5238,52000
5239,16000
5240,13000
5241,21000
5242,12000
5243,12000
5244,12000
5245,11000
5246,12000
5247,8800
5248,31000
5249,13000
5250,13000
5251,7700
5252,13000
5253,32000
5254,52000
5255,32000
5256,43000
5257,48000
5258,11000
5259,14000
5260,12000
5261,12000
5262,840
5263,7000
5264,4200
5265,38000
5266,13000
5267,7400
5268,8400
5269,30000
5270,25000
5271,8700
5272,20000
5273,45000
5274,12000
5275,47000
5276,13000
5277,28000
5278,25000
5279,10000
5280,64000
5281,9100
5282,23000
5283,14000
5284,12000
5285,13000
5286,26000
5287,22000
5288,13000
5289,9900
5290,20000
5291,14000
5292,26000
5293,13000
5294,13000
5295,28000
5296,12000
5297,12000
5298,43000
5299,55000
5300,40000
5301,56000
5302,51000
5303,69000
5304,22000
5305,38000
5306,21000
5307,52000
5308,11000
5309,52000
5310,35000
5311,30000
5312,25000
5313,24000
5314,37000
5315,9000
5316,54000
5317,69000
5318,22000
5319,13000
5320,13000
5321,8700
5322,40000
5323,6100
5324,17000
5325,35000
5326,33000
5327,8000
5328,2000
5329,49000
5330,64000
5331,28000
5332,56000
5333,13000
5334,42000
5335,9300
5336,12000
5337,43000
5338,7400
5339,12000
5340,15000
5341,16000
5342,32000
5343,14000
5344,58000
5345,12000
5346,16000
5347,25000
5348,14000
5349,19000
5350,13000
5351,34000
5352,12000
5353,6800
5354,12000
5355,9000
5356,5200
5357,6100
5358,12000
5359,44000
5360,13000
5361,17000
5362,40000
5363,44000
5364,39000
5365,5300
5366,5500
5367,64000
5368,25000
5369,4700
5370,21000
5371,25000
5372,16000
5373,13000
5374,52000
5375,13000
5376,69000
5377,52000
5378,25000
5379,20000
5380,8400
5381,28000
5382,25000
5383,12000
5384,12000
5385,49000
5386,68000
5387,40000
5388,46000
5389,33000
5390,13000
5391,7000
5392,67000
5393,11000
5394,13000
5395,55000
5396,10000
5397,42000
5398,13000
5399,39000
5400,20000
5401,52000
5402,31000
5403,22000
5404,22000
5405,30000
5406,2700
5407,18000
5408,5100
5409,13000
5410,12000
5411,32000
5412,39000
5413,5500
5414,13000
5415,11000
5416,43000
5417,7700
5418,13000
5419,18000
5420,45000
5421,12000
5422,8900
5423,19000
5424,48000
5425,30000
5426,9700
5427,38000
5428,15000
5429,29000
5430,12000
5431,6800
5432,27000
5433,17000
5434,12000
5435,35000
5436,41000
5437,25000
5438,43000
5439,22000
5440,12000
5441,12000
5442,13000
5443,14000
5444,6200
5445,13000
5446,69000
5447,12000
5448,20000
5449,7500
5450,14000
5451,33000
5452,30000
5453,13000
5454,15000
5455,13000
5456,69000
5457,37000
5458,24000
5459,53000
5460,12000
5461,13000
5462,69000
5463,28000
5464,24000
5465,13000
5466,35000
5467,17000
5468,12000
5469,47000
5470,1000
5471,11000
5472,13000
5473,68000
5474,13000
5475,51000
5476,22000
5477,69000
5478,27000
5479,13000
5480,29000
5481,29000
5482,5400
5483,31000
5484,45000
5485,13000
5486,13000
5487,38000
5488,48000
5489,37000
5490,13000
5491,43000
5492,17000
5493,12000
5494,46000
5495,15000
5496,69000
5497,36000
5498,8400
5499,37000
5500,22000
5501,62000
5502,37000
5503,48000
5504,8900
5505,16000
5506,37000
5507,55000
5508,46000
5509,14000
5510,12000
5511,46000
5512,28000
5513,12000
5514,12000
5515,42000
5516,41000
5517,13000
5518,5700
5519,69000
5520,62000
5521,43000
5522,8300
5523,12000
5524,55000
5525,5600
5526,24000
5527,12000
5528,33000
5529,69000
5530,13000
5531,15000
5532,39000
5533,31000
5534,9200
5535,27000
5536,31000
5537,69000
5538,46000
5539,18000
5540,16000
5541,16000
5542,56000
5543,7100
5544,6700
5545,58000
5546,12000
5547,49000
5548,24000
5549,17000
5550,30000
5551,12000
5552,30000
5553,25000
5554,9700
5555,1400
5556,19000
5557,13000
5558,42000
5559,36000
5560,12000
5561,11000
5562,39000
5563,5900
5564,27000
5565,55000
5566,13000
5567,6800
5568,13000
5569,12000
5570,44000
5571,39000
5572,13000
5573,13000
5574,25000
5575,12000
5576,44000
5577,5000
5578,8400
5579,59000
5580,25000
5581,12000
5582,8200
5583,32000
5584,13000
5585,24000
5586,4300
5587,27000
5588,28000
5589,42000
5590,12000
5591,32000
5592,20000
5593,41000
5594,17000
5595,54000
5596,32000
5597,12000
5598,28000
5599,21000
5600,13000
5601,12000
5602,40000
5603,69000
5604,8400
5605,61000
5606,13000
5607,13000
5608,21000
5609,12000
5610,53000
5611,37000
5612,13000
5613,13000
5614,12000
5615,52000
5616,13000
5617,13000
5618,2800
5619,9700
5620,6300
5621,12000
5622,12000
5623,33000
5624,23000
5625,45000
5626,25000
5627,12000
5628,13000
5629,56000
5630,12000
5631,69000
5632,12000
5633,12000
5634,13000
5635,1600
5636,34000
5637,32000
5638,12000
5639,4200
5640,13000
5641,13000
5642,9200
5643,13000
5644,40000
5645,12000
5646,21000
5647,13000
5648,13000
5649,13000
5650,13000
5651,37000
5652,25000
5653,12000
5654,19000
5655,21000
5656,18000
5657,13000
5658,13000
5659,51000
5660,40000
5661,9200
5662,13000
5663,47000
5664,12000
5665,59000
5666,13000
5667,49000
5668,28000
5669,42000
5670,50000
5671,43000
5672,13000
5673,47000
5674,13000
5675,35000
5676,5000
5677,44000
5678,13000
5679,25000
5680,14000
5681,13000
5682,12000
5683,31000
5684,12000
5685,13000
5686,35000
5687,13000
5688,13000
5689,13000
5690,51000
5691,13000
5692,18000
5693,69000
5694,23000
5695,13000
5696,23000
5697,9200
5698,50000
5699,13000
5700,51000
5701,16000
5702,61000
5703,9000
5704,69000
5705,50000
5706,21000
5707,38000
5708,16000
5709,13000
5710,61000
5711,13000
5712,27000
5713,13000
5714,40000
5715,14000
5716,12000
5717,13000
5718,43000
5719,58000
5720,6600
5721,2000
5722,20000
5723,12000
5724,25000
5725,25000
5726,13000
5727,13000
5728,12000
5729,37000
5730,13000
5731,35000
5732,6900
5733,48000
5734,17000
5735,69000
5736,34000
5737,13000
5738,69000
5739,42000
5740,50000
5741,24000
5742,50000
5743,22000
5744,31000
5745,7400
5746,12000
5747,31000
5748,12000
5749,7600
5750,12000
5751,6200
5752,33000
5753,26000
5754,20000
5755,13000
5756,7900
5757,5900
5758,31000
5759,12000
5760,14000
5761,13000
5762,38000
5763,30000
5764,54000
5765,32000
5766,10000
5767,43000
5768,48000
5769,25000
5770,7500
5771,12000
5772,31000
5773,3400
5774,17000
5775,17000
5776,13000
5777,12000
5778,12000
5779,37000
5780,3900
5781,11000
5782,13000
5783,10000
5784,13000
5785,23000
5786,2200
5787,8700
5788,13000
5789,3100
5790,57000
5791,9100
5792,19000
5793,40000
5794,5000
5795,17000
5796,47000
5797,37000
5798,10000
5799,48000
5800,19000
5801,8800
5802,41000
5803,16000
5804,12000
5805,40000
5806,12000
5807,39000
5808,53000
5809,37000
5810,30000
5811,12000
5812,25000
5813,69000
5814,12000
5815,46000
5816,28000
5817,14000
5818,13000
5819,28000
5820,4800
5821,13000
5822,13000
5823,8400
5824,69000
5825,21000
5826,24000
5827,58000
5828,12000
5829,32000
5830,30000
5831,13000
5832,8300
5833,5500
5834,8400
5835,12000
5836,12000
5837,69000
5838,12000
5839,69000
5840,29000
5841,12000
5842,12000
5843,15000
5844,69000
5845,69000
5846,13000
5847,12000
5848,13000
5849,27000
5850,32000
5851,17000
5852,46000
5853,11000
5854,3900
5855,9400
5856,30000
5857,7500
5858,15000
5859,34000
5860,32000
5861,27000
5862,31000
5863,11000
5864,13000
5865,17000
5866,52000
5867,15000
5868,9200
5869,69000
5870,11000
5871,7100
5872,21000
5873,61000
5874,32000
5875,9900
5876,12000
5877,25000
5878,5400
5879,17000
5880,46000
5881,7100
5882,17000
5883,68000
5884,53000
5885,13000
5886,13000
5887,53000
5888,14000
5889,18000
5890,47000
5891,17000
5892,24000
5893,56000
5894,19000
5895,13000
5896,37000
5897,52000
5898,16000
5899,69000
5900,15000
5901,12000
5902,21000
5903,19000
5904,51000
5905,12000
5906,13000
5907,26000
5908,13000
5909,43000
5910,12000
5911,53000
5912,3800
5913,12000
5914,1500
5915,12000
5916,4100
5917,12000
5918,27000
5919,22000
5920,27000
5921,29000
5922,25000
5923,13000
5924,12000
5925,51000
5926,18000
5927,17000
5928,12000
5929,45000
5930,12000
5931,16000
5932,33000
5933,13000
5934,5900
5935,12000
5936,13000
5937,13000
5938,10000
5939,3500
5940,12000
5941,12000
5942,27000
5943,12000
5944,25000
5945,31000
5946,19000
5947,33000
5948,10000
5949,9200
5950,65000
5951,4400
5952,54000
5953,13000
5954,19000
5955,43000
5956,11000
5957,43000
5958,19000
5959,6900
5960,12000
5961,45000
5962,69000
5963,69000
5964,12000
5965,9000
5966,44000
5967,9100
5968,58000
5969,13000
5970,13000
5971,30000
5972,21000
5973,40000
5974,41000
5975,15000
5976,22000
5977,12000
5978,22000
5979,35000
5980,24000
5981,36000
5982,55000
5983,46000
5984,31000
5985,8700
5986,9200
5987,30000
5988,24000
5989,15000
5990,11000
5991,43000
5992,18000
5993,12000
5994,5000
5995,33000
5996,13000
5997,24000
5998,57000
5999,5100
6000,12000
6001,31000
6002,13000
6003,12000
6004,31000
6005,24000
6006,12000
6007,26000
6008,7900
6009,6100
6010,51000
6011,8600
6012,12000
6013,12000
6014,35000
6015,13000
6016,43000
6017,11000
6018,13000
6019,52000
6020,12000
6021,12000
6022,13000
6023,42000
6024,16000
6025,12000
6026,29000
6027,13000
6028,7900
6029,69000
6030,36000
6031,57000
6032,21000
6033,69000
6034,7400
6035,63000
6036,40000
6037,22000
6038,14000
6039,1300
6040,12000
6041,21000
6042,12000
6043,36000
6044,37000
6045,60000
6046,22000
6047,5900
6048,45000
6049,40000
6050,4800
6051,5700
6052,22000
6053,9700
6054,12000
6055,12000
6056,22000
6057,16000
6058,14000
6059,12000
6060,20000
6061,45000
6062,43000
6063,69000
6064,17000
6065,8000
6066,13000
6067,12000
6068,59000
6069,18000
6070,540
6071,29000
6072,4500
6073,13000
6074,12000
6075,29000
6076,12000
6077,24000
6078,44000
6079,10000
6080,48000
6081,9200
6082,26000
6083,13000
6084,16000
6085,9800
6086,6900
6087,51000
6088,6900
6089,18000
6090,69000
6091,15000
6092,45000
6093,13000
6094,19000
6095,56000
6096,15000
6097,2700
6098,31000
6099,5100
6100,24000
6101,35000
6102,52000
6103,11000
6104,10000
6105,10000
6106,36000
6107,31000
6108,15000
6109,19000
6110,34000
6111,32000
6112,12000
6113,69000
6114,13000
6115,11000
6116,8500
6117,13000
6118,16000
6119,32000
6120,20000
6121,53000
6122,45000
6123,17000
6124,17000
6125,1900
6126,25000
6127,12000
6128,40000
6129,12000
6130,26000
6131,39000
6132,48000
6133,34000
6134,13000
6135,19000
6136,69000
6137,51000
6138,23000
6139,18000
6140,9100
6141,12000
6142,27000
6143,13000
6144,7500
6145,26000
6146,16000
6147,33000
6148,29000
6149,9500
6150,12000
6151,58000
6152,19000
6153,12000
6154,43000
6155,59000
6156,12000
6157,57000
6158,53000
6159,20000
6160,35000
6161,13000
6162,15000
6163,21000
6164,33000
6165,34000
6166,36000
6167,13000
6168,13000
6169,62000
6170,49000
6171,31000
6172,42000
6173,50000
6174,33000
6175,16000
6176,6300
6177,13000
6178,10000
6179,12000
6180,13000
6181,27000
6182,52000
6183,16000
6184,46000
6185,13000
6186,41000
6187,22000
6188,13000
6189,29000
6190,54000
6191,44000
6192,10000
6193,16000
6194,6500
6195,45000
6196,11000
6197,8000
6198,22000
6199,39000
6200,10000
6201,28000
6202,17000
6203,21000
6204,12000
6205,13000
6206,52000
6207,5300
6208,24000
6209,13000
6210,15000
6211,26000
6212,61000
6213,12000
6214,12000
6215,41000
6216,35000
6217,22000
6218,12000
6219,29000
6220,12000
6221,18000
6222,45000
6223,7200
6224,12000
6225,27000
6226,17000
6227,22000
6228,61000
6229,28000
6230,5100
6231,69000
6232,56000
6233,25000
6234,42000
6235,46000
6236,44000
6237,32000
6238,55000
6239,11000
6240,69000
6241,13000
6242,46000
6243,31000
6244,20000
6245,56000
6246,13000
6247,43000
6248,43000
6249,13000
6250,12000
6251,47000
6252,17000
6253,12000
6254,13000
6255,52000
6256,58000
6257,13000
6258,43000
6259,46000
6260,8800
6261,68000
6262,11000
6263,23000
6264,41000
6265,41000
6266,21000
6267,31000
6268,12000
6269,39000
6270,15000
6271,38000
6272,41000
6273,14000
6274,5500
6275,49000
6276,58000
6277,31000
6278,13000
6279,41000
6280,12000
6281,32000
6282,46000
6283,36000
6284,58000
6285,30000
6286,41000
6287,13000
6288,18000
6289,21000
6290,64000
6291,31000
6292,52000
6293,29000
6294,54000
6295,31000
6296,51000
6297,15000
6298,69000
6299,13000
6300,22000
6301,10000
6302,50000
6303,13000
6304,14000
6305,12000
6306,12000
6307,38000
6308,13000
6309,52000
6310,9600
6311,32000
6312,67000
6313,50000
6314,45000
6315,12000
6316,13000
6317,14000
6318,19000
6319,45000
6320,11000
6321,33000
6322,28000
6323,5300
6324,55000
6325,12000
6326,12000
6327,44000
6328,69000
6329,6700
6330,12000
6331,30000
6332,12000
6333,12000
6334,6300
6335,22000
6336,3600
6337,12000
6338,69000
6339,23000
6340,51000
6341,38000
6342,52000
6343,8600
6344,13000
6345,34000
6346,41000
6347,13000
6348,39000
6349,13000
6350,25000
6351,20000
6352,43000
6353,12000
6354,20000
6355,41000
6356,64000
6357,15000
6358,22000
6359,13000
6360,14000
6361,3100
6362,22000
6363,26000
6364,12000
6365,13000
6366,18000
6367,10000
6368,13000
6369,16000
6370,15000
6371,13000
6372,13000
6373,2800
6374,37000
6375,24000
6376,27000
6377,27000
6378,51000
6379,50000
6380,50000
6381,5600
6382,57000
6383,39000
6384,15000
6385,12000
6386,7500
6387,45000
6388,33000
6389,13000
6390,12000
6391,26000
6392,30000
6393,36000
6394,69000
6395,26000
6396,44000
6397,12000
6398,47000
6399,13000
6400,53000
6401,33000
6402,12000
6403,12000
6404,20000
6405,55000
6406,12000
6407,12000
6408,35000
6409,51000
6410,13000
6411,13000
6412,55000
6413,21000
6414,4100
6415,7400
6416,5500
6417,14000
6418,11000
6419,22000
6420,21000
6421,69000
6422,38000
6423,26000
6424,27000
6425,12000
6426,52000
6427,27000
6428,69000
6429,13000
6430,12000
6431,20000
6432,4500
6433,12000
6434,33000
6435,52000
6436,20000
6437,13000
6438,26000
6439,59000
6440,27000
6441,13000
6442,3000
6443,7900
6444,7200
6445,8000
6446,13000
6447,8200
6448,6400
6449,64000
6450,1700
6451,33000
6452,12000
6453,37000
6454,51000
6455,7800
6456,13000
6457,38000
6458,31000
6459,13000
6460,13000
6461,4700
6462,32000
6463,5500
6464,12000
6465,22000
6466,69000
6467,22000
6468,31000
6469,12000
6470,38000
6471,69000
6472,4300
6473,16000
6474,46000
6475,13000
6476,42000
6477,23000
6478,13000
6479,6600
6480,58000
6481,69000
6482,4700
6483,13000
6484,1700
6485,13000
6486,13000
6487,28000
6488,36000
6489,30000
6490,47000
6491,12000
6492,44000
6493,35000
6494,14000
6495,12000
6496,32000
6497,13000
6498,13000
6499,13000
6500,38000
6501,13000
6502,13000
6503,1900
6504,13000
6505,2200
6506,12000
6507,3600
6508,20000
6509,8600
6510,35000
6511,47000
6512,41000
6513,7400
6514,12000
6515,53000
6516,7800
6517,47000
6518,38000
6519,13000
6520,7100
6521,13000
6522,30000
6523,2700
6524,41000
6525,13000
6526,16000
6527,19000
6528,22000
6529,69000
6530,58000
6531,6400
6532,13000
6533,13000
6534,13000
6535,31000
6536,12000
6537,26000
6538,17000
6539,13000
6540,25000
6541,36000
6542,42000
6543,13000
6544,12000
6545,34000
6546,32000
6547,31000
6548,26000
6549,38000
6550,39000
6551,40000
6552,32000
6553,13000
6554,13000
6555,49000
6556,28000
6557,1500
6558,39000
6559,18000
6560,13000
6561,14000
6562,13000
6563,46000
6564,46000
6565,12000
6566,69000
6567,12000
6568,12000
6569,5200
6570,13000
6571,25000
6572,44000
6573,4500
6574,28000
6575,39000
6576,22000
6577,12000
6578,13000
6579,13000
6580,69000
6581,13000
6582,14000
6583,22000
6584,42000
6585,47000
6586,14000
6587,5600
6588,12000
6589,54000
6590,11000
6591,27000
6592,13000
6593,9900
6594,52000
6595,69000
6596,13000
6597,43000
6598,13000
6599,50000
6600,22000
6601,40000
6602,12000
6603,35000
6604,9600
6605,7100
6606,66000
6607,46000
6608,63000
6609,53000
6610,26000
6611,15000
6612,12000
6613,12000
6614,3400
6615,5000
6616,11000
6617,12000
6618,8400
6619,29000
6620,15000
6621,12000
6622,28000
6623,69000
6624,44000
6625,6200
6626,34000
6627,13000
6628,56000
6629,16000
6630,13000
6631,30000
6632,25000
6633,69000
6634,42000
6635,13000
6636,13000
6637,54000
6638,5900
6639,44000
6640,38000
6641,43000
6642,58000
6643,21000
6644,12000
6645,6900
6646,35000
6647,27000
6648,13000
6649,13000
6650,25000
6651,9400
6652,4300
6653,24000
6654,12000
6655,25000
6656,12000
6657,22000
6658,13000
6659,12000
6660,63000
6661,45000
6662,13000
6663,69000
6664,16000
6665,5500
6666,13000
6667,49000
6668,12000
6669,40000
6670,12000
6671,17000
6672,37000
6673,21000
6674,7600
6675,9500
6676,47000
6677,41000
6678,16000
6679,34000
6680,12000
6681,37000
6682,49000
6683,46000
6684,29000
6685,27000
6686,13000
6687,43000
6688,26000
6689,12000
6690,21000
6691,23000
6692,20000
6693,34000
6694,530
6695,13000
6696,41000
6697,51000
6698,26000
6699,13000
6700,35000
6701,57000
6702,9700
6703,13000
6704,32000
6705,29000
6706,67000
6707,7900
6708,27000
6709,12000
6710,13000
6711,14000
6712,22000
6713,11000
6714,13000
6715,29000
6716,22000
6717,13000
6718,12000
6719,37000
6720,43000
6721,41000
6722,35000
6723,18000
6724,18000
6725,32000
6726,18000
6727,51000
6728,13000
6729,18000
6730,51000
6731,69000
6732,20000
6733,59000
6734,5900
6735,13000
6736,8300
6737,39000
6738,23000
6739,13000
6740,13000
6741,35000
6742,17000
6743,50000
6744,26000
6745,66000
6746,12000
6747,13000
6748,13000
6749,13000
6750,32000
6751,13000
6752,39000
6753,12000
6754,13000
6755,13000
6756,41000
6757,20000
6758,13000
6759,24000
6760,69000
6761,56000
6762,7900
6763,20000
6764,46000
6765,32000
6766,15000
6767,22000
6768,10000
6769,69000
6770,12000
6771,63000
6772,13000
6773,21000
6774,33000
6775,23000
6776,58000
6777,69000
6778,12000
6779,43000
6780,17000
6781,69000
6782,21000
6783,61000
6784,26000
6785,26000
6786,26000
6787,51000
6788,69000
6789,29000
6790,43000
6791,3600
6792,17000
6793,6100
6794,4900
6795,27000
6796,32000
6797,37000
6798,35000
6799,5500
6800,13000
6801,26000
6802,61000
6803,2700
6804,31000
6805,27000
6806,22000
6807,57000
6808,47000
6809,47000
6810,23000
6811,24000
6812,54000
6813,19000
6814,39000
6815,15000
6816,7800
6817,13000
6818,17000
6819,49000
6820,1800
6821,39000
6822,21000
6823,10000
6824,27000
6825,26000
6826,11000
6827,12000
6828,12000
6829,30000
6830,24000
6831,12000
6832,29000
6833,24000
6834,26000
6835,30000
6836,37000
6837,260
6838,8200
6839,2500
6840,18000
6841,52000
6842,13000
6843,10000
6844,13000
6845,69000
6846,47000
6847,39000
6848,44000
6849,20000
6850,7900
6851,17000
6852,13000
6853,16000
6854,12000
6855,44000
6856,12000
6857,48000
6858,17000
6859,31000
6860,11000
6861,13000
6862,13000
6863,24000
6864,12000
6865,13000
6866,50000
6867,16000
6868,29000
6869,12000
6870,25000
6871,24000
6872,13000
6873,21000
6874,13000
6875,46000
6876,11000
6877,13000
6878,29000
6879,13000
6880,12000
6881,31000
6882,69000
6883,36000
6884,69000
6885,17000
6886,7900
6887,34000
6888,41000
6889,21000
6890,12000
6891,62000
6892,11000
6893,13000
6894,43000
6895,11000
6896,33000
6897,13000
6898,39000
6899,31000
6900,10000
6901,69000
6902,22000
6903,43000
6904,42000
6905,6400
6906,34000
6907,17000
6908,12000
6909,14000
6910,32000
6911,61000
6912,41000
6913,39000
6914,12000
6915,12000
6916,12000
6917,64000
6918,2200
6919,25000
6920,69000
6921,11000
6922,38000
6923,7600
6924,25000
6925,14000
6926,44000
6927,53000
6928,13000
6929,5700
6930,39000
6931,42000
6932,37000
6933,22000
6934,12000
6935,69000
6936,12000
6937,18000
6938,11000
6939,20000
6940,25000
6941,35000
6942,21000
6943,12000
6944,29000
6945,50000
6946,20000
6947,64000
6948,4300
6949,23000
6950,69000
6951,12000
6952,13000
6953,53000
6954,9700
6955,19000
6956,41000
6957,13000
6958,45000
6959,12000
6960,17000
6961,45000
6962,49000
6963,39000
6964,57000
6965,42000
6966,13000
6967,9800
6968,15000
6969,13000
6970,29000
6971,8900
6972,7000
6973,12000
6974,14000
6975,9500
6976,4800
6977,13000
6978,28000
6979,25000
6980,12000
6981,57000
6982,19000
6983,13000
6984,12000
6985,27000
6986,43000
6987,15000
6988,29000
6989,69000
6990,5800
6991,19000
6992,17000
6993,11000
6994,12000
6995,69000
6996,12000
6997,12000
6998,8800
6999,47000
7000,13000
7001,27000
7002,26000
7003,4600
7004,13000
7005,25000
7006,7100
7007,13000
7008,31000
7009,30000
7010,35000
7011,13000
7012,52000
7013,12000
7014,11000
7015,48000
7016,67000
7017,39000
7018,50000
7019,12000
7020,7400
7021,27000
7022,22000
7023,12000
7024,13000
7025,59000
7026,13000
7027,24000
7028,13000
7029,12000
7030,19000
7031,24000
7032,31000
7033,69000
7034,35000
7035,12000
7036,12000
7037,52000
7038,37000
7039,43000
7040,13000
7041,13000
7042,47000
7043,6100
7044,12000
7045,22000
7046,6400
7047,10000
7048,52000
7049,43000
7050,6200
7051,52000
7052,19000
7053,13000
7054,44000
7055,4900
7056,34000
7057,65000
7058,21000
7059,13000
7060,28000
7061,5400
7062,19000
7063,12000
7064,7700
7065,45000
7066,46000
7067,49000
7068,13000
7069,16000
7070,22000
7071,12000
7072,35000
7073,7200
7074,28000
7075,51000
7076,11000
7077,35000
7078,13000
7079,9800
7080,14000
7081,39000
7082,31000
7083,6700
7084,69000
7085,21000
7086,22000
7087,69000
7088,13000
7089,54000
7090,14000
7091,69000
7092,12000
7093,3800
7094,11000
7095,13000
7096,69000
7097,57000
7098,69000
7099,69000
7100,33000
7101,32000
7102,12000
7103,20000
7104,44000
7105,10000
7106,21000
7107,37000
7108,38000
7109,11000
7110,20000
7111,27000
7112,36000
7113,3300
7114,12000
7115,13000
7116,6600
7117,8300
7118,69000
7119,12000
7120,8700
7121,19000
7122,5600
7123,34000
7124,29000
7125,15000
7126,13000
7127,69000
7128,69000
7129,4000
7130,28000
7131,29000
7132,22000
7133,9900
7134,59000
7135,13000
7136,20000
7137,33000
7138,13000
7139,9700
7140,43000
7141,37000
7142,28000
7143,52000
7144,40000
7145,58000
7146,7600
7147,23000
7148,58000
7149,48000
7150,41000
7151,43000
7152,24000
7153,12000
7154,13000
7155,32000
7156,26000
7157,13000
7158,37000
7159,12000
7160,13000
7161,37000
7162,15000
7163,12000
7164,66000
7165,16000
7166,49000
7167,21000
7168,13000
7169,48000
7170,34000
7171,12000
7172,28000
7173,38000
7174,36000
7175,31000
7176,13000
7177,43000
7178,25000
7179,5800
7180,13000
7181,12000
7182,14000
7183,28000
7184,29000
7185,15000
7186,26000
7187,13000
7188,32000
7189,12000
7190,48000
7191,12000
7192,53000
7193,69000
7194,41000
7195,9300
7196,12000
7197,12000
7198,5600
7199,63000
7200,5100
7201,13000
7202,6400
7203,12000
7204,16000
7205,36000
7206,18000
7207,20000
7208,880
7209,8500
7210,14000
7211,12000
7212,45000
7213,5300
7214,12000
7215,32000
7216,25000
7217,27000
7218,13000
7219,19000
7220,33000
7221,16000
7222,8500
7223,21000
7224,13000
7225,12000
7226,13000
7227,13000
7228,69000
7229,51000
7230,13000
7231,33000
7232,5800
7233,12000
7234,31000
7235,21000
7236,6900
7237,69000
7238,25000
7239,37000
7240,13000
7241,8000
7242,38000
7243,31000
7244,35000
7245,36000
7246,69000
7247,18000
7248,14000
7249,27000
7250,50000
7251,12000
7252,2100
7253,18000
7254,31000
7255,9100
7256,54000
7257,12000
7258,27000
7259,4600
7260,20000
7261,12000
7262,13000
7263,22000
7264,6300
7265,49000
7266,55000
7267,4300
7268,52000
7269,13000
7270,11000
7271,51000
7272,40000
7273,13000
7274,33000
7275,12000
7276,8800
7277,8700
7278,13000
7279,11000
7280,46000
7281,31000
7282,51000
7283,12000
7284,34000
7285,12000
7286,20000
7287,20000
7288,31000
7289,12000
7290,13000
7291,66000
7292,40000
7293,55000
7294,57000
7295,6100
7296,33000
7297,52000
7298,13000
7299,27000
7300,4100
7301,69000
7302,10000
7303,4200
7304,6100
7305,12000
7306,19000
7307,30000
7308,17000
7309,39000
7310,9800
7311,26000
7312,58000
7313,45000
7314,53000
7315,58000
7316,21000
7317,62000
7318,67000
7319,24000
7320,32000
7321,4200
7322,6300
7323,27000
7324,13000
7325,23000
7326,43000
7327,35000
7328,12000
7329,28000
7330,9400
7331,66000
7332,56000
7333,12000
7334,41000
7335,4100
7336,21000
7337,15000
7338,69000
7339,6100
7340,60000
7341,20000
7342,260
7343,12000
7344,9000
7345,69000
7346,11000
7347,25000
7348,44000
7349,40000
7350,19000
7351,23000
7352,32000
7353,12000
7354,5500
7355,32000
7356,4300
7357,1300
7358,41000
7359,51000
7360,69000
7361,24000
7362,10000
7363,58000
7364,42000
7365,41000
7366,60000
7367,13000
7368,12000
7369,52000
7370,22000
7371,13000
7372,12000
7373,28000
7374,30000
7375,38000
7376,38000
7377,1200
7378,10000
7379,16000
7380,4400
7381,51000
7382,13000
7383,12000
7384,46000
7385,23000
7386,480
7387,23000
7388,50000
7389,3400
7390,41000
7391,35000
7392,18000
7393,35000
7394,12000
7395,13000
7396,13000
7397,24000
7398,42000
7399,12000
7400,12000
7401,21000
7402,33000
7403,5700
7404,13000
7405,12000
7406,52000
7407,30000
7408,24000
7409,56000
7410,12000
7411,13000
7412,15000
7413,48000
7414,6300
7415,14000
7416,5100
7417,44000
7418,18000
7419,12000
7420,44000
7421,13000
7422,32000
7423,13000
7424,8500
7425,1400
7426,12000
7427,32000
7428,16000
7429,23000
7430,990
7431,25000
7432,24000
7433,37000
7434,18000
7435,19000
7436,4300
7437,12000
7438,53000
7439,13000
7440,47000
7441,48000
7442,27000
7443,38000
7444,17000
7445,28000
7446,13000
7447,27000
7448,45000
7449,28000
7450,44000
7451,34000
7452,12000
7453,12000
7454,31000
7455,4800
7456,4600
7457,13000
7458,12000
7459,50000
7460,4800
7461,32000
7462,10000
7463,30000
7464,49000
7465,34000
7466,12000
7467,30000
7468,32000
7469,27000
7470,24000
7471,8900
7472,12000
7473,13000
7474,52000
7475,6100
7476,2900
7477,12000
7478,3100
7479,12000
7480,44000
7481,20000
7482,38000
7483,69000
7484,7900
7485,12000
7486,5100
7487,13000
7488,33000
7489,8600
7490,12000
7491,11000
7492,43000
7493,12000
7494,16000
7495,37000
7496,68000
7497,12000
7498,13000
7499,17000
7500,11000
7501,28000
7502,26000
7503,13000
7504,25000
7505,24000
7506,25000
7507,50000
7508,34000
7509,28000
7510,24000
7511,12000
7512,27000
7513,28000
7514,27000
7515,69000
7516,25000
7517,13000
7518,15000
7519,13000
7520,19000
7521,37000
7522,5600
7523,69000
7524,7200
7525,29000
7526,12000
7527,30000
7528,15000
7529,13000
7530,35000
7531,13000
7532,1600
7533,41000
7534,69000
7535,13000
7536,13000
7537,10000
7538,25000
7539,30000
7540,33000
7541,6000
7542,12000
7543,5200
7544,27000
7545,13000
7546,51000
7547,47000
7548,64000
7549,13000
7550,16000
7551,16000
7552,15000
7553,63000
7554,43000
7555,12000
7556,31000
7557,29000
7558,43000
7559,67000
7560,24000
7561,49000
7562,51000
7563,9300
7564,4400
7565,47000
7566,5900
7567,12000
7568,13000
7569,13000
7570,33000
7571,18000
7572,38000
7573,4600
7574,13000
7575,12000
7576,13000
7577,19000
7578,12000
7579,13000
7580,48000
7581,61000
7582,4800
7583,13000
7584,28000
7585,60000
7586,59000
7587,7100
7588,8000
7589,12000
7590,35000
7591,13000
7592,13000
7593,69000
7594,9700
7595,13000
7596,17000
7597,18000
7598,15000
7599,32000
7600,33000
7601,31000
7602,8200
7603,7800
7604,13000
7605,13000
7606,13000
7607,5000
7608,12000
7609,24000
7610,16000
7611,38000
7612,25000
7613,15000
7614,32000
7615,69000
7616,27000
7617,47000
7618,26000
7619,49000
7620,33000
7621,29000
7622,17000
7623,22000
7624,50000
7625,10000
7626,13000
7627,51000
7628,13000
7629,12000
7630,19000
7631,13000
7632,15000
7633,69000
7634,12000
7635,24000
7636,24000
7637,28000
7638,43000
7639,18000
7640,8100
7641,12000
7642,27000
7643,27000
7644,16000
7645,12000
7646,9400
7647,55000
7648,12000
7649,9300
7650,41000
7651,9900
7652,12000
7653,33000
7654,44000
7655,32000
7656,11000
7657,39000
7658,13000
7659,26000
7660,30000
7661,2700
7662,18000
7663,17000
7664,39000
7665,55000
7666,5000
7667,12000
7668,13000
7669,22000
7670,32000
7671,15000
7672,22000
7673,7400
7674,30000
7675,18000
7676,45000
7677,13000
7678,9800
7679,13000
7680,69000
7681,13000
7682,32000
7683,12000
7684,37000
7685,28000
7686,5000
7687,38000
7688,26000
7689,55000
7690,12000
7691,35000
7692,12000
7693,12000
7694,7400
7695,65000
7696,35000
7697,52000
7698,17000
7699,23000
7700,32000
7701,32000
7702,12000
7703,4300
7704,13000
7705,12000
7706,44000
7707,33000
7708,12000
7709,42000
7710,3100
7711,12000
7712,1800
7713,12000
7714,49000
7715,41000
7716,12000
7717,69000
7718,46000
7719,3400
7720,5100
7721,41000
7722,11000
7723,17000
7724,67000
7725,7700
7726,33000
7727,5800
7728,12000
7729,13000
7730,19000
7731,8300
7732,11000
7733,69000
7734,18000
7735,9200
7736,19000
7737,19000
7738,13000
7739,25000
7740,19000
7741,33000
7742,6200
7743,35000
7744,59000
7745,52000
7746,12000
7747,44000
7748,13000
7749,52000
7750,17000
7751,21000
7752,29000
7753,11000
7754,36000
7755,47000
7756,12000
7757,6500
7758,12000
7759,38000
7760,14000
7761,7500
7762,13000
7763,4300
7764,13000
7765,39000
7766,56000
7767,69000
7768,4900
7769,12000
7770,7700
7771,12000
7772,42000
7773,48000
7774,41000
7775,3800
7776,40000
7777,13000
7778,22000
7779,12000
7780,13000
7781,12000
7782,23000
7783,12000
7784,52000
7785,10000
7786,31000
7787,67000
7788,12000
7789,13000
7790,8400
7791,29000
7792,12000
7793,13000
7794,20000
7795,13000
7796,46000
7797,43000
7798,29000
7799,13000
7800,9400
7801,39000
7802,13000
7803,17000
7804,14000
7805,69000
7806,32000
7807,23000
7808,27000
7809,69000
7810,12000
7811,63000
7812,40000
7813,19000
7814,67000
7815,55000
7816,800
7817,22000
7818,13000
7819,11000
7820,43000
7821,41000
7822,12000
7823,29000
7824,39000
7825,45000
7826,16000
7827,38000
7828,24000
7829,27000
7830,27000
7831,12000
7832,50000
7833,47000
7834,22000
7835,1400
7836,27000
7837,59000
7838,32000
7839,9100
7840,9200
7841,32000
7842,12000
7843,30000
7844,9000
7845,38000
7846,17000
7847,13000
7848,14000
7849,44000
7850,1800
7851,34000
7852,19000
7853,41000
7854,31000
7855,12000
7856,12000
7857,1900
7858,69000
7859,28000
7860,50000
7861,21000
7862,69000
7863,13000
7864,29000
7865,940
7866,21000
7867,13000
7868,13000
7869,47000
7870,31000
7871,42000
7872,24000
7873,47000
7874,13000
7875,41000
7876,31000
7877,13000
7878,19000
7879,12000
7880,16000
7881,23000
7882,13000
7883,35000
7884,10000
7885,27000
7886,2400
7887,13000
7888,13000
7889,37000
7890,26000
7891,25000
7892,9800
7893,57000
7894,4100
7895,9600
7896,33000
7897,18000
7898,4500
7899,12000
7900,11000
7901,52000
7902,52000
7903,37000
7904,14000
7905,44000
7906,15000
7907,14000
7908,11000
7909,19000
7910,9100
7911,12000
7912,1700
7913,12000
7914,27000
7915,43000
7916,67000
7917,64000
7918,40000
7919,12000
7920,13000
7921,46000
7922,42000
7923,36000
7924,41000
7925,66000
7926,13000
7927,57000
7928,33000
7929,28000
7930,31000
7931,12000
7932,69000
7933,20000
7934,16000
7935,12000
7936,13000
7937,57000
7938,17000
7939,50000
7940,45000
7941,13000
7942,16000
7943,13000
7944,22000
7945,13000
7946,21000
7947,2700
7948,21000
7949,12000
7950,14000
7951,12000
7952,37000
7953,64000
7954,13000
7955,30000
7956,41000
7957,26000
7958,31000
7959,12000
7960,25000
7961,17000
7962,29000
7963,6500
7964,24000
7965,26000
7966,48000
7967,26000
7968,9000
7969,37000
7970,27000
7971,12000
7972,13000
7973,15000
7974,15000
7975,19000
7976,44000
7977,51000
7978,12000
7979,69000
7980,12000
7981,64000
7982,13000
7983,38000
7984,5000
7985,20000
7986,23000
7987,32000
7988,39000
7989,6700
7990,5900
7991,12000
7992,9600
7993,7500
7994,35000
7995,21000
7996,13000
7997,3500
7998,4600
7999,36000
8000,46000
8001,39000
8002,20000
8003,4900
8004,12000
8005,42000
8006,69000
8007,42000
8008,4900
8009,12000
8010,36000
8011,10000
8012,13000
8013,14000
8014,32000
8015,12000
8016,20000
8017,11000
8018,17000
8019,30000
8020,6400
8021,49000
8022,38000
8023,40000
8024,22000
8025,69000
8026,39000
8027,26000
8028,27000
8029,38000
8030,12000
8031,50000
8032,24000
8033,35000
8034,7400
8035,38000
8036,12000
8037,13000
8038,26000
8039,12000
8040,13000
8041,14000
8042,28000
8043,12000
8044,47000
8045,69000
8046,17000
8047,9900
8048,28000
8049,47000
8050,13000
8051,14000
8052,33000
8053,13000
8054,41000
8055,33000
8056,13000
8057,39000
8058,41000
8059,4800
8060,10000
8061,63000
8062,17000
8063,13000
8064,13000
8065,20000
8066,13000
8067,12000
8068,40000
8069,20000
8070,35000
8071,47000
8072,9200
8073,38000
8074,12000
8075,8100
8076,12000
8077,69000
8078,14000
8079,49000
8080,8900
8081,28000
8082,33000
8083,13000
8084,6100
8085,22000
8086,6200
8087,13000
8088,4600
8089,9400
8090,13000
8091,13000
8092,11000
8093,32000
8094,69000
8095,10000
8096,13000
8097,29000
8098,13000
8099,43000
8100,13000
8101,43000
8102,21000
8103,26000
8104,58000
8105,5300
8106,12000
8107,24000
8108,28000
8109,26000
8110,31000
8111,8800
8112,57000
8113,69000
8114,41000
8115,12000
8116,69000
8117,7900
8118,29000
8119,47000
8120,69000
8121,42000
8122,44000
8123,25000
8124,43000
8125,8900
8126,22000
8127,17000
8128,12000
8129,9800
8130,52000
8131,13000
8132,49000
8133,15000
8134,13000
8135,13000
8136,18000
8137,41000
8138,12000
8139,20000
8140,13000
8141,25000
8142,21000
8143,22000
8144,13000
8145,10000
8146,13000
8147,29000
8148,44000
8149,69000
8150,12000
8151,18000
8152,9800
8153,17000
8154,44000
8155,27000
8156,33000
8157,36000
8158,39000
8159,56000
8160,28000
8161,19000
8162,12000
8163,12000
8164,9800
8165,33000
8166,51000
8167,4900
8168,29000
8169,24000
8170,16000
8171,12000
8172,12000
8173,43000
8174,30000
8175,31000
8176,58000
8177,7400
8178,8900
8179,19000
8180,69000
8181,32000
8182,31000
8183,7900
8184,15000
8185,25000
8186,30000
8187,9900
8188,20000
8189,12000
8190,13000
8191,16000
8192,45000
8193,6800
8194,22000
8195,13000
8196,13000
8197,12000
8198,12000
8199,25000
8200,27000
8201,36000
8202,13000
8203,62000
8204,45000
8205,52000
8206,25000
8207,24000
8208,22000
8209,10000
8210,26000
8211,13000
8212,7800
8213,13000
8214,13000
8215,10000
8216,13000
8217,12000
8218,41000
8219,13000
8220,13000
8221,69000
8222,13000
8223,13000
8224,53000
8225,12000
8226,46000
8227,69000
8228,40000
8229,11000
8230,8700
8231,18000
8232,4200
8233,9100
8234,47000
8235,5900
8236,55000
8237,14000
8238,12000
8239,12000
8240,49000
8241,3800
8242,13000
8243,35000
8244,22000
8245,12000
8246,13000
8247,33000
8248,33000
8249,12000
8250,13000
8251,7700
8252,31000
8253,42000
8254,13000
8255,49000
8256,11000
8257,57000
8258,28000
8259,47000
8260,35000
8261,41000
8262,13000
8263,27000
8264,12000
8265,12000
8266,6600
8267,13000
8268,13000
8269,69000
8270,12000
8271,26000
8272,9800
8273,17000
8274,13000
8275,49000
8276,16000
8277,39000
8278,13000
8279,21000
8280,8400
8281,7200
8282,48000
8283,28000
8284,9700
8285,50000
8286,25000
8287,31000
8288,6600
8289,6800
8290,15000
8291,30000
8292,23000
8293,45000
8294,7700
8295,16000
8296,1100
8297,9600
8298,4100
8299,12000
8300,12000
8301,69000
8302,41000
8303,12000
8304,65000
8305,12000
8306,13000
8307,8400
8308,13000
8309,13000
8310,34000
8311,12000
8312,2600
8313,69000
8314,52000
8315,23000
8316,68000
8317,13000
8318,23000
8319,42000
8320,7100
8321,20000
8322,24000
8323,31000
8324,38000
8325,28000
8326,13000
8327,24000
8328,20000
8329,8600
8330,40000
8331,42000
8332,2400
8333,12000
8334,46000
8335,9900
8336,14000
8337,52000
8338,53000
8339,44000
8340,44000
8341,7700
8342,38000
8343,12000
8344,7800
8345,13000
8346,11000
8347,7700
8348,12000
8349,27000
8350,12000
8351,20000
8352,28000
8353,13000
8354,26000
8355,38000
8356,20000
8357,33000
8358,35000
8359,24000
8360,27000
8361,12000
8362,12000
8363,13000
8364,51000
8365,43000
8366,20000
8367,3300
8368,12000
8369,36000
8370,17000
8371,11000
8372,3600
8373,12000
8374,62000
8375,6500
8376,13000
8377,3800
8378,47000
8379,6400
8380,13000
8381,58000
8382,33000
8383,24000
8384,29000
8385,3700
8386,18000
8387,33000
8388,12000
8389,7800
8390,52000
8391,12000
8392,13000
8393,12000
8394,23000
8395,31000
8396,13000
8397,3600
8398,60000
8399,44000
8400,12000
8401,52000
8402,29000
8403,60000
8404,9200
8405,13000
8406,12000
8407,12000
8408,13000
8409,69000
8410,33000
8411,60000
8412,8000
8413,27000
8414,22000
8415,49000
8416,43000
8417,40000
8418,18000
8419,19000
8420,38000
8421,12000
8422,13000
8423,15000
8424,7900
8425,12000
8426,44000
8427,69000
8428,8400
8429,12000
8430,12000
8431,28000
8432,57000
8433,7700
8434,13000
8435,46000
8436,13000
8437,50000
8438,5500
8439,69000
8440,16000
8441,12000
8442,12000
8443,27000
8444,12000
8445,10000
8446,14000
8447,6700
8448,69000
8449,12000
8450,12000
8451,18000
8452,12000
8453,3000
8454,13000
8455,4600
8456,31000
8457,22000
8458,62000
8459,9300
8460,35000
8461,21000
8462,14000
8463,30000
8464,13000
8465,30000
8466,22000
8467,19000
8468,13000
8469,35000
8470,5800
8471,19000
8472,12000
8473,28000
8474,24000
8475,20000
8476,12000
8477,9500
8478,19000
8479,13000
8480,12000
8481,12000
8482,26000
8483,8000
8484,12000
8485,39000
8486,38000
8487,24000
8488,18000
8489,22000
8490,14000
8491,13000
8492,17000
8493,14000
8494,15000
8495,17000
8496,12000
8497,11000
8498,12000
8499,23000
8500,44000
8501,65000
8502,9200
8503,14000
8504,32000
8505,16000
8506,36000
8507,12000
8508,11000
8509,35000
8510,30000
8511,32000
8512,3100
8513,21000
8514,15000
8515,19000
8516,18000
8517,59000
8518,12000
8519,26000
8520,10000
8521,36000
8522,33000
8523,24000
8524,25000
8525,6400
8526,55000
8527,38000
8528,12000
8529,30000
8530,8600
8531,26000
8532,6900
8533,45000
8534,33000
8535,15000
8536,6300
8537,65000
8538,22000
8539,12000
8540,13000
8541,12000
8542,52000
8543,29000
8544,4700
8545,32000
8546,18000
8547,51000
8548,15000
8549,12000
8550,5700
8551,16000
8552,13000
8553,19000
8554,3700
8555,27000
8556,60000
8557,7700
8558,12000
8559,43000
8560,32000
8561,50000
8562,12000
8563,35000
8564,45000
8565,12000
8566,31000
8567,32000
8568,32000
8569,52000
8570,14000
8571,13000
8572,35000
8573,27000
8574,35000
8575,25000
8576,4700
8577,12000
8578,40000
8579,50000
8580,8800
8581,47000
8582,24000
8583,42000
8584,13000
8585,13000
8586,21000
8587,40000
8588,3800
8589,5700
8590,13000
8591,43000
8592,27000
8593,7600
8594,52000
8595,69000
8596,13000
8597,13000
8598,28000
8599,47000
8600,1100
8601,53000
8602,13000
8603,13000
8604,9800
8605,37000
8606,11000
8607,44000
8608,13000
8609,13000
8610,26000
8611,69000
8612,13000
8613,10000
8614,69000
8615,26000
8616,13000
8617,5200
8618,5500
8619,24000
8620,25000
8621,29000
8622,2400
8623,34000
8624,56000
8625,32000
8626,13000
8627,21000
8628,8300
8629,6000
8630,19000
8631,13000
8632,35000
8633,12000
8634,18000
8635,29000
8636,44000
8637,28000
8638,3300
8639,13000
8640,23000
8641,60000
8642,13000
8643,49000
8644,13000
8645,7400
8646,11000
8647,21000
8648,12000
8649,28000
8650,13000
8651,17000
8652,19000
8653,5500
8654,13000
8655,13000
8656,33000
8657,23000
8658,33000
8659,44000
8660,28000
8661,13000
8662,13000
8663,13000
8664,21000
8665,33000
8666,25000
8667,19000
8668,33000
8669,12000
8670,36000
8671,13000
8672,5200
8673,44000
8674,15000
8675,6100
8676,62000
8677,31000
8678,31000
8679,15000
8680,12000
8681,28000
8682,18000
8683,13000
8684,5300
8685,12000
8686,32000
8687,32000
8688,10000
8689,68000
8690,54000
8691,69000
8692,12000
8693,48000
8694,40000
8695,12000
8696,12000
8697,12000
8698,69000
8699,13000
8700,22000
8701,10000
8702,12000
8703,24000
8704,22000
8705,17000
8706,69000
8707,31000
8708,58000
8709,13000
8710,43000
8711,31000
8712,12000
8713,37000
8714,13000
8715,27000
8716,13000
8717,7000
8718,25000
8719,42000
8720,11000
8721,48000
8722,26000
8723,40000
8724,34000
8725,69000
8726,1800
8727,45000
8728,41000
8729,13000
8730,69000
8731,6600
8732,15000
8733,13000
8734,54000
8735,8300
8736,11000
8737,30000
8738,12000
8739,37000
8740,11000
8741,22000
8742,20000
8743,8400
8744,13000
8745,12000
8746,31000
8747,17000
8748,12000
8749,5100
8750,46000
8751,56000
8752,9500
8753,28000
8754,21000
8755,34000
8756,10000
8757,7500
8758,2300
8759,4800
8760,6500
8761,16000
8762,13000
8763,49000
8764,29000
8765,5200
8766,8900
8767,16000
8768,42000
8769,17000
8770,12000
8771,12000
8772,18000
8773,12000
8774,13000
8775,56000
8776,13000
8777,46000
8778,11000
8779,35000
8780,12000
8781,21000
8782,39000
8783,12000
8784,12000
8785,35000
8786,7800
8787,13000
8788,16000
8789,24000
8790,30000
8791,38000
8792,40000
8793,12000
8794,44000
8795,54000
8796,21000
8797,15000
8798,33000
8799,69000
8800,25000
8801,12000
8802,18000
8803,12000
8804,67000
8805,58000
8806,9900
8807,6600
8808,25000
8809,13000
8810,40000
8811,23000
8812,6900
8813,60000
8814,29000
8815,30000
8816,13000
8817,27000
8818,12000
8819,9400
8820,13000
8821,20000
8822,46000
8823,13000
8824,18000
8825,69000
8826,17000
8827,31000
8828,6500
8829,53000
8830,52000
8831,13000
8832,12000
8833,39000
8834,7200
8835,42000
8836,16000
8837,15000
8838,13000
8839,11000
8840,13000
8841,13000
8842,21000
8843,39000
8844,10000
8845,3100
8846,3400
8847,13000
8848,24000
8849,12000
8850,57000
8851,7300
8852,57000
8853,41000
8854,12000
8855,42000
8856,6600
8857,39000
8858,4800
8859,27000
8860,26000
8861,28000
8862,40000
8863,13000
8864,11000
8865,69000
8866,24000
8867,22000
8868,14000
8869,22000
8870,12000
8871,44000
8872,24000
8873,10000
8874,13000
8875,9100
8876,25000
8877,12000
8878,69000
8879,15000
8880,50000
8881,5100
8882,13000
8883,12000
8884,13000
8885,12000
8886,5800
8887,24000
8888,13000
8889,15000
8890,13000
8891,58000
8892,41000
8893,11000
8894,41000
8895,41000
8896,7200
8897,43000
8898,7800
8899,43000
8900,67000
8901,14000
8902,69000
8903,24000
8904,15000
8905,35000
8906,29000
8907,9600
8908,12000
8909,33000
8910,39000
8911,40000
8912,47000
8913,44000
8914,13000
8915,13000
8916,69000
8917,44000
8918,10000
8919,6300
8920,58000
8921,37000
8922,23000
8923,12000
8924,43000
8925,12000
8926,6500
8927,38000
8928,20000
8929,15000
8930,22000
8931,5600
8932,18000
8933,49000
8934,24000
8935,14000
8936,12000
8937,41000
8938,38000
8939,69000
8940,12000
8941,44000
8942,59000
8943,4200
8944,10000
8945,69000
8946,28000
8947,7200
8948,69000
8949,41000
8950,24000
8951,5000
8952,31000
8953,22000
8954,4000
8955,12000
8956,26000
8957,69000
8958,23000
8959,13000
8960,69000
8961,33000
8962,41000
8963,19000
8964,27000
8965,50000
8966,12000
8967,29000
8968,12000
8969,8400
8970,21000
8971,4400
8972,38000
8973,69000
8974,17000
8975,15000
8976,32000
8977,12000
8978,19000
8979,26000
8980,13000
8981,60000
8982,43000
8983,17000
8984,13000
8985,13000
8986,43000
8987,25000
8988,13000
8989,22000
8990,28000
8991,49000
8992,48000
8993,47000
8994,68000
8995,24000
8996,31000
8997,27000
8998,1900
8999,13000
9000,12000
9001,13000
9002,12000
9003,6100
9004,25000
9005,30000
9006,41000
9007,4500
9008,13000
9009,41000
9010,29000
9011,13000
9012,1600
9013,54000
9014,18000
9015,12000
9016,4700
9017,35000
9018,36000
9019,19000
9020,31000
9021,13000
9022,5300
9023,36000
9024,13000
9025,13000
9026,33000
9027,41000
9028,14000
9029,36000
9030,22000
9031,37000
9032,37000
9033,44000
9034,46000
9035,6700
9036,49000
9037,13000
9038,12000
9039,34000
9040,21000
9041,11000
9042,7000
9043,6700
9044,24000
9045,13000
9046,7100
9047,9600
9048,8100
9049,7300
9050,12000
9051,8900
9052,18000
9053,13000
9054,60000
9055,2700
9056,25000
9057,69000
9058,24000
9059,9700
9060,6900
9061,25000
9062,12000
9063,4800
9064,30000
9065,56000
9066,8400
9067,12000
9068,66000
9069,22000
9070,31000
9071,20000
9072,39000
9073,9300
9074,69000
9075,35000
9076,28000
9077,21000
9078,63000
9079,13000
9080,34000
9081,2100
9082,7800
9083,40000
9084,12000
9085,30000
9086,13000
9087,16000
9088,15000
9089,7600
9090,42000
9091,5400
9092,12000
9093,3600
9094,51000
9095,57000
9096,38000
9097,69000
9098,8100
9099,12000
9100,26000
9101,8600
9102,66000
9103,7800
9104,13000
9105,59000
9106,12000
9107,30000
9108,2600
9109,65000
9110,20000
9111,13000
9112,16000
9113,13000
9114,9700
9115,30000
9116,57000
9117,69000
9118,12000
9119,11000
9120,54000
9121,13000
9122,12000
9123,52000
9124,13000
9125,25000
9126,58000
9127,28000
9128,33000
9129,12000
9130,5500
9131,6400
9132,13000
9133,11000
9134,13000
9135,42000
9136,8300
9137,37000
9138,13000
9139,69000
9140,16000
9141,25000
9142,35000
9143,24000
9144,13000
9145,47000
9146,29000
9147,7000
9148,35000
9149,5800
9150,52000
9151,21000
9152,12000
9153,24000
9154,48000
9155,38000
9156,29000
9157,5600
9158,35000
9159,12000
9160,64000
9161,20000
9162,12000
9163,12000
9164,6600
9165,13000
9166,12000
9167,9100
9168,21000
9169,27000
9170,47000
9171,69000
9172,41000
9173,32000
9174,28000
9175,8400
9176,12000
9177,53000
9178,11000
9179,5900
9180,42000
9181,38000
9182,43000
9183,8400
9184,46000
9185,32000
9186,6500
9187,7100
9188,13000
9189,13000
9190,59000
9191,5800
9192,12000
9193,40000
9194,48000
9195,2700
9196,27000
9197,35000
9198,51000
9199,20000
9200,39000
9201,61000
9202,28000
9203,13000
9204,13000
9205,11000
9206,44000
9207,33000
9208,12000
9209,4600
9210,9800
9211,35000
9212,34000
9213,45000
9214,12000
9215,12000
9216,35000
9217,69000
9218,12000
9219,13000
9220,23000
9221,9700
9222,20000
9223,42000
9224,33000
9225,13000
9226,12000
9227,42000
9228,69000
9229,39000
9230,8000
9231,12000
9232,44000
9233,69000
9234,3500
9235,10000
9236,13000
9237,34000
9238,13000
9239,33000
9240,12000
9241,41000
9242,28000
9243,12000
9244,29000
9245,55000
9246,23000
9247,20000
9248,13000
9249,12000
9250,12000
9251,13000
9252,30000
9253,23000
9254,13000
9255,23000
9256,29000
9257,11000
9258,19000
9259,21000
9260,7200
9261,26000
9262,55000
9263,13000
9264,36000
9265,6500
9266,22000
9267,8100
9268,37000
9269,13000
9270,9300
9271,42000
9272,20000
9273,35000
9274,64000
9275,69000
9276,8700
9277,37000
9278,56000
9279,13000
9280,13000
9281,10000
9282,13000
9283,4100
9284,11000
9285,17000
9286,13000
9287,38000
9288,12000
9289,34000
9290,63000
9291,15000
9292,12000
9293,12000
9294,13000
9295,12000
9296,12000
9297,10000
9298,69000
9299,13000
9300,22000
9301,15000
9302,13000
9303,15000
9304,7300
9305,21000
9306,13000
9307,28000
9308,42000
9309,51000
9310,8700
9311,27000
9312,17000
9313,47000
9314,5400
9315,12000
9316,13000
9317,12000
9318,17000
9319,12000
9320,27000
9321,21000
9322,13000
9323,45000
9324,25000
9325,26000
9326,13000
9327,12000
9328,6200
9329,42000
9330,34000
9331,12000
9332,23000
9333,63000
9334,15000
9335,37000
9336,33000
9337,51000
9338,33000
9339,41000
9340,12000
9341,13000
9342,45000
9343,8700
9344,69000
9345,7600
9346,42000
9347,27000
9348,23000
9349,43000
9350,5100
9351,49000
9352,44000
9353,36000
9354,21000
9355,23000
9356,25000
9357,47000
9358,7700
9359,48000
9360,26000
9361,69000
9362,28000
9363,12000
9364,60000
9365,30000
9366,13000
9367,15000
9368,34000
9369,32000
9370,10000
9371,35000
9372,32000
9373,3400
9374,42000
9375,44000
9376,11000
9377,24000
9378,20000
9379,19000
9380,33000
9381,10000
9382,31000
9383,13000
9384,25000
9385,13000
9386,13000
9387,23000
9388,8300
9389,12000
9390,1700
9391,9000
9392,43000
9393,8900
9394,27000
9395,12000
9396,56000
9397,17000
9398,54000
9399,12000
9400,27000
9401,9100
9402,42000
9403,13000
9404,13000
9405,34000
9406,69000
9407,51000
9408,47000
9409,44000
9410,13000
9411,64000
9412,6200
9413,12000
9414,9200
9415,12000
9416,12000
9417,52000
9418,31000
9419,56000
9420,22000
9421,53000
9422,69000
9423,22000
9424,9100
9425,59000
9426,27000
9427,13000
9428,39000
9429,13000
9430,32000
9431,2400
9432,21000
9433,13000
9434,13000
9435,13000
9436,51000
9437,27000
9438,38000
9439,42000
9440,37000
9441,13000
9442,28000
9443,8400
9444,13000
9445,18000
9446,3500
9447,16000
9448,30000
9449,8200
9450,13000
9451,6100
9452,69000
9453,23000
9454,12000
9455,13000
9456,26000
9457,7700
9458,13000
9459,9300
9460,6000
9461,42000
9462,1300
9463,12000
9464,5300
9465,16000
9466,3100
9467,9500
9468,12000
9469,33000
9470,12000
9471,41000
9472,34000
9473,18000
9474,11000
9475,13000
9476,35000
9477,12000
9478,13000
9479,33000
9480,39000
9481,18000
9482,53000
9483,41000
9484,12000
9485,69000
9486,27000
9487,45000
9488,8400
9489,5400
9490,27000
9491,19000
9492,30000
9493,43000
9494,53000
9495,48000
9496,6500
9497,55000
9498,4100
9499,55000
9500,45000
9501,13000
9502,12000
9503,24000
9504,50000
9505,25000
9506,26000
9507,4700
9508,11000
9509,20000
9510,12000
9511,66000
9512,14000
9513,12000
9514,48000
9515,12000
9516,13000
9517,69000
9518,26000
9519,13000
9520,13000
9521,41000
9522,29000
9523,13000
9524,69000
9525,13000
9526,47000
9527,15000
9528,66000
9529,32000
9530,9000
9531,45000
9532,13000
9533,12000
9534,32000
9535,12000
9536,30000
9537,60000
9538,12000
9539,69000
9540,13000
9541,13000
9542,30000
9543,37000
9544,13000
9545,38000
9546,41000
9547,13000
9548,69000
9549,4500
9550,12000
9551,69000
9552,12000
9553,8400
9554,18000
9555,25000
9556,64000
9557,39000
9558,63000
9559,13000
9560,50000
9561,12000
9562,25000
9563,36000
9564,24000
9565,13000
9566,12000
9567,6300
9568,5800
9569,28000
9570,6300
9571,16000
9572,13000
9573,13000
9574,30000
9575,12000
9576,68000
9577,9400
9578,6700
9579,11000
9580,47000
9581,41000
9582,13000
9583,13000
9584,8700
9585,20000
9586,21000
9587,21000
9588,56000
9589,4000
9590,6400
9591,69000
9592,15000
9593,4800
9594,12000
9595,18000
9596,12000
9597,56000
9598,4500
9599,12000
9600,55000
9601,18000
9602,39000
9603,55000
9604,15000
9605,12000
9606,4100
9607,36000
9608,69000
9609,22000
9610,48000
9611,12000
9612,12000
9613,3900
9614,63000
9615,41000
9616,35000
9617,9200
9618,18000
9619,30000
9620,13000
9621,60000
9622,56000
9623,30000
9624,14000
9625,13000
9626,17000
9627,12000
9628,51000
9629,52000
9630,25000
9631,26000
9632,51000
9633,20000
9634,12000
9635,13000
9636,12000
9637,49000
9638,68000
9639,69000
9640,58000
9641,26000
9642,60000
9643,19000
9644,13000
9645,69000
9646,19000
9647,34000
9648,15000
9649,69000
9650,59000
9651,29000
9652,13000
9653,58000
9654,23000
9655,28000
9656,14000
9657,12000
9658,13000
9659,13000
9660,10000
9661,12000
9662,53000
9663,45000
9664,19000
9665,9200
9666,13000
9667,12000
9668,69000
9669,4100
9670,12000
9671,13000
9672,12000
9673,9500
9674,15000
9675,22000
9676,35000
9677,10000
9678,40000
9679,19000
9680,13000
9681,12000
9682,14000
9683,15000
9684,18000
9685,12000
9686,34000
9687,13000
9688,44000
9689,13000
9690,11000
9691,8600
9692,9900
9693,30000
9694,39000
9695,69000
9696,47000
9697,21000
9698,20000
9699,13000
9700,26000
9701,30000
9702,7500
9703,35000
9704,5500
9705,50000
9706,12000
9707,5500
9708,14000
9709,55000
9710,69000
9711,9400
9712,12000
9713,19000
9714,9900
9715,69000
9716,390
9717,27000
9718,25000
9719,7600
9720,33000
9721,37000
9722,55000
9723,17000
9724,28000
9725,13000
9726,33000
9727,12000
9728,25000
9729,49000
9730,6100
9731,26000
9732,43000
9733,19000
9734,31000
9735,19000
9736,13000
9737,8400
9738,7500
9739,5900
9740,16000
9741,16000
9742,13000
9743,18000
9744,37000
9745,28000
9746,30000
9747,16000
9748,8300
9749,38000
9750,22000
9751,20000
9752,11000
9753,54000
9754,27000
9755,42000
9756,13000
9757,58000
9758,12000
9759,33000
9760,3700
9761,38000
9762,7800
9763,13000
9764,17000
9765,49000
9766,36000
9767,54000
9768,26000
9769,7900
9770,53000
9771,12000
9772,12000
9773,11000
9774,19000
9775,53000
9776,22000
9777,13000
9778,1400
9779,39000
9780,51000
9781,18000
9782,30000
9783,16000
9784,13000
9785,18000
9786,13000
9787,12000
9788,12000
9789,24000
9790,26000
9791,16000
9792,33000
9793,13000
9794,13000
9795,22000
9796,13000
9797,36000
9798,56000
9799,56000
9800,12000
9801,12000
9802,35000
9803,13000
9804,35000
9805,42000
9806,29000
9807,13000
9808,25000
9809,41000
9810,12000
9811,13000
9812,29000
9813,27000
9814,38000
9815,24000
9816,3900
9817,13000
9818,5800
9819,33000
9820,13000
9821,13000
9822,8600
9823,4400
9824,42000
9825,13000
9826,19000
9827,5800
9828,69000
9829,13000
9830,12000
9831,42000
9832,26000
9833,43000
9834,19000
9835,35000
9836,33000
9837,48000
9838,32000
9839,31000
9840,13000
9841,26000
9842,13000
9843,23000
9844,53000
9845,22000
9846,4300
9847,14000
9848,23000
9849,39000
9850,13000
9851,6600
9852,69000
9853,69000
9854,13000
9855,27000
9856,36000
9857,12000
9858,36000
9859,8400
9860,43000
9861,42000
9862,55000
9863,13000
9864,6700
9865,12000
9866,38000
9867,38000
9868,5000
9869,35000
9870,31000
9871,66000
9872,13000
9873,29000
9874,13000
9875,2700
9876,12000
9877,22000
9878,13000
9879,6800
9880,1500
9881,13000
9882,32000
9883,8200
9884,11000
9885,5500
9886,35000
9887,44000
9888,27000
9889,31000
9890,6800
9891,67000
9892,40000
9893,40000
9894,45000
9895,27000
9896,13000
9897,29000
9898,11000
9899,13000
9900,42000
9901,64000
9902,31000
9903,37000
9904,4800
9905,2600
9906,22000
9907,26000
9908,15000
9909,27000
9910,12000
9911,56000
9912,18000
9913,12000
9914,3400
9915,12000
9916,31000
9917,5600
9918,12000
9919,17000
9920,7900
9921,28000
9922,24000
9923,12000
9924,43000
9925,35000
9926,24000
9927,1100
9928,58000
9929,62000
9930,12000
9931,10000
9932,12000
9933,33000
9934,42000
9935,32000
9936,30000
9937,63000
9938,12000
9939,13000
9940,33000
9941,13000
9942,44000
9943,35000
9944,27000
9945,15000
9946,12000
9947,21000
9948,10000
9949,68000
9950,9200
9951,19000
9952,28000
9953,61000
9954,12000
9955,14000
9956,22000
9957,19000
9958,13000
9959,12000
9960,9400
9961,55000
9962,10000
9963,36000
9964,13000
9965,15000
9966,12000
9967,69000
9968,7600
9969,12000
9970,69000
9971,11000
9972,40000
9973,16000
9974,45000
9975,27000
9976,9300
9977,16000
9978,69000
9979,16000
9980,56000
9981,17000
9982,44000
9983,34000
9984,12000
9985,19000
9986,11000
9987,6600
9988,12000
9989,39000
9990,13000
9991,12000
9992,38000
9993,12000
9994,12000
9995,55000
9996,55000
9997,6400
9998,24000
9999,28000
